offer_id,title,description,label,code,featured,source,deeplink,affiliate_link,cashback_link,url,image_url,brand_logo,type,store,merchant_home_page,categories,standard_categories,start_date,end_date,status,primary_location,locations,language,rating
9720860,"Save 35% off with Autoship at PetMeds with code: FOOD35","Save 35% off with Autoship at PetMeds with code: FOOD35 - evergreen offer - excluding Merck products","save 35%",FOOD35,No,pepperjam,,https://www.1800petmeds.com/,https://www.1800petmeds.com/,https://www.1800petmeds.com/,,https://brandlogos.org/api/get/images/?brand=1800petmeds.com&size=[size]&format=[format]&token=b061905397e44b387a5590ab545c592b6c8b028195527fb54c787caae0d5b4fa&domain=nectarly.us,Code,1800petmeds.com,https://www.1800petmeds.com/,,"Pet Supplies",2024-04-04,,,"United States of America",US,en,2
13141865,"Πακέτα προσφορών!","Βρείτε συγκεντρωμένα όλα τα πακέτα προσφορών!","Hot Προσφορά",,No,linkwise,,https://www.24home.gr/537/el/,https://www.24home.gr/537/el/,https://www.24home.gr/537/el/,https://affiliate.linkwi.se/files/162167165254d9c3194b8e5.png,https://brandlogos.org/api/get/images/?brand=24home.gr&size=[size]&format=[format]&token=605d634b6494282e527415267d0d990209d323cf8c6b5b5d474dc670b92e9445&domain=nectarly.us,Deal,24home.gr,https://www.24home.gr/,"Είδη Σπιτιού / Κήπος / DIY","Furniture and Decor,Gardening Supplies,Building Supplies",2024-10-06,,,Greece,GR,el,1
13248469,"Have a Big Announcement? Get the Word Out! | 24-7PressRelease.com","Have a Big Announcement? Get the Word Out! | 24-7PressRelease.com","Great Value",,No,cj,,http://www.24-7pressrelease.com/pricing_plans.php,http://www.24-7pressrelease.com/pricing_plans.php,http://www.24-7pressrelease.com/pricing_plans.php,,https://brandlogos.org/api/get/images/?brand=24-7pressrelease.com&size=[size]&format=[format]&token=6cf9dfbc1b43afc21cb9c18fd0a1c8373c7cda0a78fa2a4cb2f63f5b321786c4&domain=nectarly.us,Deal,24-7pressrelease.com,https://www.24-7pressrelease.com/,Marketing,,,,,"United States of America",US,en,1
13248471,"24-7PressRelease.com – Your ticket to publicity and visibility. Boost your revenue. Increase web traffic.","24-7PressRelease.com – Your ticket to publicity and visibility","Save Big",,No,cj,,http://www.24-7pressrelease.com/pricing_plans.php,http://www.24-7pressrelease.com/pricing_plans.php,http://www.24-7pressrelease.com/pricing_plans.php,,https://brandlogos.org/api/get/images/?brand=24-7pressrelease.com&size=[size]&format=[format]&token=6cf9dfbc1b43afc21cb9c18fd0a1c8373c7cda0a78fa2a4cb2f63f5b321786c4&domain=nectarly.us,Deal,24-7pressrelease.com,https://www.24-7pressrelease.com/,Marketing,,,,,"United States of America",US,en,1
13248474,"24-7Pressrelease – Effective press release distribution with results","24-7Pressrelease – Effective press release distribution with results","Save Big",,No,cj,,http://www.24-7pressrelease.com/pricing_plans.php,http://www.24-7pressrelease.com/pricing_plans.php,http://www.24-7pressrelease.com/pricing_plans.php,,https://brandlogos.org/api/get/images/?brand=24-7pressrelease.com&size=[size]&format=[format]&token=6cf9dfbc1b43afc21cb9c18fd0a1c8373c7cda0a78fa2a4cb2f63f5b321786c4&domain=nectarly.us,Deal,24-7pressrelease.com,https://www.24-7pressrelease.com/,Marketing,,,,,"United States of America",US,en,1
13248475,"24-7PressRelease.com – Your ticket to publicity and visibility.","24-7PressRelease.com – Your ticket to publicity and visibility.","Hot Offer",,No,cj,,http://www.24-7pressrelease.com/pricing_plans.php,http://www.24-7pressrelease.com/pricing_plans.php,http://www.24-7pressrelease.com/pricing_plans.php,,https://brandlogos.org/api/get/images/?brand=24-7pressrelease.com&size=[size]&format=[format]&token=6cf9dfbc1b43afc21cb9c18fd0a1c8373c7cda0a78fa2a4cb2f63f5b321786c4&domain=nectarly.us,Deal,24-7pressrelease.com,https://www.24-7pressrelease.com/,Marketing,,,,,"United States of America",US,en,1
13248476,"Publish Your Story to the World | 24-7PressRelease.com","Press Release Distribution 24-7PressRelease.com","Super Offer",,No,cj,,http://www.24-7pressrelease.com/pricing_plans.php,http://www.24-7pressrelease.com/pricing_plans.php,http://www.24-7pressrelease.com/pricing_plans.php,,https://brandlogos.org/api/get/images/?brand=24-7pressrelease.com&size=[size]&format=[format]&token=6cf9dfbc1b43afc21cb9c18fd0a1c8373c7cda0a78fa2a4cb2f63f5b321786c4&domain=nectarly.us,Deal,24-7pressrelease.com,https://www.24-7pressrelease.com/,Marketing,,,,,"United States of America",US,en,1
13248478,"Effective press release distribution service","Press Release service","Hot Offer",,No,cj,,http://www.24-7pressrelease.com/pricing_plans.php,http://www.24-7pressrelease.com/pricing_plans.php,http://www.24-7pressrelease.com/pricing_plans.php,,https://brandlogos.org/api/get/images/?brand=24-7pressrelease.com&size=[size]&format=[format]&token=6cf9dfbc1b43afc21cb9c18fd0a1c8373c7cda0a78fa2a4cb2f63f5b321786c4&domain=nectarly.us,Deal,24-7pressrelease.com,https://www.24-7pressrelease.com/,Marketing,,,,,"United States of America",US,en,1
13248479,"24-7PressRelease.com – Your ticket to publicity and visibility. Boost your revenue. Increase web traffic.","Press Release Distribution 24-7PressRelease.com","Hot Offer",,No,cj,,http://www.24-7pressrelease.com/pricing_plans.php,http://www.24-7pressrelease.com/pricing_plans.php,http://www.24-7pressrelease.com/pricing_plans.php,,https://brandlogos.org/api/get/images/?brand=24-7pressrelease.com&size=[size]&format=[format]&token=6cf9dfbc1b43afc21cb9c18fd0a1c8373c7cda0a78fa2a4cb2f63f5b321786c4&domain=nectarly.us,Deal,24-7pressrelease.com,https://www.24-7pressrelease.com/,Marketing,,,,,"United States of America",US,en,1
13248481,"Spread your news across the net. | 24-7PressRelease.com","Spread your news across the net. | 24-7PressRelease.com","Super Offer",,No,cj,,http://www.24-7pressrelease.com/pricing_plans.php,http://www.24-7pressrelease.com/pricing_plans.php,http://www.24-7pressrelease.com/pricing_plans.php,,https://brandlogos.org/api/get/images/?brand=24-7pressrelease.com&size=[size]&format=[format]&token=6cf9dfbc1b43afc21cb9c18fd0a1c8373c7cda0a78fa2a4cb2f63f5b321786c4&domain=nectarly.us,Deal,24-7pressrelease.com,https://www.24-7pressrelease.com/,Marketing,,,,,"United States of America",US,en,1
13248482,"24-7PressRelease.com – Your ticket to publicity and visibility.","Press Release Service 24-7PressRelease.com","Hot Offer",,No,cj,,http://www.24-7pressrelease.com/pricing_plans.php,http://www.24-7pressrelease.com/pricing_plans.php,http://www.24-7pressrelease.com/pricing_plans.php,,https://brandlogos.org/api/get/images/?brand=24-7pressrelease.com&size=[size]&format=[format]&token=6cf9dfbc1b43afc21cb9c18fd0a1c8373c7cda0a78fa2a4cb2f63f5b321786c4&domain=nectarly.us,Deal,24-7pressrelease.com,https://www.24-7pressrelease.com/,Marketing,Graphics,,,,"United States of America",US,en,1
13248484,"Increase your search engine rankings and drive traffic to your website. | 24-7PressRelease.com","Increase your search engine rankings and drive traffic to your website. | 24-7PressRelease.com","Great Value",,No,cj,,http://www.24-7pressrelease.com/pricing_plans.php,http://www.24-7pressrelease.com/pricing_plans.php,http://www.24-7pressrelease.com/pricing_plans.php,,https://brandlogos.org/api/get/images/?brand=24-7pressrelease.com&size=[size]&format=[format]&token=6cf9dfbc1b43afc21cb9c18fd0a1c8373c7cda0a78fa2a4cb2f63f5b321786c4&domain=nectarly.us,Deal,24-7pressrelease.com,https://www.24-7pressrelease.com/,Marketing,,,,,"United States of America",US,en,1
13248485,"24-7PressRelease.com – Press release service with results.","Press Release Distribution 24-7PressRelease.com","Best Offer",,No,cj,,http://www.24-7pressrelease.com/pricing_plans.php,http://www.24-7pressrelease.com/pricing_plans.php,http://www.24-7pressrelease.com/pricing_plans.php,,https://brandlogos.org/api/get/images/?brand=24-7pressrelease.com&size=[size]&format=[format]&token=6cf9dfbc1b43afc21cb9c18fd0a1c8373c7cda0a78fa2a4cb2f63f5b321786c4&domain=nectarly.us,Deal,24-7pressrelease.com,https://www.24-7pressrelease.com/,Marketing,Graphics,,,,"United States of America",US,en,1
13248486,"Publish Your Story to the World | 24-7PressRelease.com","Publish Your Story to the World | 24-7PressRelease.com","Best Offer",,No,cj,,http://www.24-7pressrelease.com/pricing_plans.php,http://www.24-7pressrelease.com/pricing_plans.php,http://www.24-7pressrelease.com/pricing_plans.php,,https://brandlogos.org/api/get/images/?brand=24-7pressrelease.com&size=[size]&format=[format]&token=6cf9dfbc1b43afc21cb9c18fd0a1c8373c7cda0a78fa2a4cb2f63f5b321786c4&domain=nectarly.us,Deal,24-7pressrelease.com,https://www.24-7pressrelease.com/,Marketing,,,,,"United States of America",US,en,1
18026726,"Exclusive New Customer Offer: Get 20% Off Up to $30 Sitewide at PetMeds with code: NTF","Exclusive New Customer Offer: Get 20% Off Up to $30 Sitewide at PetMeds with code: NTF -- Autoship NOT required, New customers only, Exclusions Apply","20% off",NTF,No,pepperjam,,https://www.1800petmeds.com/,https://www.1800petmeds.com/,https://www.1800petmeds.com/,,https://brandlogos.org/api/get/images/?brand=1800petmeds.com&size=[size]&format=[format]&token=b061905397e44b387a5590ab545c592b6c8b028195527fb54c787caae0d5b4fa&domain=nectarly.us,Code,1800petmeds.com,https://www.1800petmeds.com/,,"Pet Supplies",2025-01-15,,,"United States of America",US,en,2
18026727,"Save 35% Off Sitewide up to $20 with Autoship at PetMeds with code: AUTO35","Save 35% Off Sitewide up to $20 with Autoship at PetMeds with code: AUTO35 -- valid through 12/31/24 -- Exclusions Apply, Autoship Required, Stackable, 1 use per customer","save 35%",AUTO35,No,pepperjam,,https://www.1800petmeds.com/,https://www.1800petmeds.com/,https://www.1800petmeds.com/,,https://brandlogos.org/api/get/images/?brand=1800petmeds.com&size=[size]&format=[format]&token=b061905397e44b387a5590ab545c592b6c8b028195527fb54c787caae0d5b4fa&domain=nectarly.us,Code,1800petmeds.com,https://www.1800petmeds.com/,,"Pet Supplies",2025-01-15,,,"United States of America",US,en,2
18928411,"Save 35% with first AutoShip order + 5% off future Autoship orders at PetMeds!","Save 35% with first AutoShip order + 5% off future Autoship orders at PetMeds using code: SAVE35
See site for details.","save 35%",SAVE35,No,pepperjam,,https://www.1800petmeds.com/,https://www.1800petmeds.com/,https://www.1800petmeds.com/,,https://brandlogos.org/api/get/images/?brand=1800petmeds.com&size=[size]&format=[format]&token=b061905397e44b387a5590ab545c592b6c8b028195527fb54c787caae0d5b4fa&domain=nectarly.us,Code,1800petmeds.com,https://www.1800petmeds.com/,,"Pet Supplies",2022-01-24,,,"United States of America",US,en,2
21078807,"Generate Instant Publicity. Get Your News to Consumers & Journalists. | 24-7PressRelease.com","Press Release Service 24-7PressRelease.com","Great Value",,No,cj,,http://www.24-7pressrelease.com/pricing_plans.php,http://www.24-7pressrelease.com/pricing_plans.php,http://www.24-7pressrelease.com/pricing_plans.php,,https://brandlogos.org/api/get/images/?brand=24-7pressrelease.com&size=[size]&format=[format]&token=6cf9dfbc1b43afc21cb9c18fd0a1c8373c7cda0a78fa2a4cb2f63f5b321786c4&domain=nectarly.us,Deal,24-7pressrelease.com,https://www.24-7pressrelease.com/,Marketing,,,,,"United States of America",US,en,1
21078808,"Instant online visibility. News direct to consumers, journalist, & bloggers. | 24-7PressRelease.com","Press Release Distribution Service 24-7PressRelease.com","Best Offer",,No,cj,,http://www.24-7pressrelease.com/pricing_plans.php,http://www.24-7pressrelease.com/pricing_plans.php,http://www.24-7pressrelease.com/pricing_plans.php,,https://brandlogos.org/api/get/images/?brand=24-7pressrelease.com&size=[size]&format=[format]&token=6cf9dfbc1b43afc21cb9c18fd0a1c8373c7cda0a78fa2a4cb2f63f5b321786c4&domain=nectarly.us,Deal,24-7pressrelease.com,https://www.24-7pressrelease.com/,Marketing,,,,,"United States of America",US,en,1
21078809,"Instant online visibility. News direct to consumers, journalist, & bloggers. | 24-7PressRelease.com","Instant online visibility. News direct to consumers, journalist, & bloggers. | 24-7PressRelease.com","Save Big",,No,cj,,http://www.24-7pressrelease.com/pricing_plans.php,http://www.24-7pressrelease.com/pricing_plans.php,http://www.24-7pressrelease.com/pricing_plans.php,,https://brandlogos.org/api/get/images/?brand=24-7pressrelease.com&size=[size]&format=[format]&token=6cf9dfbc1b43afc21cb9c18fd0a1c8373c7cda0a78fa2a4cb2f63f5b321786c4&domain=nectarly.us,Deal,24-7pressrelease.com,https://www.24-7pressrelease.com/,Marketing,,,,,"United States of America",US,en,1
21078810,"24-7PressRelease.com – Share Your News with Journalists, Consumers, & Bloggers","24-7PressRelease.com – Share Your News with Journalists, Consumers, & Bloggers","Great Value",,No,cj,,http://www.24-7pressrelease.com/pricing_plans.php,http://www.24-7pressrelease.com/pricing_plans.php,http://www.24-7pressrelease.com/pricing_plans.php,,https://brandlogos.org/api/get/images/?brand=24-7pressrelease.com&size=[size]&format=[format]&token=6cf9dfbc1b43afc21cb9c18fd0a1c8373c7cda0a78fa2a4cb2f63f5b321786c4&domain=nectarly.us,Deal,24-7pressrelease.com,https://www.24-7pressrelease.com/,Marketing,,,,,"United States of America",US,en,1
21078811,"24-7PressRelease.com – Share Your News with Journalists, Consumers, & Bloggers","Press Release Distribution 24-7PressRelease.com","Great Value",,No,cj,,http://www.24-7pressrelease.com/pricing_plans.php,http://www.24-7pressrelease.com/pricing_plans.php,http://www.24-7pressrelease.com/pricing_plans.php,,https://brandlogos.org/api/get/images/?brand=24-7pressrelease.com&size=[size]&format=[format]&token=6cf9dfbc1b43afc21cb9c18fd0a1c8373c7cda0a78fa2a4cb2f63f5b321786c4&domain=nectarly.us,Deal,24-7pressrelease.com,https://www.24-7pressrelease.com/,Marketing,,,,,"United States of America",US,en,1
21078812,"Generate Instant Publicity. Get Your News to Consumers & Journalists. | 24-7PressRelease.com","Press Release Distribution 24-7PressRelease.com","Hot Offer",,No,cj,,http://www.24-7pressrelease.com,http://www.24-7pressrelease.com,http://www.24-7pressrelease.com,,https://brandlogos.org/api/get/images/?brand=24-7pressrelease.com&size=[size]&format=[format]&token=6cf9dfbc1b43afc21cb9c18fd0a1c8373c7cda0a78fa2a4cb2f63f5b321786c4&domain=nectarly.us,Deal,24-7pressrelease.com,https://www.24-7pressrelease.com/,Marketing,,,,,"United States of America",US,en,1
24585182,"MID SEASON SALEMID SEASON SALE ()",,"Great Value",,No,brandreward,,https://24uomo.com/,https://24uomo.com/,https://24uomo.com/,,https://brandlogos.org/api/get/images/?brand=24uomo.com&size=[size]&format=[format]&token=fd175c05087703b1576f6437e290f3ddedaca81056215f19c72576852d93ebc7&domain=nectarly.us,Deal,24uomo.com,https://24uomo.com/,,,2025-06-03,,,Netherlands,NL,en,0
24617682,"Save $5-$20 Off Sitewide at PetMeds with code: PETS","Save $5-$20 Off Sitewide at PetMeds with code: PETS -- AutoShip not required -- Tiered Promo: $5 off orders of $0-$120, $10 off orders $120-$170, $15 off orders $170-$220, $20 off orders $220+","save $5",PETS,No,digidip,,https://www.1800petmeds.com/,https://www.1800petmeds.com/,https://www.1800petmeds.com/,,https://brandlogos.org/api/get/images/?brand=1800petmeds.com&size=[size]&format=[format]&token=b061905397e44b387a5590ab545c592b6c8b028195527fb54c787caae0d5b4fa&domain=nectarly.us,Code,1800petmeds.com,https://www.1800petmeds.com/,,"Pet Supplies",2025-03-27,,,"United States of America",US,en,2
24619852,"Exclusive New Customer Offer: Get 20% Off Up to $30 Sitewide at PetMeds with code: NTF","Exclusive New Customer Offer: Get 20% Off Up to $30 Sitewide at PetMeds with code: NTF -- Autoship NOT required, New customers only, Exclusions Apply","20% off",NTF,No,digidip,,https://www.1800petmeds.com/,https://www.1800petmeds.com/,https://www.1800petmeds.com/,,https://brandlogos.org/api/get/images/?brand=1800petmeds.com&size=[size]&format=[format]&token=b061905397e44b387a5590ab545c592b6c8b028195527fb54c787caae0d5b4fa&domain=nectarly.us,Code,1800petmeds.com,https://www.1800petmeds.com/,,"Pet Supplies",2025-01-15,,,"United States of America",US,en,2
24619853,"Save 35% Off Sitewide up to $20 with Autoship at PetMeds with code: AUTO35","Save 35% Off Sitewide up to $20 with Autoship at PetMeds with code: AUTO35 -- valid through 12/31/24 -- Exclusions Apply, Autoship Required, Stackable, 1 use per customer","save 35%",AUTO35,No,digidip,,https://www.1800petmeds.com/,https://www.1800petmeds.com/,https://www.1800petmeds.com/,,https://brandlogos.org/api/get/images/?brand=1800petmeds.com&size=[size]&format=[format]&token=b061905397e44b387a5590ab545c592b6c8b028195527fb54c787caae0d5b4fa&domain=nectarly.us,Code,1800petmeds.com,https://www.1800petmeds.com/,,"Pet Supplies",2025-01-15,,,"United States of America",US,en,2
24619855,"Save 40% off your first AutoShip Order at PetMeds with code: NEW40","Save 40% off your first AutoShip Order at PetMeds with code: NEW40 -- Exclusions Apply, Autoship Required, Stackable, 1 use per customer","save 40%",NEW40,No,digidip,,https://www.1800petmeds.com/,https://www.1800petmeds.com/,https://www.1800petmeds.com/,,https://brandlogos.org/api/get/images/?brand=1800petmeds.com&size=[size]&format=[format]&token=b061905397e44b387a5590ab545c592b6c8b028195527fb54c787caae0d5b4fa&domain=nectarly.us,Code,1800petmeds.com,https://www.1800petmeds.com/,,"Pet Supplies",2025-01-15,,,"United States of America",US,en,2
24621705,"2Game WW",undefined,"Best Offer",cashback,No,digidip,,https://2game.com,https://2game.com,https://2game.com,,https://brandlogos.org/api/get/images/?brand=2game.com&size=[size]&format=[format]&token=f6e7c2e97a0fcfdfb5f0b16884c505080c4d5c3392cb726f087d49b90bca6d17&domain=nectarly.us,Code,2game.com,https://2game.com/,Games,Gaming,2024-07-19,,,"multi country",,en,2
24622628,"Save 35% off with Autoship at PetMeds with code: FOOD35","Save 35% off with Autoship at PetMeds with code: FOOD35 - evergreen offer - excluding Merck products","save 35%",FOOD35,No,digidip,,https://www.1800petmeds.com/,https://www.1800petmeds.com/,https://www.1800petmeds.com/,,https://brandlogos.org/api/get/images/?brand=1800petmeds.com&size=[size]&format=[format]&token=b061905397e44b387a5590ab545c592b6c8b028195527fb54c787caae0d5b4fa&domain=nectarly.us,Code,1800petmeds.com,https://www.1800petmeds.com/,,"Pet Supplies",2024-04-04,,,"United States of America",US,en,2
24624556,"New Customers Save 35% Off with Autoship at PetMeds using code: NEW35","New Customers Save 35% Off with Autoship at PetMeds using code: NEW35","save 35%",NEW35,No,digidip,,https://www.1800petmeds.com/,https://www.1800petmeds.com/,https://www.1800petmeds.com/,,https://brandlogos.org/api/get/images/?brand=1800petmeds.com&size=[size]&format=[format]&token=b061905397e44b387a5590ab545c592b6c8b028195527fb54c787caae0d5b4fa&domain=nectarly.us,Code,1800petmeds.com,https://www.1800petmeds.com/,,"Pet Supplies",2023-03-21,,,"United States of America",US,en,2
24624557,"New Customers Save 25% Off 1-time Purchase at PetMeds using code: NEW4U","New Customers Save 25% Off 1-time Purchase at PetMeds using code: NEW4U","save 25%",NEW4U,No,digidip,,https://www.1800petmeds.com/,https://www.1800petmeds.com/,https://www.1800petmeds.com/,,https://brandlogos.org/api/get/images/?brand=1800petmeds.com&size=[size]&format=[format]&token=b061905397e44b387a5590ab545c592b6c8b028195527fb54c787caae0d5b4fa&domain=nectarly.us,Code,1800petmeds.com,https://www.1800petmeds.com/,,"Pet Supplies",2023-03-21,,,"United States of America",US,en,2
24624726,"40% off up to $40 at PetMeds with Autoship for New Customers!","40% off up to $40 at PetMeds with Autoship for New Customers with code: NEW40","40% off",NEW40,No,digidip,,https://www.1800petmeds.com/,https://www.1800petmeds.com/,https://www.1800petmeds.com/,,https://brandlogos.org/api/get/images/?brand=1800petmeds.com&size=[size]&format=[format]&token=b061905397e44b387a5590ab545c592b6c8b028195527fb54c787caae0d5b4fa&domain=nectarly.us,Code,1800petmeds.com,https://www.1800petmeds.com/,,"Pet Supplies",2023-02-14,,,"United States of America",US,en,2
24626455,"Save 35% with first AutoShip order + 5% off future Autoship orders at PetMeds!","Save 35% with first AutoShip order + 5% off future Autoship orders at PetMeds using code: SAVE35
See site for details.","save 35%",SAVE35,No,digidip,,https://www.1800petmeds.com/,https://www.1800petmeds.com/,https://www.1800petmeds.com/,,https://brandlogos.org/api/get/images/?brand=1800petmeds.com&size=[size]&format=[format]&token=b061905397e44b387a5590ab545c592b6c8b028195527fb54c787caae0d5b4fa&domain=nectarly.us,Code,1800petmeds.com,https://www.1800petmeds.com/,,"Pet Supplies",2022-01-24,,,"United States of America",US,en,2
24627019,"New Customers Save 40% + Extra 5% With Autoship & Save at 1-800-PetMeds! Shop Now!","1-800-PetMeds - New Customer Program: Save 40% + Extra 5% With Autoship & Save! Note: Up to $25 discount. Offer is 1 per new customer. Cannot combine offers. Excludes Merck products. Code: NC40","save 40%",NC40,No,digidip,,https://www.1800petmeds.com/,https://www.1800petmeds.com/,https://www.1800petmeds.com/,,https://brandlogos.org/api/get/images/?brand=1800petmeds.com&size=[size]&format=[format]&token=b061905397e44b387a5590ab545c592b6c8b028195527fb54c787caae0d5b4fa&domain=nectarly.us,Code,1800petmeds.com,https://www.1800petmeds.com/,,"Pet Supplies",2021-11-12,,,"United States of America",US,en,2
24627078,"7% off can be used once on minimum order 39 euro.",,"7% off",NUOVO7,No,digidip,,http://www.1000farmacie.it,http://www.1000farmacie.it,http://www.1000farmacie.it,,https://brandlogos.org/api/get/images/?brand=1000farmacie.it&size=[size]&format=[format]&token=419821d0191fafcdda0ef34f3fb4cf5666f8e3b0ab410715c018caac5a4062ae&domain=nectarly.us,Code,1000farmacie.it,https://www.1000farmacie.it/,,"Medical Supplies",2021-09-29,2033-09-30,,Italy,IT,en,1
24627165,"Easy refill: Save up to $20 when you refill your pet's meds at 1800petmeds.com. Shop Now!","Easy refill: Save up to $20 when you refill your pet's meds at 1800petmeds.com. Shop Now!","save $20",EZREFILL,No,digidip,,https://www.1800petmeds.com/,https://www.1800petmeds.com/,https://www.1800petmeds.com/,,https://brandlogos.org/api/get/images/?brand=1800petmeds.com&size=[size]&format=[format]&token=b061905397e44b387a5590ab545c592b6c8b028195527fb54c787caae0d5b4fa&domain=nectarly.us,Code,1800petmeds.com,https://www.1800petmeds.com/,,"Pet Supplies,Medical Supplies",2021-03-12,,,"United States of America",US,en,2
24641678,"2% kwoty zamówienia w formie punktów","1. Jeden punkt bonusowy = 1 zł2. W przypadku przyznawania punktów bonusowych, bonusy zaokrąglamy na korzyść klienta.3. Naliczone punkty bonusowe mogą być wykorzystane już następnego dnia.4. Klient może zapłacić bonusami za zarówno jak za towar tak i za dostawę (usługę).5. Termin ważności bonusów wynosi aż 6 miesięcy od daty naliczenia.6. Bonusy są naliczane przy powtarzających się zamówieniach tylko za część zamówienia dotyczącą płatności bezpośredniej za towar (bez uwzględnienia części bonusowej).7. Możesz opłacić aż 99% wartości zamówienia korzystając z bonusów, co najmniej 1 zł musi być wpłacony w punktach niebonusowych.8. Przy zwrocie towarów są odejmowane punkty bonusowe tylko za zwrócone towary.&nbsp;","Zapisz duży",,No,webepartners,,https://2407.pl/pages/system-premii-lojalnosciowych-dla-klientow/,https://2407.pl/pages/system-premii-lojalnosciowych-dla-klientow/,https://2407.pl/pages/system-premii-lojalnosciowych-dla-klientow/,https://image.weben1.com/logo/1XyPykP-iYCfAzeD6Ow3fx-3lyCxnElZT.png,https://brandlogos.org/api/get/images/?brand=2407.pl&size=[size]&format=[format]&token=f518b771758a62a809ff92dc80582ecf5852a90bf2aa07e754648bb0cb041293&domain=nectarly.us,Deal,2407.pl,https://2407.pl/,"Części samochodowe","Automobile Parts",2024-01-26,2027-01-20,,Poland,PL,pl,0
24783742,"PetMeds - Evergreen Banner - 05","PetMeds - Evergreen Banner - 05","Super Offer",,No,flexoffers,,https://www.1800petmeds.com/,https://www.1800petmeds.com/,https://www.1800petmeds.com/,http://www.pntrac.com/b/4-470035-47736-219166,https://brandlogos.org/api/get/images/?brand=1800petmeds.com&size=[size]&format=[format]&token=b061905397e44b387a5590ab545c592b6c8b028195527fb54c787caae0d5b4fa&domain=nectarly.us,Deal,1800petmeds.com,https://www.1800petmeds.com/,"Pets and Animal Services","Pet Supplies",2022-02-02,,,"United States of America",US,en,1
24783743,"PetMeds - Evergreen Banner - 04","PetMeds - Evergreen Banner - 04","Great Value",,No,flexoffers,,https://www.1800petmeds.com/,https://www.1800petmeds.com/,https://www.1800petmeds.com/,http://www.pntra.com/b/4-470034-47736-219166,https://brandlogos.org/api/get/images/?brand=1800petmeds.com&size=[size]&format=[format]&token=b061905397e44b387a5590ab545c592b6c8b028195527fb54c787caae0d5b4fa&domain=nectarly.us,Deal,1800petmeds.com,https://www.1800petmeds.com/,"Pets and Animal Services","Pet Supplies",2022-02-02,,,"United States of America",US,en,1
24783745,"PetMeds - Evergreen Banner - 02","PetMeds - Evergreen Banner - 02","Hot Offer",,No,flexoffers,,https://www.1800petmeds.com/,https://www.1800petmeds.com/,https://www.1800petmeds.com/,http://www.pjatr.com/b/4-470032-47736-219166,https://brandlogos.org/api/get/images/?brand=1800petmeds.com&size=[size]&format=[format]&token=b061905397e44b387a5590ab545c592b6c8b028195527fb54c787caae0d5b4fa&domain=nectarly.us,Deal,1800petmeds.com,https://www.1800petmeds.com/,"Pets and Animal Services","Pet Supplies",2022-02-02,,,"United States of America",US,en,1
24783746,"PetMeds - Evergreen Banner - 01","PetMeds - Evergreen Banner - 01","Hot Offer",,No,flexoffers,,https://www.1800petmeds.com/,https://www.1800petmeds.com/,https://www.1800petmeds.com/,http://www.pjatr.com/b/4-470031-47736-219166,https://brandlogos.org/api/get/images/?brand=1800petmeds.com&size=[size]&format=[format]&token=b061905397e44b387a5590ab545c592b6c8b028195527fb54c787caae0d5b4fa&domain=nectarly.us,Deal,1800petmeds.com,https://www.1800petmeds.com/,"Pets and Animal Services","Pet Supplies",2022-02-02,,,"United States of America",US,en,1
24783747,"PetMeds Logo 336x280","PetMeds Logo 336x280","Best Offer",,No,flexoffers,,https://www.1800petmeds.com/,https://www.1800petmeds.com/,https://www.1800petmeds.com/,http://www.pntra.com/b/4-470029-47736-219166,https://brandlogos.org/api/get/images/?brand=1800petmeds.com&size=[size]&format=[format]&token=b061905397e44b387a5590ab545c592b6c8b028195527fb54c787caae0d5b4fa&domain=nectarly.us,Deal,1800petmeds.com,https://www.1800petmeds.com/,"Pets and Animal Services","Pet Supplies",2022-02-02,,,"United States of America",US,en,1
24783750,"Logo 468x60","Logo 468x60","Hot Offer",,No,flexoffers,,https://www.1800petmeds.com/,https://www.1800petmeds.com/,https://www.1800petmeds.com/,http://www.pjtra.com/b/4-438853-47736-219166,https://brandlogos.org/api/get/images/?brand=1800petmeds.com&size=[size]&format=[format]&token=b061905397e44b387a5590ab545c592b6c8b028195527fb54c787caae0d5b4fa&domain=nectarly.us,Deal,1800petmeds.com,https://www.1800petmeds.com/,"Pets and Animal Services","Pet Supplies",2020-12-11,,,"United States of America",US,en,1
24783756,"Save 35% off with Autoship at PetMeds with code: FOOD35","Save 35% off with Autoship at PetMeds with code: FOOD35 - evergreen offer - excluding Merck products","save 35%",FOOD35,No,flexoffers,,https://www.1800petmeds.com/,https://www.1800petmeds.com/,https://www.1800petmeds.com/,,https://brandlogos.org/api/get/images/?brand=1800petmeds.com&size=[size]&format=[format]&token=b061905397e44b387a5590ab545c592b6c8b028195527fb54c787caae0d5b4fa&domain=nectarly.us,Code,1800petmeds.com,https://www.1800petmeds.com/,"Pets and Animal Services","Pet Supplies",2024-04-04,,,"United States of America",US,en,2
24783757,"Save 35% with first AutoShip order + 5% off future Autoship orders at PetMeds!","Save 35% with first AutoShip order + 5% off future Autoship orders at PetMeds using code: SAVE35
See site for details.","save 35%",SAVE35,No,flexoffers,,https://www.1800petmeds.com/,https://www.1800petmeds.com/,https://www.1800petmeds.com/,,https://brandlogos.org/api/get/images/?brand=1800petmeds.com&size=[size]&format=[format]&token=b061905397e44b387a5590ab545c592b6c8b028195527fb54c787caae0d5b4fa&domain=nectarly.us,Code,1800petmeds.com,https://www.1800petmeds.com/,"Pets and Animal Services","Pet Supplies",2022-01-24,,,"United States of America",US,en,2
24935565,"ПОЛУЧИ ЧЕТВЕРТУЮ ПИЦЦУ В ПОДАРОК!","У нас сегодня простая математика – закажи четыре пиццы, введи промокод и получи четвертую пиццу в подарок!","Супер предложение",4PIZZA,No,admitad,,https://2-berega.ru/akcii/4pizza/,https://2-berega.ru/akcii/4pizza/,https://2-berega.ru/akcii/4pizza/,http://cdn.admitad.com/campaign/images/2024/4/9/4855-a9a4885fb2f3d178.svg,https://brandlogos.org/api/get/images/?brand=2-berega.ru&size=[size]&format=[format]&token=fb59717066b665608781948564258f6ed538ad7103b147485e7314f5c11c89d0&domain=nectarly.us,Code,2-berega.ru,https://2-berega.ru/,,,2022-03-02,,,Russia,RU,ru,2
24935595,"ПОЛУЧИ ПОДАРОК В СВОЙ ДЕНЬ РОЖДЕНИЯ!","Получи индивидуальный промокод от 2Берега, когда наступит твой день. 
При оформлении заказа используй индивидуальный промо и получи подарок!
Подарок будет привязан в личном кабинете","Горячее предложение",,No,admitad,,https://2-berega.ru/akcii/podarok-dr-2022/,https://2-berega.ru/akcii/podarok-dr-2022/,https://2-berega.ru/akcii/podarok-dr-2022/,http://cdn.admitad.com/campaign/images/2024/4/9/4855-a9a4885fb2f3d178.svg,https://brandlogos.org/api/get/images/?brand=2-berega.ru&size=[size]&format=[format]&token=fb59717066b665608781948564258f6ed538ad7103b147485e7314f5c11c89d0&domain=nectarly.us,Deal,2-berega.ru,https://2-berega.ru/,,"Personalized Gifts",2022-01-31,,,Russia,RU,ru,1
25186418,"Free 1GB Data Boost (applied when SIM activated)","Free 1GB Data Boost (applied when SIM activated)","Hot Offer",VT1GB,No,brandreward,,https://www.1pmobile.com/order-your-sim,https://www.1pmobile.com/order-your-sim,https://www.1pmobile.com/order-your-sim,http://www.brandreward.com/img/adv_logo/uk-241167004535.png,https://brandlogos.org/api/get/images/?brand=1pmobile.com&size=[size]&format=[format]&token=cb28956783b7aa4b3d50352e96cf95d69866be12b6259a2d58f36a93339a6fbb&domain=nectarly.us,Code,1pmobile.com,https://www.1pmobile.com/,APP,"Mobiles and Tablets,Mobile Accessories",2024-07-24,2027-04-29,,"United Kingdom",GB,en,1
25186419,"Free 2GB Data Boost (applied when SIM activated)","Free 2GB Data Boost (applied when SIM activated)","Great Value",VT2GB,No,brandreward,,https://www.1pmobile.com/order-your-sim,https://www.1pmobile.com/order-your-sim,https://www.1pmobile.com/order-your-sim,http://www.brandreward.com/img/adv_logo/uk-241167004535.png,https://brandlogos.org/api/get/images/?brand=1pmobile.com&size=[size]&format=[format]&token=cb28956783b7aa4b3d50352e96cf95d69866be12b6259a2d58f36a93339a6fbb&domain=nectarly.us,Code,1pmobile.com,https://www.1pmobile.com/,APP,"Mobiles and Tablets",2024-07-24,2027-04-29,,"United Kingdom",GB,en,1
25186420,"Free 25GB Data Boost (applied when SIM activated)","Free 25GB Data Boost (applied when SIM activated)","Best Offer",VT25GB,No,brandreward,,https://www.1pmobile.com/order-your-sim,https://www.1pmobile.com/order-your-sim,https://www.1pmobile.com/order-your-sim,http://www.brandreward.com/img/adv_logo/uk-241167004535.png,https://brandlogos.org/api/get/images/?brand=1pmobile.com&size=[size]&format=[format]&token=cb28956783b7aa4b3d50352e96cf95d69866be12b6259a2d58f36a93339a6fbb&domain=nectarly.us,Code,1pmobile.com,https://www.1pmobile.com/,APP,"Mobiles and Tablets",2024-07-24,2027-04-29,,"United Kingdom",GB,en,1
25186421,"Free 50GB Data Boost (applied when SIM activated)","Free 50GB Data Boost (applied when SIM activated)","Great Value",VT50GB,No,brandreward,,https://www.1pmobile.com/order-your-sim,https://www.1pmobile.com/order-your-sim,https://www.1pmobile.com/order-your-sim,http://www.brandreward.com/img/adv_logo/uk-241167004535.png,https://brandlogos.org/api/get/images/?brand=1pmobile.com&size=[size]&format=[format]&token=cb28956783b7aa4b3d50352e96cf95d69866be12b6259a2d58f36a93339a6fbb&domain=nectarly.us,Code,1pmobile.com,https://www.1pmobile.com/,APP,"Mobiles and Tablets",2024-07-24,2027-04-29,,"United Kingdom",GB,en,1
25188130,"24 Uomo - SALE",,"Migliore offerta",,No,brandreward,,https://24uomo.com/,https://24uomo.com/,https://24uomo.com/,,https://brandlogos.org/api/get/images/?brand=24uomo.com&size=[size]&format=[format]&token=fd175c05087703b1576f6437e290f3ddedaca81056215f19c72576852d93ebc7&domain=nectarly.us,Deal,24uomo.com,https://24uomo.com/,,"Mens Clothing",2024-07-01,,,Netherlands,NL,it,0
25197805,"SALE ENDING SOONSALE ENDING SOON ()",,"Super Offer",,No,brandreward,,https://24uomo.com/,https://24uomo.com/,https://24uomo.com/,,https://brandlogos.org/api/get/images/?brand=24uomo.com&size=[size]&format=[format]&token=fd175c05087703b1576f6437e290f3ddedaca81056215f19c72576852d93ebc7&domain=nectarly.us,Deal,24uomo.com,https://24uomo.com/,,,2024-02-15,,,Netherlands,NL,en,0
25200745,"Winter SaleWinter Sale ()",,"Hot Offer",,No,brandreward,,https://24uomo.com/,https://24uomo.com/,https://24uomo.com/,,https://brandlogos.org/api/get/images/?brand=24uomo.com&size=[size]&format=[format]&token=fd175c05087703b1576f6437e290f3ddedaca81056215f19c72576852d93ebc7&domain=nectarly.us,Deal,24uomo.com,https://24uomo.com/,,,2023-12-12,,,Netherlands,NL,en,0
25212499,"Kostenlose Lieferung ab EUR 39","Kostenlose Lieferung ab EUR 39",Mega-Rabatt,"no code needed",No,brandreward,,https://www.1001hobbies.de/,https://www.1001hobbies.de/,https://www.1001hobbies.de/,http://www.brandreward.com/img/adv_logo/fr-125614184727.jpeg,https://brandlogos.org/api/get/images/?brand=1001hobbies.de&size=[size]&format=[format]&token=420275c71e8b84f9bfb60944c906d439fe32e1f4efecac9065e850e1b933a1ac&domain=nectarly.us,Code,1001hobbies.de,https://www.1001hobbies.de/,,,2018-08-01,,,Germany,DE,de,2
25212500,"Kostenlose Lieferung ab EUR 39","Kostenlose Lieferung ab EUR 39",Mega-Rabatt,"no code needed",No,brandreward,,https://www.1001hobbies.de/,https://www.1001hobbies.de/,https://www.1001hobbies.de/,http://www.brandreward.com/img/adv_logo/fr-125614184727.jpeg,https://brandlogos.org/api/get/images/?brand=1001hobbies.de&size=[size]&format=[format]&token=420275c71e8b84f9bfb60944c906d439fe32e1f4efecac9065e850e1b933a1ac&domain=nectarly.us,Code,1001hobbies.de,https://www.1001hobbies.de/,,,2018-08-01,,,Germany,DE,de,2
25212502,"10 euros discount for orders above 100 euros","10 euros discount for orders above 100 euros","10 euros discount",KW9824,No,brandreward,,https://www.1001hobbies.de/,https://www.1001hobbies.de/,https://www.1001hobbies.de/,http://www.brandreward.com/img/adv_logo/fr-125614184727.jpeg,https://brandlogos.org/api/get/images/?brand=1001hobbies.de&size=[size]&format=[format]&token=420275c71e8b84f9bfb60944c906d439fe32e1f4efecac9065e850e1b933a1ac&domain=nectarly.us,Code,1001hobbies.de,https://www.1001hobbies.de/,,,2019-11-22,,,Germany,DE,en,2
25212503,"10 euros discount for orders above 100 euros","10 euros discount for orders above 100 euros","10 euros discount",KW9824,No,brandreward,,https://www.1001hobbies.de/,https://www.1001hobbies.de/,https://www.1001hobbies.de/,http://www.brandreward.com/img/adv_logo/fr-125614184727.jpeg,https://brandlogos.org/api/get/images/?brand=1001hobbies.de&size=[size]&format=[format]&token=420275c71e8b84f9bfb60944c906d439fe32e1f4efecac9065e850e1b933a1ac&domain=nectarly.us,Code,1001hobbies.de,https://www.1001hobbies.de/,,,2019-11-22,,,Germany,DE,en,2
25212506,"Free shipping for orders above 59€","Free shipping for orders above 59€","Great Value","no code needed",No,brandreward,,https://www.1001hobbies.co.uk/,https://www.1001hobbies.co.uk/,https://www.1001hobbies.co.uk/,http://www.brandreward.com/img/adv_logo/fr-125614184727.jpeg,https://brandlogos.org/api/get/images/?brand=1001hobbies.fr&size=[size]&format=[format]&token=086c1e77c0f31d1936d9790d03898a5ad0742cd676c0b15b6979e1a1d3c71a88&domain=nectarly.us,Code,1001hobbies.fr,https://www.1001hobbies.fr/,,,2019-07-22,,,France,FR,en,2
25212507,"Free shipping for orders above 59€","Free shipping for orders above 59€","Best Offer","no code needed",No,brandreward,,https://www.1001hobbies.co.uk/,https://www.1001hobbies.co.uk/,https://www.1001hobbies.co.uk/,http://www.brandreward.com/img/adv_logo/fr-125614184727.jpeg,https://brandlogos.org/api/get/images/?brand=1001hobbies.co.uk&size=[size]&format=[format]&token=1a4fa20719133e08c1b55e9ced3a12e1bf3e84f077371fc34354e46572dedeb2&domain=nectarly.us,Code,1001hobbies.co.uk,https://www.1001hobbies.co.uk/,,,2019-07-22,,,"United Kingdom",GB,en,2
25212846,"5 euros discount for orders above 60 euros","5 euros discount for orders above 60 euros","5 euros discount",KW3472,No,brandreward,,https://www.1001hobbies.de/,https://www.1001hobbies.de/,https://www.1001hobbies.de/,http://www.brandreward.com/img/adv_logo/fr-125614184727.jpeg,https://brandlogos.org/api/get/images/?brand=1001hobbies.de&size=[size]&format=[format]&token=420275c71e8b84f9bfb60944c906d439fe32e1f4efecac9065e850e1b933a1ac&domain=nectarly.us,Code,1001hobbies.de,https://www.1001hobbies.de/,,,2019-11-22,,,Germany,DE,en,2
25212847,"5 euros discount for orders above 60 euros","5 euros discount for orders above 60 euros","5 euros discount",KW3472,No,brandreward,,https://www.1001hobbies.de/,https://www.1001hobbies.de/,https://www.1001hobbies.de/,http://www.brandreward.com/img/adv_logo/fr-125614184727.jpeg,https://brandlogos.org/api/get/images/?brand=1001hobbies.de&size=[size]&format=[format]&token=420275c71e8b84f9bfb60944c906d439fe32e1f4efecac9065e850e1b933a1ac&domain=nectarly.us,Code,1001hobbies.de,https://www.1001hobbies.de/,,,2019-11-22,,,Germany,DE,en,2
25428732,"10% OFF DR. CUDDLES","10% OFF DR CUDDLES PRODUCTS WITH CODE CUDDLES10. NO A/S REQUIRED/ EXPIRES 12/31","10% off",CUDDLES10,No,flexoffers,,https://www.1800petmeds.com/search,https://www.1800petmeds.com/search,https://www.1800petmeds.com/search,,https://brandlogos.org/api/get/images/?brand=1800petmeds.com&size=[size]&format=[format]&token=b061905397e44b387a5590ab545c592b6c8b028195527fb54c787caae0d5b4fa&domain=nectarly.us,Code,1800petmeds.com,https://www.1800petmeds.com/,"Pets and Animal Services","Pet Supplies",2025-04-10,2027-01-01,,"United States of America",US,en,1
25428737,"Exclusive New Customer Offer: Get 20% Off Up to $30 Sitewide at PetMeds with code: NTF","Exclusive New Customer Offer: Get 20% Off Up to $30 Sitewide at PetMeds with code: NTF -- Autoship NOT required, New customers only, Exclusions Apply","20% off",NTF,No,flexoffers,,https://www.1800petmeds.com/,https://www.1800petmeds.com/,https://www.1800petmeds.com/,,https://brandlogos.org/api/get/images/?brand=1800petmeds.com&size=[size]&format=[format]&token=b061905397e44b387a5590ab545c592b6c8b028195527fb54c787caae0d5b4fa&domain=nectarly.us,Code,1800petmeds.com,https://www.1800petmeds.com/,"Pets and Animal Services","Pet Supplies",2025-01-15,,,"United States of America",US,en,2
25428738,"Save 35% Off Sitewide up to $20 with Autoship at PetMeds with code: AUTO35","Save 35% Off Sitewide up to $20 with Autoship at PetMeds with code: AUTO35 -- valid through 12/31/24 -- Exclusions Apply, Autoship Required, Stackable, 1 use per customer","save 35%",AUTO35,No,flexoffers,,https://www.1800petmeds.com/,https://www.1800petmeds.com/,https://www.1800petmeds.com/,,https://brandlogos.org/api/get/images/?brand=1800petmeds.com&size=[size]&format=[format]&token=b061905397e44b387a5590ab545c592b6c8b028195527fb54c787caae0d5b4fa&domain=nectarly.us,Code,1800petmeds.com,https://www.1800petmeds.com/,"Pets and Animal Services","Pet Supplies",2025-01-15,,,"United States of America",US,en,2
25428739,"Save $5-$20 Off Sitewide at PetMeds with code: PETS","Save $5-$20 Off Sitewide at PetMeds with code: PETS -- AutoShip not required -- Tiered Promo: $5 off orders of $0-$120, $10 off orders $120-$170, $15 off orders $170-$220, $20 off orders $220+","save $5",PETS,No,flexoffers,,https://www.1800petmeds.com/,https://www.1800petmeds.com/,https://www.1800petmeds.com/,,https://brandlogos.org/api/get/images/?brand=1800petmeds.com&size=[size]&format=[format]&token=b061905397e44b387a5590ab545c592b6c8b028195527fb54c787caae0d5b4fa&domain=nectarly.us,Code,1800petmeds.com,https://www.1800petmeds.com/,"Pets and Animal Services","Pet Supplies",2025-03-27,,,"United States of America",US,en,2
26248119,Logo,,"Best Offer",,No,flexoffers,,https://www.1800contacts.com/welcome/better-price,https://www.1800contacts.com/welcome/better-price,https://www.1800contacts.com/welcome/better-price,https://ad.linksynergy.com/fs-bin/show?id=PPkX79/c*b0&bids=1837296.3&type=4,https://brandlogos.org/api/get/images/?brand=1800contacts.com&size=[size]&format=[format]&token=180637bbf39f45d39c1177a868e159967b56980e921d31276cd7a35664799cb2&domain=nectarly.us,Deal,1800contacts.com,https://www.1800contacts.com/,Eyewear,Eyewear,2023-11-20,2029-11-30,,"United States of America",US,en,0
26248120,"1 800 Brand Banners  - InMarket",,"Hot Offer",,No,flexoffers,,https://www.1800contacts.com/welcome/better-price,https://www.1800contacts.com/welcome/better-price,https://www.1800contacts.com/welcome/better-price,https://ad.linksynergy.com/fs-bin/show?id=PPkX79/c*b0&bids=1837296.4&type=4,https://brandlogos.org/api/get/images/?brand=1800contacts.com&size=[size]&format=[format]&token=180637bbf39f45d39c1177a868e159967b56980e921d31276cd7a35664799cb2&domain=nectarly.us,Deal,1800contacts.com,https://www.1800contacts.com/,Eyewear,Eyewear,2024-04-16,2030-04-16,,"United States of America",US,en,0
26248121,"Save on your first order with 1-800 Contacts.","Save on your first order with 1-800 Contacts.","Hot Offer",,No,flexoffers,,https://www.1800contacts.com/welcome/better-price,https://www.1800contacts.com/welcome/better-price,https://www.1800contacts.com/welcome/better-price,,https://brandlogos.org/api/get/images/?brand=1800contacts.com&size=[size]&format=[format]&token=180637bbf39f45d39c1177a868e159967b56980e921d31276cd7a35664799cb2&domain=nectarly.us,Deal,1800contacts.com,https://www.1800contacts.com/,Eyewear,Eyewear,2023-11-20,2032-08-17,,"United States of America",US,en,0
26545097,"Free Shipping over £60","Free Shipping over £60 (always active)","Best Offer",,No,awin,,https://100acres.co.uk,https://100acres.co.uk,https://100acres.co.uk,,https://brandlogos.org/api/get/images/?brand=100acres.co.uk&size=[size]&format=[format]&token=b4e17383de34f3e07b5b1eee2253cdc2d3e36927a79132572d199bdc9c3fe411&domain=nectarly.us,Deal,100acres.co.uk,https://100acres.co.uk/,,,2025-07-24,2030-12-31,,"United Kingdom",GB,en,0
28157686,"Get 5% off every recurring Autoship! Adjust, pause, skip, cancel anytime.","Get 5% off every recurring Autoship! Adjust, pause, skip, cancel anytime.","Save Big",,No,brandreward,,https://www.1800petmeds.com/,https://www.1800petmeds.com/,https://www.1800petmeds.com/,http://www.brandreward.com/img/adv_logo/us-15285942110.png,https://brandlogos.org/api/get/images/?brand=1800petmeds.com&size=[size]&format=[format]&token=b061905397e44b387a5590ab545c592b6c8b028195527fb54c787caae0d5b4fa&domain=nectarly.us,Deal,1800petmeds.com,https://www.1800petmeds.com/,"Online Services","Pet Supplies",2025-10-07,,,"United States of America",US,unknown,1
28157693,"Premium Cat Food at up to 40% off.","Premium Cat Food at up to 40% off.","Super Offer",,No,brandreward,,https://www.1800petmeds.com/,https://www.1800petmeds.com/,https://www.1800petmeds.com/,http://www.brandreward.com/img/adv_logo/us-15285942110.png,https://brandlogos.org/api/get/images/?brand=1800petmeds.com&size=[size]&format=[format]&token=b061905397e44b387a5590ab545c592b6c8b028195527fb54c787caae0d5b4fa&domain=nectarly.us,Deal,1800petmeds.com,https://www.1800petmeds.com/,"Online Services","Pet Supplies",2025-10-07,,,"United States of America",US,unknown,1
28157700,"Vitamins and supplements for puppies, adults, and seniors at everyday savings!","Vitamins and supplements for puppies, adults, and seniors at everyday savings!","Save Big",,No,brandreward,,https://www.1800petmeds.com/,https://www.1800petmeds.com/,https://www.1800petmeds.com/,http://www.brandreward.com/img/adv_logo/us-15285942110.png,https://brandlogos.org/api/get/images/?brand=1800petmeds.com&size=[size]&format=[format]&token=b061905397e44b387a5590ab545c592b6c8b028195527fb54c787caae0d5b4fa&domain=nectarly.us,Deal,1800petmeds.com,https://www.1800petmeds.com/,"Online Services","Pet Supplies",2025-10-07,,,"United States of America",US,unknown,1
28157721,"Pain relief for dogs from trusted brands.  Save 5% on recurring orders.","Pain relief for dogs from trusted brands.  Save 5% on recurring orders.","Super Offer",,No,brandreward,,https://www.1800petmeds.com/,https://www.1800petmeds.com/,https://www.1800petmeds.com/,http://www.brandreward.com/img/adv_logo/us-15285942110.png,https://brandlogos.org/api/get/images/?brand=1800petmeds.com&size=[size]&format=[format]&token=b061905397e44b387a5590ab545c592b6c8b028195527fb54c787caae0d5b4fa&domain=nectarly.us,Deal,1800petmeds.com,https://www.1800petmeds.com/,"Online Services","Pet Supplies",2025-10-07,,,"United States of America",US,unknown,1
28157725,"Premium Dog Food up to 40% off.","Flea, Tick & Heartworm prevention up to 40% off top brands.","Great Value",,No,brandreward,,https://www.1800petmeds.com/,https://www.1800petmeds.com/,https://www.1800petmeds.com/,http://www.brandreward.com/img/adv_logo/us-15285942110.png,https://brandlogos.org/api/get/images/?brand=1800petmeds.com&size=[size]&format=[format]&token=b061905397e44b387a5590ab545c592b6c8b028195527fb54c787caae0d5b4fa&domain=nectarly.us,Deal,1800petmeds.com,https://www.1800petmeds.com/,"Online Services","Pet Supplies",2025-10-07,,,"United States of America",US,unknown,1
28157726,"Flea, Tick & Heartworm prevention up to 40% off top brands.","Flea, Tick & Heartworm prevention up to 40% off top brands.","Hot Offer",,No,brandreward,,https://www.1800petmeds.com/,https://www.1800petmeds.com/,https://www.1800petmeds.com/,http://www.brandreward.com/img/adv_logo/us-15285942110.png,https://brandlogos.org/api/get/images/?brand=1800petmeds.com&size=[size]&format=[format]&token=b061905397e44b387a5590ab545c592b6c8b028195527fb54c787caae0d5b4fa&domain=nectarly.us,Deal,1800petmeds.com,https://www.1800petmeds.com/,"Online Services","Pet Supplies",2025-10-07,,,"United States of America",US,unknown,1
28157743,"Nexgard chewable at up to 40% savings.","Nexgard chewable at up to 40% savings.","Hot Offer",,No,brandreward,,https://www.1800petmeds.com/,https://www.1800petmeds.com/,https://www.1800petmeds.com/,http://www.brandreward.com/img/adv_logo/us-15285942110.png,https://brandlogos.org/api/get/images/?brand=1800petmeds.com&size=[size]&format=[format]&token=b061905397e44b387a5590ab545c592b6c8b028195527fb54c787caae0d5b4fa&domain=nectarly.us,Deal,1800petmeds.com,https://www.1800petmeds.com/,"Online Services","Pet Supplies",2025-10-07,,,"United States of America",US,unknown,1
28157744,"Heartgard PLUS at up to 40% savings.","Heartgard PLUS at up to 40% savings.","Save Big",,No,brandreward,,https://www.1800petmeds.com/,https://www.1800petmeds.com/,https://www.1800petmeds.com/,http://www.brandreward.com/img/adv_logo/us-15285942110.png,https://brandlogos.org/api/get/images/?brand=1800petmeds.com&size=[size]&format=[format]&token=b061905397e44b387a5590ab545c592b6c8b028195527fb54c787caae0d5b4fa&domain=nectarly.us,Deal,1800petmeds.com,https://www.1800petmeds.com/,"Online Services","Pet Supplies",2025-10-07,,,"United States of America",US,unknown,1
28157745,"Revolution Plus for Cats at up to 40% savings.","Revolution Plus for Cats at up to 40% savings.","Hot Offer",,No,brandreward,,https://www.1800petmeds.com/,https://www.1800petmeds.com/,https://www.1800petmeds.com/,http://www.brandreward.com/img/adv_logo/us-15285942110.png,https://brandlogos.org/api/get/images/?brand=1800petmeds.com&size=[size]&format=[format]&token=b061905397e44b387a5590ab545c592b6c8b028195527fb54c787caae0d5b4fa&domain=nectarly.us,Deal,1800petmeds.com,https://www.1800petmeds.com/,"Online Services","Pet Supplies",2025-10-07,,,"United States of America",US,unknown,1
28157746,"Apoquel Chewable at 5% off recurring orders.  Treat allergic itching in dogs within 24 hours.","Apoquel Chewable at 5% off recurring orders.  Treat allergic itching in dogs within 24 hours.","Super Offer",,No,brandreward,,https://www.1800petmeds.com/,https://www.1800petmeds.com/,https://www.1800petmeds.com/,http://www.brandreward.com/img/adv_logo/us-15285942110.png,https://brandlogos.org/api/get/images/?brand=1800petmeds.com&size=[size]&format=[format]&token=b061905397e44b387a5590ab545c592b6c8b028195527fb54c787caae0d5b4fa&domain=nectarly.us,Deal,1800petmeds.com,https://www.1800petmeds.com/,"Online Services","Pet Supplies",2025-10-07,,,"United States of America",US,unknown,1
28157747,"Simparica Trio at up to 40% savings.","Simparica Trio at up to 40% savings.","Save Big",,No,brandreward,,https://www.1800petmeds.com/,https://www.1800petmeds.com/,https://www.1800petmeds.com/,http://www.brandreward.com/img/adv_logo/us-15285942110.png,https://brandlogos.org/api/get/images/?brand=1800petmeds.com&size=[size]&format=[format]&token=b061905397e44b387a5590ab545c592b6c8b028195527fb54c787caae0d5b4fa&domain=nectarly.us,Deal,1800petmeds.com,https://www.1800petmeds.com/,"Online Services","Pet Supplies",2025-10-07,,,"United States of America",US,unknown,1
28160099,"Pain relief for dogs from trusted brands.  Save 5% on recurring orders.","Pain relief for dogs from trusted brands.  Save 5% on recurring orders.","Hot Offer",,No,flexoffers,,https://www.1800petmeds.com/category/dog/pharmacy/pain-and-inflammation-relief-c00047,https://www.1800petmeds.com/category/dog/pharmacy/pain-and-inflammation-relief-c00047,https://www.1800petmeds.com/category/dog/pharmacy/pain-and-inflammation-relief-c00047,,https://brandlogos.org/api/get/images/?brand=1800petmeds.com&size=[size]&format=[format]&token=b061905397e44b387a5590ab545c592b6c8b028195527fb54c787caae0d5b4fa&domain=nectarly.us,Deal,1800petmeds.com,https://www.1800petmeds.com/,"Pets and Animal Services","Pet Supplies",2025-10-07,,,"United States of America",US,unknown,1
28160102,"Premium Dog Food up to 40% off.","Flea, Tick & Heartworm prevention up to 40% off top brands.","Great Value",,No,flexoffers,,https://www.1800petmeds.com/category/dog/food-c00005,https://www.1800petmeds.com/category/dog/food-c00005,https://www.1800petmeds.com/category/dog/food-c00005,,https://brandlogos.org/api/get/images/?brand=1800petmeds.com&size=[size]&format=[format]&token=b061905397e44b387a5590ab545c592b6c8b028195527fb54c787caae0d5b4fa&domain=nectarly.us,Deal,1800petmeds.com,https://www.1800petmeds.com/,"Pets and Animal Services","Pet Supplies",2025-10-07,,,"United States of America",US,unknown,1
28160105,"Get 5% off every recurring Autoship! Adjust, pause, skip, cancel anytime.","Get 5% off every recurring Autoship! Adjust, pause, skip, cancel anytime.","Hot Offer",,No,flexoffers,,https://www.1800petmeds.com/,https://www.1800petmeds.com/,https://www.1800petmeds.com/,,https://brandlogos.org/api/get/images/?brand=1800petmeds.com&size=[size]&format=[format]&token=b061905397e44b387a5590ab545c592b6c8b028195527fb54c787caae0d5b4fa&domain=nectarly.us,Deal,1800petmeds.com,https://www.1800petmeds.com/,"Pets and Animal Services","Pet Supplies",2025-10-07,,,"United States of America",US,unknown,1
28258042,"10% OFF DR. CUDDLES","10% OFF DR CUDDLES PRODUCTS WITH CODE CUDDLES10. NO A/S REQUIRED/ EXPIRES 12/31","10% off",CUDDLES10,No,pepperjam,,https://www.1800petmeds.com/search,https://www.1800petmeds.com/search,https://www.1800petmeds.com/search,,https://brandlogos.org/api/get/images/?brand=1800petmeds.com&size=[size]&format=[format]&token=b061905397e44b387a5590ab545c592b6c8b028195527fb54c787caae0d5b4fa&domain=nectarly.us,Code,1800petmeds.com,https://www.1800petmeds.com/,,"Pet Supplies",2025-04-10,2027-01-01,,"United States of America",US,en,1
28258046,"Save $5-$20 Off Sitewide at PetMeds with code: PETS","Save $5-$20 Off Sitewide at PetMeds with code: PETS -- AutoShip not required -- Tiered Promo: $5 off orders of $0-$120, $10 off orders $120-$170, $15 off orders $170-$220, $20 off orders $220+","save $5",PETS,No,pepperjam,,https://www.1800petmeds.com/,https://www.1800petmeds.com/,https://www.1800petmeds.com/,,https://brandlogos.org/api/get/images/?brand=1800petmeds.com&size=[size]&format=[format]&token=b061905397e44b387a5590ab545c592b6c8b028195527fb54c787caae0d5b4fa&domain=nectarly.us,Code,1800petmeds.com,https://www.1800petmeds.com/,,"Pet Supplies",2025-03-27,,,"United States of America",US,en,2
29158888,"Три месяца использования за 0 рублей.",,"Лучшее предложение",,No,admitad,,https://www.1-ofd.ru/,https://www.1-ofd.ru/,https://www.1-ofd.ru/,http://cdn.admitad.com/campaign/images/2023/12/26/45959-fa18f3a98b6ed577.svg,https://brandlogos.org/api/get/images/?brand=1-ofd.ru&size=[size]&format=[format]&token=4026d06833c7e20488514953485452f7ede0fefc30fd1907a3fc832a1599fb66&domain=nectarly.us,Deal,1-ofd.ru,https://www.1-ofd.ru/,,,2024-05-24,,,Russia,RU,ru,0
29441181,"Exklusiv bei 123.live | Entdecken Sie Jutta Niedhardt Cosmetics","Pflege & Cremes von Jutta Niedhardt exklusiv bei 123.live: entdecken Sie hochwertige Pflegeprodukte für sichtbar strahlende und gepflegte Haut!","Heißes Angebot",,No,awin,,https://www.123.live/juttaniedhardt_produkte/,https://www.123.live/juttaniedhardt_produkte/,https://www.123.live/juttaniedhardt_produkte/,,https://brandlogos.org/api/get/images/?brand=1-2-3.tv&size=[size]&format=[format]&token=ea31716127f2be60bbed90875070af19d52f8c4976aba297ad40a25113c0c956&domain=nectarly.us,Deal,1-2-3.tv,https://www.1-2-3.tv/,,"Makeup Products,Personal Care Appliances",2025-05-19,2027-12-31,,Germany,DE,de,0
29441182,"24 Stunden Deals | Top-Angebote zu attraktiven Festpreisen","Entdecken Sie jetzt die 24-Stunden-Deals von 123.live – täglich neue Highlights zu besonders attraktiven Festpreisen!",Super-Angebot,,No,awin,,https://www.123.live/24stunden/,https://www.123.live/24stunden/,https://www.123.live/24stunden/,,https://brandlogos.org/api/get/images/?brand=1-2-3.tv&size=[size]&format=[format]&token=ea31716127f2be60bbed90875070af19d52f8c4976aba297ad40a25113c0c956&domain=nectarly.us,Deal,1-2-3.tv,https://www.1-2-3.tv/,,,2025-05-19,2027-12-31,,Germany,DE,de,0
29441991,"Yummy Mummy - Breast Pumps and Supplies | Breast Pumps & More!","Yummy Mummy - Breast Pumps and Supplies | Breast Pumps & More!","Save Big",,No,awin,,https://yummymummystore.com/affiliate,https://yummymummystore.com/affiliate,https://yummymummystore.com/affiliate,,https://brandlogos.org/api/get/images/?brand=17fdda295f.nxcli.io&size=[size]&format=[format]&token=221b6288c1feb2b82359e5163c247a61e2aa77d6ec22a507bc6b0252c790f5a5&domain=nectarly.us,Deal,17fdda295f.nxcli.io,https://17fdda295f.nxcli.io/,,Maternity,2025-03-12,2032-03-12,,"multi country",,en,0
29445142,"Modern Fans","Peruse our curated selection of indoor & outdoor fans.","Best Offer",,No,awin,,https://www.2modern.com/collections/fans,https://www.2modern.com/collections/fans,https://www.2modern.com/collections/fans,,https://brandlogos.org/api/get/images/?brand=2modern.com&size=[size]&format=[format]&token=11e1e31b44902bc26527b0e732fd0e9b2c696600b36378000bfa589d6c5803af&domain=nectarly.us,Deal,2modern.com,https://www.2modern.com/,,,2024-05-17,2027-01-01,,"United States of America",US,en,0
29445143,"Kitchen & Tabletop","Kitchen & Tabletop Essentials. Peruse kitchen tools, glassware, dinnerware, barware, table linens & more.","Save Big",,No,awin,,https://www.2modern.com/pages/kitchen-table,https://www.2modern.com/pages/kitchen-table,https://www.2modern.com/pages/kitchen-table,,https://brandlogos.org/api/get/images/?brand=2modern.com&size=[size]&format=[format]&token=11e1e31b44902bc26527b0e732fd0e9b2c696600b36378000bfa589d6c5803af&domain=nectarly.us,Deal,2modern.com,https://www.2modern.com/,,Kitchenware,2024-05-17,2027-01-01,,"United States of America",US,en,0
29445144,"Home Decor","Home decor, wall art, wallpaper, planters, throw blankets, mirrors & more.","Best Offer",,No,awin,,https://www.2modern.com/pages/decor,https://www.2modern.com/pages/decor,https://www.2modern.com/pages/decor,,https://brandlogos.org/api/get/images/?brand=2modern.com&size=[size]&format=[format]&token=11e1e31b44902bc26527b0e732fd0e9b2c696600b36378000bfa589d6c5803af&domain=nectarly.us,Deal,2modern.com,https://www.2modern.com/,,"Furniture and Decor",2024-05-17,2027-01-01,,"United States of America",US,en,0
29445145,"Modern Rugs","Rugs for every space, indoor & out. Shop by shape and size.","Hot Offer",,No,awin,,https://www.2modern.com/pages/decor,https://www.2modern.com/pages/decor,https://www.2modern.com/pages/decor,,https://brandlogos.org/api/get/images/?brand=2modern.com&size=[size]&format=[format]&token=11e1e31b44902bc26527b0e732fd0e9b2c696600b36378000bfa589d6c5803af&domain=nectarly.us,Deal,2modern.com,https://www.2modern.com/,,"Furniture and Decor",2024-05-17,2027-01-01,,"United States of America",US,en,0
29445146,"Nursery & Kids Room","Nursery Furniture, Kids Furniture, Bedding, Rugs & Kids Room Decor.","Super Offer",,No,awin,,https://www.2modern.com/pages/kids-baby,https://www.2modern.com/pages/kids-baby,https://www.2modern.com/pages/kids-baby,,https://brandlogos.org/api/get/images/?brand=2modern.com&size=[size]&format=[format]&token=11e1e31b44902bc26527b0e732fd0e9b2c696600b36378000bfa589d6c5803af&domain=nectarly.us,Deal,2modern.com,https://www.2modern.com/,,"Kids Fashion,Furniture and Decor",2024-05-17,2027-01-01,,"United States of America",US,en,0
29445147,"Outdoor Furniture, Lighting & Decor","Outdoor furniture, lighting & decor. Peruse lounge furniture, dining sets, planters & more.","Save Big",,No,awin,,https://www.2modern.com/pages/outdoor,https://www.2modern.com/pages/outdoor,https://www.2modern.com/pages/outdoor,,https://brandlogos.org/api/get/images/?brand=2modern.com&size=[size]&format=[format]&token=11e1e31b44902bc26527b0e732fd0e9b2c696600b36378000bfa589d6c5803af&domain=nectarly.us,Deal,2modern.com,https://www.2modern.com/,,"Furniture and Decor",2024-05-17,2027-01-01,,"United States of America",US,en,0
29445148,"Modern Lighting","Pendants, chandeliers, wall sconces, table lamps, floor lamps, portable lamps & landscape lighting.","Super Offer",,No,awin,,https://www.2modern.com/pages/lighting,https://www.2modern.com/pages/lighting,https://www.2modern.com/pages/lighting,,https://brandlogos.org/api/get/images/?brand=2modern.com&size=[size]&format=[format]&token=11e1e31b44902bc26527b0e732fd0e9b2c696600b36378000bfa589d6c5803af&domain=nectarly.us,Deal,2modern.com,https://www.2modern.com/,,"Furniture and Decor",2024-05-17,2027-01-01,,"United States of America",US,en,0
29445149,"Modern Furniture","Modern furniture for every space. Living Room, Dining Room, Office, Bedroom & Game Room","Hot Offer",,No,awin,,https://www.2modern.com/pages/furniture,https://www.2modern.com/pages/furniture,https://www.2modern.com/pages/furniture,,https://brandlogos.org/api/get/images/?brand=2modern.com&size=[size]&format=[format]&token=11e1e31b44902bc26527b0e732fd0e9b2c696600b36378000bfa589d6c5803af&domain=nectarly.us,Deal,2modern.com,https://www.2modern.com/,,"Furniture and Decor",2024-05-17,2027-01-01,,"United States of America",US,en,0
29445538,"Best Sellers on 2Modern","Roundup of Top Designers & Customer Favorites on 2Modern.","Best Offer",,No,awin,,https://www.2modern.com/collections/best-sellers,https://www.2modern.com/collections/best-sellers,https://www.2modern.com/collections/best-sellers,,https://brandlogos.org/api/get/images/?brand=2modern.com&size=[size]&format=[format]&token=11e1e31b44902bc26527b0e732fd0e9b2c696600b36378000bfa589d6c5803af&domain=nectarly.us,Deal,2modern.com,https://www.2modern.com/,,"Furniture and Decor",2024-01-10,2026-12-31,,"United States of America",US,en,0
29445539,"New Arrivals at 2Modern","What's New & Now at 2Modern. Discover Designer Furniture, Lighting, Decor & More. Curated Daily Since 2003.","Super Offer",,No,awin,,https://www.2modern.com/collections/new,https://www.2modern.com/collections/new,https://www.2modern.com/collections/new,,https://brandlogos.org/api/get/images/?brand=2modern.com&size=[size]&format=[format]&token=11e1e31b44902bc26527b0e732fd0e9b2c696600b36378000bfa589d6c5803af&domain=nectarly.us,Deal,2modern.com,https://www.2modern.com/,,"Furniture and Decor",2024-01-10,2026-12-31,,"United States of America",US,en,0
29446215,"Big Data With Unlimited Calls And Texts With Fast 4G & 5G Data - Order Now","Big Data With Unlimited Calls And Texts With Fast 4G & 5G Data - Order Now","Save Big",,No,awin,,https://www.1pmobile.com/,https://www.1pmobile.com/,https://www.1pmobile.com/,,https://brandlogos.org/api/get/images/?brand=1pmobile.com&size=[size]&format=[format]&token=cb28956783b7aa4b3d50352e96cf95d69866be12b6259a2d58f36a93339a6fbb&domain=nectarly.us,Deal,1pmobile.com,https://www.1pmobile.com/,,"Mobiles and Tablets,Mobile Accessories",2022-12-05,2050-12-05,,"United Kingdom",GB,en,0
29446218,"Order Now And Receive UK's Lowest Rate For Calls, Texts, And Data","Order Now And Receive UK's Lowest Rate For Calls, Texts, And Data","Super Offer",,No,awin,,https://www.1pmobile.com/,https://www.1pmobile.com/,https://www.1pmobile.com/,,https://brandlogos.org/api/get/images/?brand=1pmobile.com&size=[size]&format=[format]&token=cb28956783b7aa4b3d50352e96cf95d69866be12b6259a2d58f36a93339a6fbb&domain=nectarly.us,Deal,1pmobile.com,https://www.1pmobile.com/,,"Mobile Recharge",2022-11-29,2050-11-30,,"United Kingdom",GB,en,0
29797592,"Free 25GB SIM Data Boost","Free 25GB Data Boost (applied when SIM activated)","Hot Offer",VASB25,No,awin,,https://www.1pmobile.com/order-your-sim,https://www.1pmobile.com/order-your-sim,https://www.1pmobile.com/order-your-sim,,https://brandlogos.org/api/get/images/?brand=1pmobile.com&size=[size]&format=[format]&token=cb28956783b7aa4b3d50352e96cf95d69866be12b6259a2d58f36a93339a6fbb&domain=nectarly.us,Code,1pmobile.com,https://www.1pmobile.com/,,"Mobiles and Tablets",2024-07-25,2050-12-31,,"United Kingdom",GB,en,1
29797593,"Free 50GB SIM Data Boost","Free 50GB Data Boost (applied when SIM activated)","Super Offer",VASB50,No,awin,,https://www.1pmobile.com/order-your-sim,https://www.1pmobile.com/order-your-sim,https://www.1pmobile.com/order-your-sim,,https://brandlogos.org/api/get/images/?brand=1pmobile.com&size=[size]&format=[format]&token=cb28956783b7aa4b3d50352e96cf95d69866be12b6259a2d58f36a93339a6fbb&domain=nectarly.us,Code,1pmobile.com,https://www.1pmobile.com/,,"Mobiles and Tablets",2024-07-25,2050-12-31,,"United Kingdom",GB,en,1
29797602,"Free 10GB SIM data Boost","Free 10GB Data Boost (applied when SIM activated)","Save Big",VASB10GB,No,awin,,https://www.1pmobile.com/,https://www.1pmobile.com/,https://www.1pmobile.com/,,https://brandlogos.org/api/get/images/?brand=1pmobile.com&size=[size]&format=[format]&token=cb28956783b7aa4b3d50352e96cf95d69866be12b6259a2d58f36a93339a6fbb&domain=nectarly.us,Code,1pmobile.com,https://www.1pmobile.com/,,"Mobiles and Tablets",2023-05-31,2050-12-31,,"United Kingdom",GB,en,1
29797603,"Free £5 top-up credit","Free £5 top-up credit (applied when SIM activated)","Super Offer",VA5TU,No,awin,,https://www.1pmobile.com/,https://www.1pmobile.com/,https://www.1pmobile.com/,,https://brandlogos.org/api/get/images/?brand=1pmobile.com&size=[size]&format=[format]&token=cb28956783b7aa4b3d50352e96cf95d69866be12b6259a2d58f36a93339a6fbb&domain=nectarly.us,Code,1pmobile.com,https://www.1pmobile.com/,,"Mobile Recharge",2023-02-07,2050-12-31,,"United Kingdom",GB,en,1
29797604,"Free 2GB SIM Data Boost","Free 2GB Data Boost (applied when SIM activated)","Super Offer",VA2GB,No,awin,,https://www.1pmobile.com/,https://www.1pmobile.com/,https://www.1pmobile.com/,,https://brandlogos.org/api/get/images/?brand=1pmobile.com&size=[size]&format=[format]&token=cb28956783b7aa4b3d50352e96cf95d69866be12b6259a2d58f36a93339a6fbb&domain=nectarly.us,Code,1pmobile.com,https://www.1pmobile.com/,,"Mobiles and Tablets",2023-02-07,2050-12-31,,"United Kingdom",GB,en,1
29797605,"Free 1GB SIM Data Boost","Free 1GB Data Boost (applied when SIM activated)","Best Offer",VA1GB,No,awin,,https://www.1pmobile.com,https://www.1pmobile.com,https://www.1pmobile.com,,https://brandlogos.org/api/get/images/?brand=1pmobile.com&size=[size]&format=[format]&token=cb28956783b7aa4b3d50352e96cf95d69866be12b6259a2d58f36a93339a6fbb&domain=nectarly.us,Code,1pmobile.com,https://www.1pmobile.com/,,"Mobiles and Tablets",2023-02-07,2050-12-31,,"United Kingdom",GB,en,1
30489586,"Home Page Text",1791gunleather.com,"Hot Offer",,No,avantlink,,https://1791gunleather.com/,https://1791gunleather.com/,https://1791gunleather.com/,,https://brandlogos.org/api/get/images/?brand=1791gunleather.com&size=[size]&format=[format]&token=f1d18cf98fa4f4536d782ac3c869283f15810a8afda7e091a4ba855ddee032db&domain=nectarly.us,Deal,1791gunleather.com,https://1791gunleather.com/,,"Safety Supplies",2020-11-11,2037-12-31,,"United States of America",US,en,0
30489587,"Optic Ready Holsters","Optic Ready Holsters: Multi fit/Sweat Guard/FBI Forward Cant! Free Shipping on All Orders! 1971gunleather.com","Super Offer",,No,avantlink,,https://1791gunleather.com/holsters/optic-ready/,https://1791gunleather.com/holsters/optic-ready/,https://1791gunleather.com/holsters/optic-ready/,,https://brandlogos.org/api/get/images/?brand=1791gunleather.com&size=[size]&format=[format]&token=f1d18cf98fa4f4536d782ac3c869283f15810a8afda7e091a4ba855ddee032db&domain=nectarly.us,Deal,1791gunleather.com,https://1791gunleather.com/,,"Sports Equipments",2020-11-11,2037-12-31,,"United States of America",US,en,0
30489588,"1791 Gunleather - Free Shipping - Wide Skyscraper",,"Great Value",,No,avantlink,,https://1791gunleather.com/,https://1791gunleather.com/,https://1791gunleather.com/,https://www.avantlink.com/gbi/20405/904993/204365/257453/image.jpg,https://brandlogos.org/api/get/images/?brand=1791gunleather.com&size=[size]&format=[format]&token=f1d18cf98fa4f4536d782ac3c869283f15810a8afda7e091a4ba855ddee032db&domain=nectarly.us,Deal,1791gunleather.com,https://1791gunleather.com/,,"Sports Equipments",2020-11-11,2037-12-31,,"United States of America",US,en,0
30489589,"1791 Gunleather - Free Shipping - Half Banner",,"Super Offer",,No,avantlink,,https://1791gunleather.com/,https://1791gunleather.com/,https://1791gunleather.com/,https://www.avantlink.com/gbi/20405/905001/204365/257453/image.jpg,https://brandlogos.org/api/get/images/?brand=1791gunleather.com&size=[size]&format=[format]&token=f1d18cf98fa4f4536d782ac3c869283f15810a8afda7e091a4ba855ddee032db&domain=nectarly.us,Deal,1791gunleather.com,https://1791gunleather.com/,,,2020-11-11,2037-12-31,,"United States of America",US,en,0
30489590,"1791 Gunleather - Square Pop-Up",,"Super Offer",,No,avantlink,,https://1791gunleather.com/,https://1791gunleather.com/,https://1791gunleather.com/,https://www.avantlink.com/gbi/20405/905005/204365/257453/image.jpg,https://brandlogos.org/api/get/images/?brand=1791gunleather.com&size=[size]&format=[format]&token=f1d18cf98fa4f4536d782ac3c869283f15810a8afda7e091a4ba855ddee032db&domain=nectarly.us,Deal,1791gunleather.com,https://1791gunleather.com/,,"Fashion Accessories",2020-11-11,2037-12-31,,"United States of America",US,en,0
30489591,"1791 Gunleather - Medium Rectangle (2)",,"Super Offer",,No,avantlink,,https://1791gunleather.com/,https://1791gunleather.com/,https://1791gunleather.com/,https://www.avantlink.com/gbi/20405/905013/204365/257453/image.jpg,https://brandlogos.org/api/get/images/?brand=1791gunleather.com&size=[size]&format=[format]&token=f1d18cf98fa4f4536d782ac3c869283f15810a8afda7e091a4ba855ddee032db&domain=nectarly.us,Deal,1791gunleather.com,https://1791gunleather.com/,,"Safety Supplies",2020-11-11,2037-12-31,,"United States of America",US,en,0
30489592,"1791 Gunleather - Half Page",,"Super Offer",,No,avantlink,,https://1791gunleather.com/,https://1791gunleather.com/,https://1791gunleather.com/,https://www.avantlink.com/gbi/20405/905017/204365/257453/image.jpg,https://brandlogos.org/api/get/images/?brand=1791gunleather.com&size=[size]&format=[format]&token=f1d18cf98fa4f4536d782ac3c869283f15810a8afda7e091a4ba855ddee032db&domain=nectarly.us,Deal,1791gunleather.com,https://1791gunleather.com/,,"Safety Supplies",2020-11-11,2037-12-31,,"United States of America",US,en,0
30489593,"1791 Gunleather - Free Shipping - Full Banner",,"Hot Offer",,No,avantlink,,https://1791gunleather.com/,https://1791gunleather.com/,https://1791gunleather.com/,https://www.avantlink.com/gbi/20405/905021/204365/257453/image.jpg,https://brandlogos.org/api/get/images/?brand=1791gunleather.com&size=[size]&format=[format]&token=f1d18cf98fa4f4536d782ac3c869283f15810a8afda7e091a4ba855ddee032db&domain=nectarly.us,Deal,1791gunleather.com,https://1791gunleather.com/,,"Fashion Accessories",2020-11-11,2037-12-31,,"United States of America",US,en,0
30489594,"1791 Top Seller: Gun Belt 01","1791 Top Seller: Gun Belt 01! American Native Heavy Steerhide NO Stretch Construction/Lifetime Warranty! Plus Free Shipping! 1791gunleather.com","Save Big",,No,avantlink,,https://1791gunleather.com/product/gun-belt-01-made-with-100-american-heavy-native-steerhide/,https://1791gunleather.com/product/gun-belt-01-made-with-100-american-heavy-native-steerhide/,https://1791gunleather.com/product/gun-belt-01-made-with-100-american-heavy-native-steerhide/,,https://brandlogos.org/api/get/images/?brand=1791gunleather.com&size=[size]&format=[format]&token=f1d18cf98fa4f4536d782ac3c869283f15810a8afda7e091a4ba855ddee032db&domain=nectarly.us,Deal,1791gunleather.com,https://1791gunleather.com/,,"Fashion Accessories",2020-11-30,2037-12-31,,"United States of America",US,en,0
30489595,"1791 Top Seller: 2WH - 2 WAY MULTI-FIT IWB CONCEALMENT LEATHER HOLSTER","1791 Top Seller! 2WH: 2 WAY MULTI-FIT IWB CONCEALMENT LEATHER HOLSTER! 100% Certified American Steerhide! Plus Free Shipping! 1791gunleather.com","Best Offer",,No,avantlink,,https://1791gunleather.com/product/2wh-2-way-concealment-leather-holster/,https://1791gunleather.com/product/2wh-2-way-concealment-leather-holster/,https://1791gunleather.com/product/2wh-2-way-concealment-leather-holster/,,https://brandlogos.org/api/get/images/?brand=1791gunleather.com&size=[size]&format=[format]&token=f1d18cf98fa4f4536d782ac3c869283f15810a8afda7e091a4ba855ddee032db&domain=nectarly.us,Deal,1791gunleather.com,https://1791gunleather.com/,,"Safety Supplies",2020-11-30,2037-12-31,,"United States of America",US,en,0
30489596,"Free Shipping","FREE Shipping on ALL Orders! 1791gunleather.com","Hot Offer",,No,avantlink,,https://1791gunleather.com/,https://1791gunleather.com/,https://1791gunleather.com/,,https://brandlogos.org/api/get/images/?brand=1791gunleather.com&size=[size]&format=[format]&token=f1d18cf98fa4f4536d782ac3c869283f15810a8afda7e091a4ba855ddee032db&domain=nectarly.us,Deal,1791gunleather.com,https://1791gunleather.com/,,"Handbags and Wallets",2020-12-03,2037-12-31,,"United States of America",US,en,0
30489597,"1791 Gun Leather",,"Best Offer",,No,avantlink,,https://1791gunleather.com/,https://1791gunleather.com/,https://1791gunleather.com/,https://www.avantlink.com/gbi/20405/915045/204365/257453/image.jpg,https://brandlogos.org/api/get/images/?brand=1791gunleather.com&size=[size]&format=[format]&token=f1d18cf98fa4f4536d782ac3c869283f15810a8afda7e091a4ba855ddee032db&domain=nectarly.us,Deal,1791gunleather.com,https://1791gunleather.com/,,Sports,2020-12-11,2037-12-31,,"United States of America",US,en,0
30489598,"1791 Gun Leather/Free Shipping",,"Super Offer",,No,avantlink,,https://1791gunleather.com/,https://1791gunleather.com/,https://1791gunleather.com/,https://www.avantlink.com/gbi/20405/915057/204365/257453/image.jpg,https://brandlogos.org/api/get/images/?brand=1791gunleather.com&size=[size]&format=[format]&token=f1d18cf98fa4f4536d782ac3c869283f15810a8afda7e091a4ba855ddee032db&domain=nectarly.us,Deal,1791gunleather.com,https://1791gunleather.com/,,,2020-12-11,2037-12-31,,"United States of America",US,en,0
30489599,"Gun Belt 300*250",,"Hot Offer",,No,avantlink,,https://1791gunleather.com/product/gun-belt-01-made-with-100-american-heavy-native-steerhide/,https://1791gunleather.com/product/gun-belt-01-made-with-100-american-heavy-native-steerhide/,https://1791gunleather.com/product/gun-belt-01-made-with-100-american-heavy-native-steerhide/,https://www.avantlink.com/gbi/20405/963985/204365/257453/image.jpg,https://brandlogos.org/api/get/images/?brand=1791gunleather.com&size=[size]&format=[format]&token=f1d18cf98fa4f4536d782ac3c869283f15810a8afda7e091a4ba855ddee032db&domain=nectarly.us,Deal,1791gunleather.com,https://1791gunleather.com/,,"Safety Supplies",2021-09-15,2037-12-31,,"United States of America",US,en,0
30489600,"Gun Belt 468*60",,"Great Value",,No,avantlink,,https://1791gunleather.com/product/gun-belt-01-made-with-100-american-heavy-native-steerhide/,https://1791gunleather.com/product/gun-belt-01-made-with-100-american-heavy-native-steerhide/,https://1791gunleather.com/product/gun-belt-01-made-with-100-american-heavy-native-steerhide/,https://www.avantlink.com/gbi/20405/963989/204365/257453/image.jpg,https://brandlogos.org/api/get/images/?brand=1791gunleather.com&size=[size]&format=[format]&token=f1d18cf98fa4f4536d782ac3c869283f15810a8afda7e091a4ba855ddee032db&domain=nectarly.us,Deal,1791gunleather.com,https://1791gunleather.com/,,"Fashion Accessories",2021-09-15,2037-12-31,,"United States of America",US,en,0
30489601,"Gun Belt 728*90",,"Hot Offer",,No,avantlink,,https://1791gunleather.com/product/gun-belt-01-made-with-100-american-heavy-native-steerhide/,https://1791gunleather.com/product/gun-belt-01-made-with-100-american-heavy-native-steerhide/,https://1791gunleather.com/product/gun-belt-01-made-with-100-american-heavy-native-steerhide/,https://www.avantlink.com/gbi/20405/963993/204365/257453/image.jpg,https://brandlogos.org/api/get/images/?brand=1791gunleather.com&size=[size]&format=[format]&token=f1d18cf98fa4f4536d782ac3c869283f15810a8afda7e091a4ba855ddee032db&domain=nectarly.us,Deal,1791gunleather.com,https://1791gunleather.com/,,"Sports Equipments",2021-09-15,2037-12-31,,"United States of America",US,en,0
30489602,"Ultra Custom Light Bearing 728x90",,"Great Value",,No,avantlink,,https://1791gunleather.com/holsters/ultra-custom-holsters/,https://1791gunleather.com/holsters/ultra-custom-holsters/,https://1791gunleather.com/holsters/ultra-custom-holsters/,https://www.avantlink.com/gbi/20405/1023277/204365/257453/image.jpg,https://brandlogos.org/api/get/images/?brand=1791gunleather.com&size=[size]&format=[format]&token=f1d18cf98fa4f4536d782ac3c869283f15810a8afda7e091a4ba855ddee032db&domain=nectarly.us,Deal,1791gunleather.com,https://1791gunleather.com/,,"Safety Supplies",2022-05-17,2037-12-31,,"United States of America",US,en,0
30489603,"Ultra Custom Light Bearing 468x60",,"Best Offer",,No,avantlink,,https://1791gunleather.com/holsters/ultra-custom-holsters/,https://1791gunleather.com/holsters/ultra-custom-holsters/,https://1791gunleather.com/holsters/ultra-custom-holsters/,https://www.avantlink.com/gbi/20405/1023281/204365/257453/image.jpg,https://brandlogos.org/api/get/images/?brand=1791gunleather.com&size=[size]&format=[format]&token=f1d18cf98fa4f4536d782ac3c869283f15810a8afda7e091a4ba855ddee032db&domain=nectarly.us,Deal,1791gunleather.com,https://1791gunleather.com/,,"Safety Supplies",2022-05-17,2037-12-31,,"United States of America",US,en,0
30489604,"Ultra Custom Light Bearing Holster 300x250",,"Great Value",,No,avantlink,,https://1791gunleather.com/holsters/ultra-custom-holsters/,https://1791gunleather.com/holsters/ultra-custom-holsters/,https://1791gunleather.com/holsters/ultra-custom-holsters/,https://www.avantlink.com/gbi/20405/1023805/204365/257453/image.jpg,https://brandlogos.org/api/get/images/?brand=1791gunleather.com&size=[size]&format=[format]&token=f1d18cf98fa4f4536d782ac3c869283f15810a8afda7e091a4ba855ddee032db&domain=nectarly.us,Deal,1791gunleather.com,https://1791gunleather.com/,,"Safety Supplies",2022-05-20,2037-12-31,,"United States of America",US,en,0
30489605,"Mold & Remold Your Holster 300x250",,"Save Big",,No,avantlink,,https://1791gunleather.com/product/ultra-custom-light-bearing-compact/,https://1791gunleather.com/product/ultra-custom-light-bearing-compact/,https://1791gunleather.com/product/ultra-custom-light-bearing-compact/,https://www.avantlink.com/gbi/20405/1038157/204365/257453/image.png,https://brandlogos.org/api/get/images/?brand=1791gunleather.com&size=[size]&format=[format]&token=f1d18cf98fa4f4536d782ac3c869283f15810a8afda7e091a4ba855ddee032db&domain=nectarly.us,Deal,1791gunleather.com,https://1791gunleather.com/,,"Safety Supplies",2022-07-25,2037-12-31,,"United States of America",US,en,0
30489606,"Gun Belt Group Ad 300x250",,"Great Value",,No,avantlink,,https://1791gunleather.com/product/gun-belt-01-made-with-100-american-heavy-native-steerhide/,https://1791gunleather.com/product/gun-belt-01-made-with-100-american-heavy-native-steerhide/,https://1791gunleather.com/product/gun-belt-01-made-with-100-american-heavy-native-steerhide/,https://www.avantlink.com/gbi/20405/1047709/204365/257453/image.png,https://brandlogos.org/api/get/images/?brand=1791gunleather.com&size=[size]&format=[format]&token=f1d18cf98fa4f4536d782ac3c869283f15810a8afda7e091a4ba855ddee032db&domain=nectarly.us,Deal,1791gunleather.com,https://1791gunleather.com/,,"Sports Equipments",2022-09-12,2037-12-31,,"United States of America",US,en,0
30489607,"Gun Belt Vintage Ad 600x600",,"Save Big",,No,avantlink,,https://1791gunleather.com/product/gun-belt-01-made-with-100-american-heavy-native-steerhide/,https://1791gunleather.com/product/gun-belt-01-made-with-100-american-heavy-native-steerhide/,https://1791gunleather.com/product/gun-belt-01-made-with-100-american-heavy-native-steerhide/,https://www.avantlink.com/gbi/20405/1047713/204365/257453/image.png,https://brandlogos.org/api/get/images/?brand=1791gunleather.com&size=[size]&format=[format]&token=f1d18cf98fa4f4536d782ac3c869283f15810a8afda7e091a4ba855ddee032db&domain=nectarly.us,Deal,1791gunleather.com,https://1791gunleather.com/,,"Fashion Accessories",2022-09-12,2037-12-31,,"United States of America",US,en,0
30489608,"Gun Belt Ad 2 - 300x250",,"Hot Offer",,No,avantlink,,https://1791gunleather.com/product/gun-belt-01-made-with-100-american-heavy-native-steerhide/,https://1791gunleather.com/product/gun-belt-01-made-with-100-american-heavy-native-steerhide/,https://1791gunleather.com/product/gun-belt-01-made-with-100-american-heavy-native-steerhide/,https://www.avantlink.com/gbi/20405/1048121/204365/257453/image.png,https://brandlogos.org/api/get/images/?brand=1791gunleather.com&size=[size]&format=[format]&token=f1d18cf98fa4f4536d782ac3c869283f15810a8afda7e091a4ba855ddee032db&domain=nectarly.us,Deal,1791gunleather.com,https://1791gunleather.com/,,,2022-09-13,2037-12-31,,"United States of America",US,en,0
30489609,"Gun Belt Ad 3 - 300x250",,"Best Offer",,No,avantlink,,https://1791gunleather.com/product/gun-belt-01-made-with-100-american-heavy-native-steerhide/,https://1791gunleather.com/product/gun-belt-01-made-with-100-american-heavy-native-steerhide/,https://1791gunleather.com/product/gun-belt-01-made-with-100-american-heavy-native-steerhide/,https://www.avantlink.com/gbi/20405/1048125/204365/257453/image.png,https://brandlogos.org/api/get/images/?brand=1791gunleather.com&size=[size]&format=[format]&token=f1d18cf98fa4f4536d782ac3c869283f15810a8afda7e091a4ba855ddee032db&domain=nectarly.us,Deal,1791gunleather.com,https://1791gunleather.com/,,"Safety Supplies",2022-09-13,2037-12-31,,"United States of America",US,en,0
30900543,"35% off Sitewide, Autoship Required, Save up to $20, Exclusions Apply, Not Stackable, 1 use per customer","35% off Sitewide with code FETCH35, Autoship Required, Save up to $20, Exclusions Apply, Not Stackable, 1 use per customer.","35% off",FETCH35,No,pepperjam,,https://www.1800petmeds.com/,https://www.1800petmeds.com/,https://www.1800petmeds.com/,,https://brandlogos.org/api/get/images/?brand=1800petmeds.com&size=[size]&format=[format]&token=b061905397e44b387a5590ab545c592b6c8b028195527fb54c787caae0d5b4fa&domain=nectarly.us,Code,1800petmeds.com,https://www.1800petmeds.com/,,"Pet Supplies",2025-12-29,2027-01-01,,"United States of America",US,en,1
30950374,"Free 10GB Data Boost (applied when SIM activated)","Free 10GB Data Boost (applied when SIM activated)","Super Offer",VASB10GB,No,ecomnia-GB,,https://www.1pmobile.com/,https://www.1pmobile.com/,https://www.1pmobile.com/,,https://brandlogos.org/api/get/images/?brand=1pmobile.com&size=[size]&format=[format]&token=cb28956783b7aa4b3d50352e96cf95d69866be12b6259a2d58f36a93339a6fbb&domain=nectarly.us,Code,1pmobile.com,https://www.1pmobile.com/,,"Mobiles and Tablets",2023-05-31,2050-12-31,,"United Kingdom",GB,en,1
30950375,"Free £5 top-up credit (applied when SIM activated)","Free £5 top-up credit (applied when SIM activated)","Great Value",VA5TU,No,ecomnia-GB,,https://www.1pmobile.com/,https://www.1pmobile.com/,https://www.1pmobile.com/,,https://brandlogos.org/api/get/images/?brand=1pmobile.com&size=[size]&format=[format]&token=cb28956783b7aa4b3d50352e96cf95d69866be12b6259a2d58f36a93339a6fbb&domain=nectarly.us,Code,1pmobile.com,https://www.1pmobile.com/,,"Mobile Recharge",2023-02-07,2050-12-31,,"United Kingdom",GB,en,1
30950376,"Free 25GB Data Boost (applied when SIM activated)","Free 25GB Data Boost (applied when SIM activated)","Best Offer",VASB25,No,ecomnia-GB,,https://www.1pmobile.com/,https://www.1pmobile.com/,https://www.1pmobile.com/,,https://brandlogos.org/api/get/images/?brand=1pmobile.com&size=[size]&format=[format]&token=cb28956783b7aa4b3d50352e96cf95d69866be12b6259a2d58f36a93339a6fbb&domain=nectarly.us,Code,1pmobile.com,https://www.1pmobile.com/,,"Mobile Recharge",2024-07-25,2050-12-31,,"United Kingdom",GB,en,1
30950377,"Free 50GB Data Boost (applied when SIM activated)","Free 50GB Data Boost (applied when SIM activated)","Super Offer",VASB50,No,ecomnia-GB,,https://www.1pmobile.com/,https://www.1pmobile.com/,https://www.1pmobile.com/,,https://brandlogos.org/api/get/images/?brand=1pmobile.com&size=[size]&format=[format]&token=cb28956783b7aa4b3d50352e96cf95d69866be12b6259a2d58f36a93339a6fbb&domain=nectarly.us,Code,1pmobile.com,https://www.1pmobile.com/,,"Mobiles and Tablets",2024-07-25,2050-12-31,,"United Kingdom",GB,en,1
30950378,"Free 2GB Data Boost (applied when SIM activated)","Free 2GB Data Boost (applied when SIM activated)","Best Offer",VA2GB,No,ecomnia-GB,,https://www.1pmobile.com/,https://www.1pmobile.com/,https://www.1pmobile.com/,,https://brandlogos.org/api/get/images/?brand=1pmobile.com&size=[size]&format=[format]&token=cb28956783b7aa4b3d50352e96cf95d69866be12b6259a2d58f36a93339a6fbb&domain=nectarly.us,Code,1pmobile.com,https://www.1pmobile.com/,,"Mobile Recharge",2023-02-07,2050-12-31,,"United Kingdom",GB,en,1
30950379,"Free 1GB Data Boost (applied when SIM activated)","Free 1GB Data Boost (applied when SIM activated)","Save Big",VA1GB,No,ecomnia-GB,,https://www.1pmobile.com/,https://www.1pmobile.com/,https://www.1pmobile.com/,,https://brandlogos.org/api/get/images/?brand=1pmobile.com&size=[size]&format=[format]&token=cb28956783b7aa4b3d50352e96cf95d69866be12b6259a2d58f36a93339a6fbb&domain=nectarly.us,Code,1pmobile.com,https://www.1pmobile.com/,,"Mobile Recharge",2023-02-07,2050-12-31,,"United Kingdom",GB,en,1
30950981,"Sign Up To Get 15% Off Your First Order","Sign Up To Get 15% Off Your First Order","15% off",187WELCOME,No,ecomnia-US,,https://187killerpads.com/,https://187killerpads.com/,https://187killerpads.com/,,https://brandlogos.org/api/get/images/?brand=187killerpads.com&size=[size]&format=[format]&token=4f24e8e3fd7fba00695b54b542c5c7b007775b817e12ce44f02c30fa8687f092&domain=nectarly.us,Code,187killerpads.com,https://187killerpads.com/,,,2022-05-02,2050-12-31,,"United States of America",US,en,1
30950982,"Sign Up To Get 15% Off Your First Order","Sign Up To Get 15% Off Your First Order","15% off",T8WELCOME,No,ecomnia-US,,https://187killerpads.com/,https://187killerpads.com/,https://187killerpads.com/,,https://brandlogos.org/api/get/images/?brand=187killerpads.com&size=[size]&format=[format]&token=4f24e8e3fd7fba00695b54b542c5c7b007775b817e12ce44f02c30fa8687f092&domain=nectarly.us,Code,187killerpads.com,https://187killerpads.com/,,,2022-05-02,2050-12-31,,"United States of America",US,en,1
30951324,"15% off Sitewide with code: INSIDER15. Some exclusions apply.","15% off Sitewide with code: INSIDER15. Some exclusions apply.","15% off",INSIDER15,No,ecomnia-US,,https://www.1stoplighting.com/,https://www.1stoplighting.com/,https://www.1stoplighting.com/,,https://brandlogos.org/api/get/images/?brand=1stoplighting.com&size=[size]&format=[format]&token=b2cef11bd56d8bb25d3235eb313712b4df89233698c935f3792992b82aa1ec01&domain=nectarly.us,Code,1stoplighting.com,https://www.1stoplighting.com/,,,2017-02-27,2050-12-31,,"United States of America",US,en,1
30952015,"20% off all plans only at 123RF.com","20% off all plans only at 123RF.com","20% off",offers123rf20,No,ecomnia-US,,https://www.123rf.com/,https://www.123rf.com/,https://www.123rf.com/,,https://brandlogos.org/api/get/images/?brand=123rf.com&size=[size]&format=[format]&token=77f963e27a67406b7f54e9b7a4a859a3d00d3d13b7c9a5b6cade8e8c6acec213&domain=nectarly.us,Code,123rf.com,https://www.123rf.com/,,Graphics,2024-02-08,2038-12-31,,"multi country",,en,1
30952630,"10% off site wide at 123RF.com","10% off site wide at 123RF.com","10% off",AW10OFF,No,ecomnia-US,,https://www.123rf.com/,https://www.123rf.com/,https://www.123rf.com/,,https://brandlogos.org/api/get/images/?brand=123rf.com&size=[size]&format=[format]&token=77f963e27a67406b7f54e9b7a4a859a3d00d3d13b7c9a5b6cade8e8c6acec213&domain=nectarly.us,Code,123rf.com,https://www.123rf.com/,,Graphics,2024-04-01,2027-01-31,,"multi country",,en,1
32206734,"Welcome Offer - Get 20% off Your First Order","Get 20% OFF your first order when you sign up to our newsletter","20% off",,No,brandreward,,https://www.100percentpure.com/,https://www.100percentpure.com/,https://www.100percentpure.com/,http://www.brandreward.com/img/adv_logo/us-2247771980.png,https://brandlogos.org/api/get/images/?brand=100percentpure.com&size=[size]&format=[format]&token=d18d1349dc7d9489f61a1512ba364bb2cda97e433b650628c224322e28eb691f&domain=nectarly.us,Deal,100percentpure.com,https://www.100percentpure.com/,"Gifts,Green & Eco,B2B","Makeup Products,Body Care",2026-01-26,,,"United States of America",US,en,1
32206735,"Purist Perks - Earn Points, Get Rewards","We've dreamed up some wonderful ways to reward you for shopping at 100% PURE®, and signing up is easy! Discover the amazing benefits that come with each step of our 3 tiers rewards system!","Best Offer",,No,brandreward,,https://www.100percentpure.com/,https://www.100percentpure.com/,https://www.100percentpure.com/,http://www.brandreward.com/img/adv_logo/us-2247771980.png,https://brandlogos.org/api/get/images/?brand=100percentpure.com&size=[size]&format=[format]&token=d18d1349dc7d9489f61a1512ba364bb2cda97e433b650628c224322e28eb691f&domain=nectarly.us,Deal,100percentpure.com,https://www.100percentpure.com/,"Gifts,Green & Eco,B2B","Body Care",2026-01-26,,,"United States of America",US,en,1
32339580,Newsletter-Anmeldung,"Erhalte wöchentlich ein Angebot zum Mega-Preis, Gewinnspiele & weitere Top-Angebote!",Top-Angebot,,No,awin,,https://www.0815.eu/,https://www.0815.eu/,https://www.0815.eu/,,https://brandlogos.org/api/get/images/?brand=0815.eu&size=[size]&format=[format]&token=54201121810b8644df8f1dc65c0f7b1476b476f607f750ad3172606f8d429bac&domain=nectarly.us,Deal,0815.eu,https://www.0815.eu/,,"Automobile Parts,Gift Items,Party Supplies,Gift Cards,Cake and Flowers,Gift Hampers,Personalized Gifts,Grocery,Bags and Suitcase,Mens Clothing,Womens Clothing,Watches,Ethnic Wear,Lingerie,Eyewear,Footwear,Handbags and Wallets,Jewellery,Fashion Accessories,Training Courses,Smart Devices,Cameras,Gaming Consoles,Computers and Laptops,Computer Accessories,Mobiles and Tablets,Mobile Accessories,Personal Care Appliances,Home Appliances,Snacks and Drinks,Fast Food,Restaurants,Collectibles,Entertainment Subscription,Sports,Events,Fan Merchandise,Parks,CDs Books and Magazine,Music,Board Games and Toys,Movies,Medical Supplies,Pathology,Sanitary Products,Consultation Service,Spas Saloons and Parlors,Body Care,Mens Grooming,Makeup Products,Fitness,Nutrition,Insurance,Gardening Supplies,Furniture and Decor,Housekeeping,Packers and Movers,Building Supplies,Pet Supplies,Kitchenware,Safety Supplies,Industrial Tools,Kids Fashion,School Stuff,Baby Care,Baby Food,Maternity,Baby Gears,Bill Payment,Mobile Recharge,Data Card Recharge,DTH Recharge,Graphics,Website Development,Web Hosting,Softwares,Mobile Apps,Sportswear,Sports Equipments,Cycles and Electric Bikes,Arts and Crafts,Office Supplies,Online Printing,Fun Activities,Train Booking,Car Rental,Villas and Homestays,Domestic Flights,International Flights,Bus Bookings,Cabs,Hotels,Holidays,Airport Services,Travel Gear",2026-01-23,2036-12-31,,"European Union",EU,de,0
32686417,"COM1231 - 15% off compatible ink and toner cartridge",,"15% off",COM1231,No,digidip,,https://www.123inkjets.com.au/,https://www.123inkjets.com.au/,https://www.123inkjets.com.au/,,https://brandlogos.org/api/get/images/?brand=123inkjets.com&size=[size]&format=[format]&token=12d0c01152660957d1a4ca166a5f8b4e15c294400d4d085e1d268da6c64c53f5&domain=nectarly.us,Code,123inkjets.com,https://www.123inkjets.com/,,,2019-11-15,,,"United States of America",US,en,1
32762528,"10% Rabatt für das komplette Sortiment","10% Rabatt für das komplette Sortiment","10% rabatt",awin-10,No,ecomnia-DE,,https://www.1a-geschenkeshop.de/,https://www.1a-geschenkeshop.de/,https://www.1a-geschenkeshop.de/,,https://brandlogos.org/api/get/images/?brand=1a-geschenkeshop.de&size=[size]&format=[format]&token=7c279f001a3e404d10e52d75b21dff2c56c20a2a964b9bb4fb7c4a2d8d20eb8e&domain=nectarly.us,Code,1a-geschenkeshop.de,https://www.1a-geschenkeshop.de/,,"Gift Items",2026-01-22,2026-12-30,,Germany,DE,de,1
32770027,"123.live | 2 x 10 € Gutschein für Ihre Empfehlung","Als Dankeschön schreiben wir Ihrem Kundenkonto 10 Euro für jede Empfehlung gut. Natürlich profitiert auch Ihr Freund von der Aktion: Jeder von Ihnen neu geworbene Kunde bekommt einen Einkaufsgutschein über 10 Euro, den er sofort einlösen kann.","Heißes Angebot",,No,awin,,https://www.123.live/ueber-1-2-3.tv/freunde,https://www.123.live/ueber-1-2-3.tv/freunde,https://www.123.live/ueber-1-2-3.tv/freunde,,https://brandlogos.org/api/get/images/?brand=1-2-3.tv&size=[size]&format=[format]&token=ea31716127f2be60bbed90875070af19d52f8c4976aba297ad40a25113c0c956&domain=nectarly.us,Deal,1-2-3.tv,https://www.1-2-3.tv/,,"Gift Cards",2025-02-07,2027-02-09,,Germany,DE,de,0
32770029,"123.live | Unsere Stars des Tages. Schnäppchen zu Tiefpreisen!","Unsere Stars des Tages. Schnäppchen zu Tiefpreisen",Mega-Rabatt,,No,awin,,https://www.1-2-3.tv/,https://www.1-2-3.tv/,https://www.1-2-3.tv/,,https://brandlogos.org/api/get/images/?brand=1-2-3.tv&size=[size]&format=[format]&token=ea31716127f2be60bbed90875070af19d52f8c4976aba297ad40a25113c0c956&domain=nectarly.us,Deal,1-2-3.tv,https://www.1-2-3.tv/,,,2024-03-21,2027-03-27,,Germany,DE,de,0
33139034,"1791 Gunleather/Free Shipping",,"Best Offer",,No,avantlink,,https://1791gunleather.com/,https://1791gunleather.com/,https://1791gunleather.com/,https://www.avantlink.com/gbi/20405/915057/204365/257453/image.jpg,https://brandlogos.org/api/get/images/?brand=1791gunleather.com&size=[size]&format=[format]&token=f1d18cf98fa4f4536d782ac3c869283f15810a8afda7e091a4ba855ddee032db&domain=nectarly.us,Deal,1791gunleather.com,https://1791gunleather.com/,,"Fashion Accessories",2020-12-10,2037-12-31,,"United States of America",US,en,0
33808776,"-20% на все меню","на все меню от 1600р.","-20% Скидка",MIN30,No,admitad,,https://2-berega.ru/spb/,https://2-berega.ru/spb/,https://2-berega.ru/spb/,http://cdn.admitad.com/campaign/images/2024/4/9/4855-a9a4885fb2f3d178.svg,https://brandlogos.org/api/get/images/?brand=2-berega.ru&size=[size]&format=[format]&token=fb59717066b665608781948564258f6ed538ad7103b147485e7314f5c11c89d0&domain=nectarly.us,Code,2-berega.ru,https://2-berega.ru/,,Restaurants,2025-02-05,,,Russia,RU,ru,2
35007552,"100% PURE - Logo","100% PURE - Logo","Super Offer",,No,brandreward,,https://www.100percentpure.com/,https://www.100percentpure.com/,https://www.100percentpure.com/,http://www.brandreward.com/img/adv_logo/us-2247771980.png,https://brandlogos.org/api/get/images/?brand=100percentpure.com&size=[size]&format=[format]&token=d18d1349dc7d9489f61a1512ba364bb2cda97e433b650628c224322e28eb691f&domain=nectarly.us,Deal,100percentpure.com,https://www.100percentpure.com/,"Gifts,Green & Eco,B2B","Gift Items",2025-06-19,,,"United States of America",US,en,1
35007553,"Free US Standard Shipping on orders $50+ at www.100percentpure.com","Free US Standard Shipping on orders $50+ at www.100percentpure.com","Save Big",,No,brandreward,,https://www.100percentpure.com/,https://www.100percentpure.com/,https://www.100percentpure.com/,http://www.brandreward.com/img/adv_logo/us-2247771980.png,https://brandlogos.org/api/get/images/?brand=100percentpure.com&size=[size]&format=[format]&token=d18d1349dc7d9489f61a1512ba364bb2cda97e433b650628c224322e28eb691f&domain=nectarly.us,Deal,100percentpure.com,https://www.100percentpure.com/,"Gifts,Green & Eco,B2B","Personal Care Appliances",2025-06-19,,,"United States of America",US,en,1
35007554,"100% PURE Monthly Subscription Boxes","Discover 100% PURE's Monthly Subscription Boxes, featuring a curated selection of clean beauty products for skincare, hair care, makeup, and body care.","Great Value",,No,brandreward,,https://www.100percentpure.com/,https://www.100percentpure.com/,https://www.100percentpure.com/,http://www.brandreward.com/img/adv_logo/us-2247771980.png,https://brandlogos.org/api/get/images/?brand=100percentpure.com&size=[size]&format=[format]&token=d18d1349dc7d9489f61a1512ba364bb2cda97e433b650628c224322e28eb691f&domain=nectarly.us,Deal,100percentpure.com,https://www.100percentpure.com/,"Gifts,Green & Eco,B2B","Personal Care Appliances",2025-07-03,,,"United States of America",US,en,1
35009205,"10% OFF DR. CUDDLES","10% OFF DR CUDDLES PRODUCTS WITH CODE . NO A/S REQUIRED/ EXPIRES 12/31","10% off",CUDDLES10,No,brandreward,,https://www.1800petmeds.com/,https://www.1800petmeds.com/,https://www.1800petmeds.com/,http://www.brandreward.com/img/adv_logo/us-15285942110.png,https://brandlogos.org/api/get/images/?brand=1800petmeds.com&size=[size]&format=[format]&token=b061905397e44b387a5590ab545c592b6c8b028195527fb54c787caae0d5b4fa&domain=nectarly.us,Code,1800petmeds.com,https://www.1800petmeds.com/,"Online Services","Pet Supplies",2025-04-10,2027-01-01,,"United States of America",US,en,1
35011728,WELCOME,"Use code  at checkout for 13% off your first order.Discount Percent: 13,","13% off",WELCOME13,No,brandreward,,https://13seeds.com.au/,https://13seeds.com.au/,https://13seeds.com.au/,,https://brandlogos.org/api/get/images/?brand=13seeds.com.au&size=[size]&format=[format]&token=9dc7229b5c9f44e7b20ede6249a4127ee247e334020376fe351b0f4ed7ebae8a&domain=nectarly.us,Code,13seeds.com.au,https://13seeds.com.au/,,,,,,Australia,AU,en,2
35011729,"FREE SHIPPING","Free Shipping on all orders over $75","Super Offer",,No,brandreward,,https://13seeds.com.au/,https://13seeds.com.au/,https://13seeds.com.au/,,https://brandlogos.org/api/get/images/?brand=13seeds.com.au&size=[size]&format=[format]&token=9dc7229b5c9f44e7b20ede6249a4127ee247e334020376fe351b0f4ed7ebae8a&domain=nectarly.us,Deal,13seeds.com.au,https://13seeds.com.au/,,,,,,Australia,AU,en,1
35024175,"Save 35% with first AutoShip order + 5% off future Autoship orders at PetMeds!","Save 35% with first AutoShip order + 5% off future Autoship orders at PetMeds using code: See site for details.","save 35%",SAVE35,No,brandreward,,https://www.1800petmeds.com/,https://www.1800petmeds.com/,https://www.1800petmeds.com/,http://www.brandreward.com/img/adv_logo/us-15285942110.png,https://brandlogos.org/api/get/images/?brand=1800petmeds.com&size=[size]&format=[format]&token=b061905397e44b387a5590ab545c592b6c8b028195527fb54c787caae0d5b4fa&domain=nectarly.us,Code,1800petmeds.com,https://www.1800petmeds.com/,"Online Services","Pet Supplies,Medical Supplies",2022-01-24,,,"United States of America",US,en,2
35293623,"20% off for new customers Plus, enjoy free shipping","20% off for new customers Plus, enjoy free shipping","20% off",,No,flexoffers,,https://www.1800contacts.com/,https://www.1800contacts.com/,https://www.1800contacts.com/,,https://brandlogos.org/api/get/images/?brand=1800contacts.com&size=[size]&format=[format]&token=180637bbf39f45d39c1177a868e159967b56980e921d31276cd7a35664799cb2&domain=nectarly.us,Deal,1800contacts.com,https://www.1800contacts.com/,Eyewear,Eyewear,2026-04-21,2026-10-05,,"United States of America",US,en,0
35526827,"Gratis verzending vanaf 59€","Gratis verzending vanaf 59€","Beste aanbieding","no code needed",No,brandreward,,https://www.1001hobbies.nl/,https://www.1001hobbies.nl/,https://www.1001hobbies.nl/,http://www.brandreward.com/img/adv_logo/fr-125614184727.jpeg,https://brandlogos.org/api/get/images/?brand=1001hobbies.nl&size=[size]&format=[format]&token=b2f54a73a88591773c5e8922c0c360baf7d08c21340649c38e777ac9edfe136d&domain=nectarly.us,Code,1001hobbies.nl,https://www.1001hobbies.nl/,,"Arts and Crafts",2018-08-01,,,Netherlands,NL,nl,2
35526828,"5 euros discount for orders above 60 euros","5 euros discount for orders above 60 euros","5 euros discount",KW3472,No,brandreward,,https://www.1001hobbies.nl/,https://www.1001hobbies.nl/,https://www.1001hobbies.nl/,http://www.brandreward.com/img/adv_logo/fr-125614184727.jpeg,https://brandlogos.org/api/get/images/?brand=1001hobbies.nl&size=[size]&format=[format]&token=b2f54a73a88591773c5e8922c0c360baf7d08c21340649c38e777ac9edfe136d&domain=nectarly.us,Code,1001hobbies.nl,https://www.1001hobbies.nl/,,,2019-11-22,,,Netherlands,NL,en,2
35526829,"10 euros discount for orders above 100 euros","10 euros discount for orders above 100 euros","10 euros discount",KW9824,No,brandreward,,https://www.1001hobbies.nl/,https://www.1001hobbies.nl/,https://www.1001hobbies.nl/,http://www.brandreward.com/img/adv_logo/fr-125614184727.jpeg,https://brandlogos.org/api/get/images/?brand=1001hobbies.nl&size=[size]&format=[format]&token=b2f54a73a88591773c5e8922c0c360baf7d08c21340649c38e777ac9edfe136d&domain=nectarly.us,Code,1001hobbies.nl,https://www.1001hobbies.nl/,,"Board Games and Toys",2019-11-22,,,Netherlands,NL,en,2
36183536,"Get a .co.uk or .com domain for just £3.99– 1st year only*","Get a .co.uk domain for just £3.99– 1st year only*","Best Offer",,No,cj,,https://click.123-reg.co.uk/affiliate?,https://click.123-reg.co.uk/affiliate?,https://click.123-reg.co.uk/affiliate?,,https://brandlogos.org/api/get/images/?brand=123-reg.co.uk&size=[size]&format=[format]&token=4d6ba2aa18a69429ffc72c0c9330df3b90b1b0b9d15007a3c977c4bbcebbff08&domain=nectarly.us,Deal,123-reg.co.uk,https://www.123-reg.co.uk/,"Domain Registrations","Web Hosting",2026-02-10,2026-12-31,,"United Kingdom",GB,en,0
36211622,"Affiliate Generic 2026","123inkjets 12% Off Compatible Ink & Toner. Free Shipping on orders $55+ with code . Offer ends 12/31/2026Discount Percent: 12,","12% off",123AFL,No,brandreward,,https://www.123inkjets.com/,https://www.123inkjets.com/,https://www.123inkjets.com/,http://www.brandreward.com/img/adv_logo/us-92890560656.png,https://brandlogos.org/api/get/images/?brand=123inkjets.com&size=[size]&format=[format]&token=12d0c01152660957d1a4ca166a5f8b4e15c294400d4d085e1d268da6c64c53f5&domain=nectarly.us,Code,123inkjets.com,https://www.123inkjets.com/,,,2026-01-01,2027-01-01,,"United States of America",US,en,1
36211623,"Tax Day (18%)","123inkjets 18% Off Compatible Ink & Toner. Free Shipping on orders $55+ with code . Offer ends 4/10/2026Discount Percent: 18,","18% off",TAX18,No,brandreward,,https://www.123inkjets.com/,https://www.123inkjets.com/,https://www.123inkjets.com/,http://www.brandreward.com/img/adv_logo/us-92890560656.png,https://brandlogos.org/api/get/images/?brand=123inkjets.com&size=[size]&format=[format]&token=12d0c01152660957d1a4ca166a5f8b4e15c294400d4d085e1d268da6c64c53f5&domain=nectarly.us,Code,123inkjets.com,https://www.123inkjets.com/,,"Office Supplies",2026-04-01,2027-04-11,,"United States of America",US,en,1
36435545,"20% Off Sitewide for New Customers","20% Off Sitewide for New Customers -- New Customer Only. Max Savings of $30. Terms and Exclusions Apply. 1 use per customer. Expires 12/31/25. AutoShip Not Required,","20% off",NC20,No,pepperjam,,https://www.1800petmeds.com/,https://www.1800petmeds.com/,https://www.1800petmeds.com/,,https://brandlogos.org/api/get/images/?brand=1800petmeds.com&size=[size]&format=[format]&token=b061905397e44b387a5590ab545c592b6c8b028195527fb54c787caae0d5b4fa&domain=nectarly.us,Code,1800petmeds.com,https://www.1800petmeds.com/,,"Pet Supplies",2026-02-13,2027-01-01,,"United States of America",US,en,1
36440450,"20% Off Sitewide for New Customers, Use code  at PetMeds.com","20% Off Sitewide for New Customers with code -- New Customer Only. Max Savings of $30. Terms and Exclusions Apply. 1 use per customer. Expires 12/31/25. AutoShip Not Required,","20% off",NC20,No,brandreward,,https://www.1800petmeds.com/,https://www.1800petmeds.com/,https://www.1800petmeds.com/,http://www.brandreward.com/img/adv_logo/us-15285942110.png,https://brandlogos.org/api/get/images/?brand=1800petmeds.com&size=[size]&format=[format]&token=b061905397e44b387a5590ab545c592b6c8b028195527fb54c787caae0d5b4fa&domain=nectarly.us,Code,1800petmeds.com,https://www.1800petmeds.com/,"Online Services","Pet Supplies",2026-02-02,2027-01-01,,"United States of America",US,en,1
36442393,"20% off all plans only at 123RF.com","20% off all plans. Single-use only per user 20% off site wide at 123RF","20% off",offers123rf20,No,skimlinks,,https://www.123rf.com/,https://www.123rf.com/,https://www.123rf.com/,https://static.skimlinks.com/images/merchant_logos/advertiser_logo_48664.gif,https://brandlogos.org/api/get/images/?brand=123rf.com&size=[size]&format=[format]&token=77f963e27a67406b7f54e9b7a4a859a3d00d3d13b7c9a5b6cade8e8c6acec213&domain=nectarly.us,Code,123rf.com,https://www.123rf.com/,,Graphics,2024-02-08,2038-12-31,,"multi country",,en,1
36442423,"Unsere Stars des Tages. Schnäppchen zu Tiefpreisen","- 123.live | Unsere Stars des Tages. Schnäppchen zu Tiefpreisen!","Heißes Angebot",,No,skimlinks,,https://www.1-2-3.tv/,https://www.1-2-3.tv/,https://www.1-2-3.tv/,https://static.skimlinks.com/images/merchant_logos/advertiser_logo_51303.jpg,https://brandlogos.org/api/get/images/?brand=1-2-3.tv&size=[size]&format=[format]&token=ea31716127f2be60bbed90875070af19d52f8c4976aba297ad40a25113c0c956&domain=nectarly.us,Deal,1-2-3.tv,https://www.1-2-3.tv/,,"Home Appliances",2024-03-21,2027-03-27,,Germany,DE,de,0
36442438,"10% off site wide at 123RF.com","10% off all plans. Single-use only per user 10% off site wide at 123RF","10% off",AW10OFF,No,skimlinks,,https://www.123rf.com,https://www.123rf.com,https://www.123rf.com,https://static.skimlinks.com/images/merchant_logos/advertiser_logo_48664.gif,https://brandlogos.org/api/get/images/?brand=123rf.com&size=[size]&format=[format]&token=77f963e27a67406b7f54e9b7a4a859a3d00d3d13b7c9a5b6cade8e8c6acec213&domain=nectarly.us,Code,123rf.com,https://www.123rf.com/,,,2024-04-01,2027-01-31,,"multi country",,en,1
36445445,"Free Shipping over £60 (always active)","Free Shipping over £60 Free Shipping over £60","Super Offer",,No,skimlinks,,https://100acres.co.uk,https://100acres.co.uk,https://100acres.co.uk,https://static.skimlinks.com/images/merchant_logos/advertiser_logo_123875.gif,https://brandlogos.org/api/get/images/?brand=100acres.co.uk&size=[size]&format=[format]&token=b4e17383de34f3e07b5b1eee2253cdc2d3e36927a79132572d199bdc9c3fe411&domain=nectarly.us,Deal,100acres.co.uk,https://100acres.co.uk/,,,2025-07-24,2030-12-31,,"United Kingdom",GB,en,0
36446641,"Buy any course or certification from 101 Blockchains and get 10% OFF","N/A 10% OFF on any certification and courses","10% off",BCHAIN10,No,skimlinks,,https://academy.101blockchains.com/,https://academy.101blockchains.com/,https://academy.101blockchains.com/,https://static.skimlinks.com/images/merchant_logos/advertiser_logo_74342.gif,https://brandlogos.org/api/get/images/?brand=101blockchains.com&size=[size]&format=[format]&token=6f2f9789f0a788f2c30620d13d41006ddc874865134221d9424050c176c7406f&domain=nectarly.us,Code,101blockchains.com,https://101blockchains.com/,,"Training Courses",2021-02-11,2050-12-31,,"multi country",,en,1
36446642,"Buy any course or certification from 101 Blockchains and get 30% OFF","N/A 30% OFF on any certification and courses","30% off",BCHAIN30,No,skimlinks,,https://academy.101blockchains.com/,https://academy.101blockchains.com/,https://academy.101blockchains.com/,https://static.skimlinks.com/images/merchant_logos/advertiser_logo_74342.gif,https://brandlogos.org/api/get/images/?brand=101blockchains.com&size=[size]&format=[format]&token=6f2f9789f0a788f2c30620d13d41006ddc874865134221d9424050c176c7406f&domain=nectarly.us,Code,101blockchains.com,https://101blockchains.com/,,"Training Courses",2021-02-11,2050-12-31,,"multi country",,en,1
36446643,"Buy any course or certification from 101 Blockchains and get 20% OFF","N/A 20% OFF on any certification and courses","20% off",BCHAIN20,No,skimlinks,,https://academy.101blockchains.com/,https://academy.101blockchains.com/,https://academy.101blockchains.com/,https://static.skimlinks.com/images/merchant_logos/advertiser_logo_74342.gif,https://brandlogos.org/api/get/images/?brand=101blockchains.com&size=[size]&format=[format]&token=6f2f9789f0a788f2c30620d13d41006ddc874865134221d9424050c176c7406f&domain=nectarly.us,Code,101blockchains.com,https://101blockchains.com/,,"Training Courses",2021-02-11,2050-12-31,,"multi country",,en,1
36493002,"Treats for every dog - from grass-fed to grain free. Plus free shipping over $49.","Treats for every dog &mdash; from grass-fed to grain free. Plus free shipping over $49.","Hot Offer",,No,brandreward,,https://www.1800petmeds.com/,https://www.1800petmeds.com/,https://www.1800petmeds.com/,http://www.brandreward.com/img/adv_logo/us-15285942110.png,https://brandlogos.org/api/get/images/?brand=1800petmeds.com&size=[size]&format=[format]&token=b061905397e44b387a5590ab545c592b6c8b028195527fb54c787caae0d5b4fa&domain=nectarly.us,Deal,1800petmeds.com,https://www.1800petmeds.com/,"Online Services","Pet Supplies",2025-10-07,,,"United States of America",US,en,1
36493003,"Trusted by 11 million pet parents for 29 years - meds, food & more in one place.","Trusted by 11 million pet parents for 29 years - meds, food & more in one place.","Super Offer",,No,brandreward,,https://www.1800petmeds.com/,https://www.1800petmeds.com/,https://www.1800petmeds.com/,http://www.brandreward.com/img/adv_logo/us-15285942110.png,https://brandlogos.org/api/get/images/?brand=1800petmeds.com&size=[size]&format=[format]&token=b061905397e44b387a5590ab545c592b6c8b028195527fb54c787caae0d5b4fa&domain=nectarly.us,Deal,1800petmeds.com,https://www.1800petmeds.com/,"Online Services","Pet Supplies",2025-10-07,,,"United States of America",US,en,1
36716650,"20% Off Sitewide with code WELCOME20, Save up to $30, Autoship NOT required.","20% Off Sitewide with code WELCOME20, Exclusions Apply, Save up to $30, Autoship NOT required. Unlimited uses","20% off",WELCOME20,No,pepperjam,,https://www.1800petmeds.com/,https://www.1800petmeds.com/,https://www.1800petmeds.com/,,https://brandlogos.org/api/get/images/?brand=1800petmeds.com&size=[size]&format=[format]&token=b061905397e44b387a5590ab545c592b6c8b028195527fb54c787caae0d5b4fa&domain=nectarly.us,Code,1800petmeds.com,https://www.1800petmeds.com/,,"Pet Supplies",2025-04-29,2027-01-01,,"United States of America",US,en,1
36721758,"20% Off Sitewide with code , Save up to $30, Autoship NOT required.","20% Off Sitewide with code , Exclusions Apply, Save up to $30, Autoship NOT required. Unlimited uses","20% off",WELCOME20,No,brandreward,,https://www.1800petmeds.com/,https://www.1800petmeds.com/,https://www.1800petmeds.com/,http://www.brandreward.com/img/adv_logo/us-15285942110.png,https://brandlogos.org/api/get/images/?brand=1800petmeds.com&size=[size]&format=[format]&token=b061905397e44b387a5590ab545c592b6c8b028195527fb54c787caae0d5b4fa&domain=nectarly.us,Code,1800petmeds.com,https://www.1800petmeds.com/,"Online Services","Pet Supplies",2025-04-29,2027-01-01,,"United States of America",US,en,1
36839172,"10% Rabatt für das komplette Sortiment","Bei jeder Bestellung anwendbar, Bestandskunden und Neukunden. Nur ein Gutschein gilt pro Einkauf. 10% Gutschein","10% rabatt",awin-10,No,skimlinks,,https://www.1a-geschenkeshop.de/,https://www.1a-geschenkeshop.de/,https://www.1a-geschenkeshop.de/,https://static.skimlinks.com/images/merchant_logos/advertiser_logo_56948.gif,https://brandlogos.org/api/get/images/?brand=1a-geschenkeshop.de&size=[size]&format=[format]&token=7c279f001a3e404d10e52d75b21dff2c56c20a2a964b9bb4fb7c4a2d8d20eb8e&domain=nectarly.us,Code,1a-geschenkeshop.de,https://www.1a-geschenkeshop.de/,,"Gift Items",2026-01-22,2026-12-30,,Germany,DE,de,1
36840001,"$20 off orders over $199","The company reserves the right of final interpretation. $20 off $199","$20 off",RSALE20,No,skimlinks,,https://www.retro-stage.com/collections/1950s-dress,https://www.retro-stage.com/collections/1950s-dress,https://www.retro-stage.com/collections/1950s-dress,https://static.skimlinks.com/images/merchant_logos/mid0_1706511619.jpg,https://brandlogos.org/api/get/images/?brand=1920-fashion-dress.myshopify.com&size=[size]&format=[format]&token=c37fd3b7c27ae14f57f1d8da0767baf5336bc2277ead7b44a7eb405dbbae96ee&domain=nectarly.us,Code,1920-fashion-dress.myshopify.com,https://1920-fashion-dress.myshopify.com/,,"Womens Clothing,Mens Clothing,Fashion Accessories,Gift Cards",2026-03-08,2026-12-31,,"Ireland,Netherlands,United Kingdom","IE,NL,GB",en,1
36840002,"$11 off orders over $119","The company reserves the right of final interpretation. $11 off $119","$11 off",RSALE11,No,skimlinks,,https://www.retro-stage.com/collections/35,https://www.retro-stage.com/collections/35,https://www.retro-stage.com/collections/35,https://static.skimlinks.com/images/merchant_logos/mid0_1706511619.jpg,https://brandlogos.org/api/get/images/?brand=1920-fashion-dress.myshopify.com&size=[size]&format=[format]&token=c37fd3b7c27ae14f57f1d8da0767baf5336bc2277ead7b44a7eb405dbbae96ee&domain=nectarly.us,Code,1920-fashion-dress.myshopify.com,https://1920-fashion-dress.myshopify.com/,,"Womens Clothing",2026-03-08,2026-12-31,,"Ireland,Netherlands,United Kingdom","IE,NL,GB",en,1
36840003,"$6 off orders over $69","The company reserves the right of final interpretation. $6 off $69","$6 off",RSALE6,No,skimlinks,,https://www.retro-stage.com/collections/swimsuit,https://www.retro-stage.com/collections/swimsuit,https://www.retro-stage.com/collections/swimsuit,https://static.skimlinks.com/images/merchant_logos/mid0_1706511619.jpg,https://brandlogos.org/api/get/images/?brand=1920-fashion-dress.myshopify.com&size=[size]&format=[format]&token=c37fd3b7c27ae14f57f1d8da0767baf5336bc2277ead7b44a7eb405dbbae96ee&domain=nectarly.us,Code,1920-fashion-dress.myshopify.com,https://1920-fashion-dress.myshopify.com/,,"Womens Clothing",2026-03-09,2026-12-31,,"Ireland,Netherlands,United Kingdom","IE,NL,GB",en,1
36840582,"$15 off orders over $129","The company reserves the right of final interpretation. $15 off $129","$15 off",AFF-15,No,skimlinks,,https://www.retro-stage.com/,https://www.retro-stage.com/,https://www.retro-stage.com/,https://static.skimlinks.com/images/merchant_logos/mid0_1706511619.jpg,https://brandlogos.org/api/get/images/?brand=1920-fashion-dress.myshopify.com&size=[size]&format=[format]&token=c37fd3b7c27ae14f57f1d8da0767baf5336bc2277ead7b44a7eb405dbbae96ee&domain=nectarly.us,Code,1920-fashion-dress.myshopify.com,https://1920-fashion-dress.myshopify.com/,,"Womens Clothing",2026-04-09,2026-12-31,,"Ireland,Netherlands,United Kingdom","IE,NL,GB",en,1
36840583,"$25 off orders over $199","The company reserves the right of final interpretation. $25 off $199","$25 off",AFF-25,No,skimlinks,,https://www.retro-stage.com/,https://www.retro-stage.com/,https://www.retro-stage.com/,https://static.skimlinks.com/images/merchant_logos/mid0_1706511619.jpg,https://brandlogos.org/api/get/images/?brand=1920-fashion-dress.myshopify.com&size=[size]&format=[format]&token=c37fd3b7c27ae14f57f1d8da0767baf5336bc2277ead7b44a7eb405dbbae96ee&domain=nectarly.us,Code,1920-fashion-dress.myshopify.com,https://1920-fashion-dress.myshopify.com/,,"Womens Clothing",2026-04-09,2026-12-31,,"Ireland,Netherlands,United Kingdom","IE,NL,GB",en,1
36840584,"$40 off orders over $269","The company reserves the right of final interpretation. $40 off $269","$40 off",AFF-40,No,skimlinks,,https://www.retro-stage.com/,https://www.retro-stage.com/,https://www.retro-stage.com/,https://static.skimlinks.com/images/merchant_logos/mid0_1706511619.jpg,https://brandlogos.org/api/get/images/?brand=1920-fashion-dress.myshopify.com&size=[size]&format=[format]&token=c37fd3b7c27ae14f57f1d8da0767baf5336bc2277ead7b44a7eb405dbbae96ee&domain=nectarly.us,Code,1920-fashion-dress.myshopify.com,https://1920-fashion-dress.myshopify.com/,,"Womens Clothing",2026-04-09,2026-12-31,,"Ireland,Netherlands,United Kingdom","IE,NL,GB",en,1
36841031,"20% Off Sitewide with code WELCOME20, Exclusions Apply, Save up to $30, Autoship NOT required. Unlimited uses","20% Off Sitewide with code WELCOME20, Save up to $30, Autoship NOT required.","20% off",WELCOME20,No,skimlinks,,https://www.1800petmeds.com/,https://www.1800petmeds.com/,https://www.1800petmeds.com/,https://static.skimlinks.com/images/merchant_logos/advertiser_logo_80189.gif,https://brandlogos.org/api/get/images/?brand=1800petmeds.com&size=[size]&format=[format]&token=b061905397e44b387a5590ab545c592b6c8b028195527fb54c787caae0d5b4fa&domain=nectarly.us,Code,1800petmeds.com,https://www.1800petmeds.com/,,"Pet Supplies",2025-04-29,2027-01-01,,"United States of America",US,en,1
36841032,"10% OFF DR CUDDLES PRODUCTS WITH CODE CUDDLES10. NO A/S REQUIRED/ EXPIRES 12/31","10% OFF DR. CUDDLES","10% off",CUDDLES10,No,skimlinks,,https://www.1800petmeds.com/search,https://www.1800petmeds.com/search,https://www.1800petmeds.com/search,https://static.skimlinks.com/images/merchant_logos/advertiser_logo_80189.gif,https://brandlogos.org/api/get/images/?brand=1800petmeds.com&size=[size]&format=[format]&token=b061905397e44b387a5590ab545c592b6c8b028195527fb54c787caae0d5b4fa&domain=nectarly.us,Code,1800petmeds.com,https://www.1800petmeds.com/,,,2025-04-10,2027-01-01,,"United States of America",US,en,1
36841033,"35% off Sitewide with code FETCH35, Autoship Required, Save up to $20, Exclusions Apply, Not Stackable, 1 use per customer.","35% off Sitewide, Autoship Required, Save up to $20, Exclusions Apply, Not Stackable, 1 use per customer","35% off",FETCH35,No,skimlinks,,https://www.1800petmeds.com/,https://www.1800petmeds.com/,https://www.1800petmeds.com/,https://static.skimlinks.com/images/merchant_logos/advertiser_logo_80189.gif,https://brandlogos.org/api/get/images/?brand=1800petmeds.com&size=[size]&format=[format]&token=b061905397e44b387a5590ab545c592b6c8b028195527fb54c787caae0d5b4fa&domain=nectarly.us,Code,1800petmeds.com,https://www.1800petmeds.com/,,"Pet Supplies",2025-12-29,2027-01-01,,"United States of America",US,en,1
36841038,"20% Off Sitewide for New Customers -- New Customer Only. Max Savings of $30. Terms and Exclusions Apply. 1 use per customer. Expires 12/31/25. AutoShip Not Required,","20% Off Sitewide for New Customers","20% off",NC20,No,skimlinks,,https://www.1800petmeds.com/,https://www.1800petmeds.com/,https://www.1800petmeds.com/,https://static.skimlinks.com/images/merchant_logos/advertiser_logo_80189.gif,https://brandlogos.org/api/get/images/?brand=1800petmeds.com&size=[size]&format=[format]&token=b061905397e44b387a5590ab545c592b6c8b028195527fb54c787caae0d5b4fa&domain=nectarly.us,Code,1800petmeds.com,https://www.1800petmeds.com/,,"Pet Supplies",2026-02-13,2027-01-01,,"United States of America",US,en,1
36841044,"5% Off 2PK Bravecto: Consumers who purchase a 2Pk Bravecto Chew, Bravecto Dog Topical, Bravecto Cat Topical or Bravecto Plus are eligible to receive a 5% discount off of the transaction, in cart.  (Bravecto 1-month remains ineligible)
MAP List for the 2Pk Bundle must be advertised, however a call out to the 5% discount or savings is acceptable.
The discounted price must be visible only in cart and cannot be labeled as an auto-ship offer.
Bravecto Chew presentation must be the same weight","5% Off 2PK Bravecto","5% off",BRC5,No,skimlinks,,https://www.1800petmeds.com/search?q=bravecto,https://www.1800petmeds.com/search?q=bravecto,https://www.1800petmeds.com/search?q=bravecto,https://static.skimlinks.com/images/merchant_logos/advertiser_logo_80189.gif,https://brandlogos.org/api/get/images/?brand=1800petmeds.com&size=[size]&format=[format]&token=b061905397e44b387a5590ab545c592b6c8b028195527fb54c787caae0d5b4fa&domain=nectarly.us,Code,1800petmeds.com,https://www.1800petmeds.com/,,"Pet Supplies",2026-03-04,2027-01-01,,"United States of America",US,en,1
36841112,"20% Off Sitewide with code WELCOME20, Save up to $30, Autoship NOT required. Unlimited uses","20% Off Sitewide with code WELCOME20, Save up to $30, Autoship NOT required. Unlimited uses","20% off",,No,skimlinks,,https://www.1800petmeds.com/,https://www.1800petmeds.com/,https://www.1800petmeds.com/,https://static.skimlinks.com/images/merchant_logos/advertiser_logo_80189.gif,https://brandlogos.org/api/get/images/?brand=1800petmeds.com&size=[size]&format=[format]&token=b061905397e44b387a5590ab545c592b6c8b028195527fb54c787caae0d5b4fa&domain=nectarly.us,Deal,1800petmeds.com,https://www.1800petmeds.com/,,"Pet Supplies",2025-04-29,2027-01-01,,"United States of America",US,en,0
36841113,"10% OFF DR CUDDLES PRODUCTS WITH CODE CUDDLES10. NO A/S REQUIRED/ EXPIRES 12/31","10% OFF DR. CUDDLES","10% off",,No,skimlinks,,https://www.1800petmeds.com/search,https://www.1800petmeds.com/search,https://www.1800petmeds.com/search,https://static.skimlinks.com/images/merchant_logos/advertiser_logo_80189.gif,https://brandlogos.org/api/get/images/?brand=1800petmeds.com&size=[size]&format=[format]&token=b061905397e44b387a5590ab545c592b6c8b028195527fb54c787caae0d5b4fa&domain=nectarly.us,Deal,1800petmeds.com,https://www.1800petmeds.com/,,,2025-04-10,2027-01-01,,"United States of America",US,en,0
36841121,"20% Off Sitewide for New Customers with code NC20-- New Customer Only. Max Savings of $30. Terms and Exclusions Apply. 1 use per customer. Expires 12/31/25. AutoShip Not Required,","20% Off Sitewide for New Customers, Use code NC20 at PetMeds.com","20% off",,No,skimlinks,,https://www.1800petmeds.com/,https://www.1800petmeds.com/,https://www.1800petmeds.com/,https://static.skimlinks.com/images/merchant_logos/advertiser_logo_80189.gif,https://brandlogos.org/api/get/images/?brand=1800petmeds.com&size=[size]&format=[format]&token=b061905397e44b387a5590ab545c592b6c8b028195527fb54c787caae0d5b4fa&domain=nectarly.us,Deal,1800petmeds.com,https://www.1800petmeds.com/,,"Pet Supplies",2026-02-02,2027-01-01,,"United States of America",US,en,0
36841132,"30% off calming treats + supplements with code CALM30","30% off calming treats + supplements","30% off",,No,skimlinks,,https://www.1800petmeds.com/30years.html,https://www.1800petmeds.com/30years.html,https://www.1800petmeds.com/30years.html,https://static.skimlinks.com/images/merchant_logos/advertiser_logo_80189.gif,https://brandlogos.org/api/get/images/?brand=1800petmeds.com&size=[size]&format=[format]&token=b061905397e44b387a5590ab545c592b6c8b028195527fb54c787caae0d5b4fa&domain=nectarly.us,Deal,1800petmeds.com,https://www.1800petmeds.com/,,"Pet Supplies",2026-03-01,2027-03-28,,"United States of America",US,en,0
36841133,"40% OFF ALL BI WITH 1ST AUTOSHIP WITH CODE BISAVE40.  FIRST AUTOSHIP REQUIRED","40% OFF ALL BI WITH 1ST AUTOSHIP. FIRST AUTOSHIP REQUIRED","40% off",,No,skimlinks,,https://www.1800petmeds.com/bi-prevention.html,https://www.1800petmeds.com/bi-prevention.html,https://www.1800petmeds.com/bi-prevention.html,https://static.skimlinks.com/images/merchant_logos/advertiser_logo_80189.gif,https://brandlogos.org/api/get/images/?brand=1800petmeds.com&size=[size]&format=[format]&token=b061905397e44b387a5590ab545c592b6c8b028195527fb54c787caae0d5b4fa&domain=nectarly.us,Deal,1800petmeds.com,https://www.1800petmeds.com/,,"Pet Supplies",2026-03-01,2027-03-16,,"United States of America",US,en,0
36841134,"$10 off $100 (10% off), $20 off $150 (15% off), $40 off $200 (20% off) and $50 off $250 (20% off) with code BIGSALE.  Allowed to stack with BISAVE40 and PESTFREE50 (both Autoship offers)","$10 off $100 (10% off), $20 off $150 (15% off), $40 off $200 (20% off) and $50 off $250 (20% off)","10% off",,No,skimlinks,,https://www.1800petmeds.com/30years.html,https://www.1800petmeds.com/30years.html,https://www.1800petmeds.com/30years.html,https://static.skimlinks.com/images/merchant_logos/advertiser_logo_80189.gif,https://brandlogos.org/api/get/images/?brand=1800petmeds.com&size=[size]&format=[format]&token=b061905397e44b387a5590ab545c592b6c8b028195527fb54c787caae0d5b4fa&domain=nectarly.us,Deal,1800petmeds.com,https://www.1800petmeds.com/,,"Pet Supplies",2026-03-09,2027-03-12,,"United States of America",US,en,0
36841135,"Sitewide 50% off First Time AS offer. Max $100 savings with code SPRING50. Not stackable and will supersede PESTFREE50 on site during this time period.","Sitewide 50% off First Time AS offer. Max $100 savings.","50% off",,No,skimlinks,,https://www.1800petmeds.com/30years.html,https://www.1800petmeds.com/30years.html,https://www.1800petmeds.com/30years.html,https://static.skimlinks.com/images/merchant_logos/advertiser_logo_80189.gif,https://brandlogos.org/api/get/images/?brand=1800petmeds.com&size=[size]&format=[format]&token=b061905397e44b387a5590ab545c592b6c8b028195527fb54c787caae0d5b4fa&domain=nectarly.us,Deal,1800petmeds.com,https://www.1800petmeds.com/,,"Pet Supplies",2026-03-12,2027-03-23,,"United States of America",US,en,0
36841136,"Purchase Insulin: Skus 11139 (Prozinc), 11760 (Lantus), and 10764 (Vetsulin), get 75% off 10725, 10861, 10958, 10960 (syringes) with code REFILL75. Stackable with: FXOFREESHIPPINGFORINSULIN","Purchase Specific Insulin Skus & get 75% off specific SKUs","75% off",,No,skimlinks,,https://www.1800petmeds.com/category/conditions/dog/diabetes-and-insulin-c00160,https://www.1800petmeds.com/category/conditions/dog/diabetes-and-insulin-c00160,https://www.1800petmeds.com/category/conditions/dog/diabetes-and-insulin-c00160,https://static.skimlinks.com/images/merchant_logos/advertiser_logo_80189.gif,https://brandlogos.org/api/get/images/?brand=1800petmeds.com&size=[size]&format=[format]&token=b061905397e44b387a5590ab545c592b6c8b028195527fb54c787caae0d5b4fa&domain=nectarly.us,Deal,1800petmeds.com,https://www.1800petmeds.com/,,"Pet Supplies",2026-03-08,2027-04-19,,"United States of America",US,en,0
36841137,"50% off FTAS on Loxicom with code LOX50-  Stackable with BIGSALE, PESTFREE50, BISAVE40","50% off FTAS on Loxicom","50% off",,No,skimlinks,,https://www.1800petmeds.com/dog/rx-medication/product/loxicommeloxicam-oral-suspension/11979.html?pdpFlow=1,https://www.1800petmeds.com/dog/rx-medication/product/loxicommeloxicam-oral-suspension/11979.html?pdpFlow=1,https://www.1800petmeds.com/dog/rx-medication/product/loxicommeloxicam-oral-suspension/11979.html?pdpFlow=1,https://static.skimlinks.com/images/merchant_logos/advertiser_logo_80189.gif,https://brandlogos.org/api/get/images/?brand=1800petmeds.com&size=[size]&format=[format]&token=b061905397e44b387a5590ab545c592b6c8b028195527fb54c787caae0d5b4fa&domain=nectarly.us,Deal,1800petmeds.com,https://www.1800petmeds.com/,,"Pet Supplies",2026-03-09,2027-04-13,,"United States of America",US,en,0
36841140,"5% Off 2PK Bravecto with code BRC5: Consumers who purchase a 2Pk Bravecto Chew, Bravecto Dog Topical, Bravecto Cat Topical or Bravecto Plus are eligible to receive a 5% discount off of the transaction, in cart.  (Bravecto 1-month remains ineligible)
MAP List for the 2Pk Bundle must be advertised, however a call out to the 5% discount or savings is acceptable.
The discounted price must be visible only in cart and cannot be labeled as an auto-ship offer.
Bravecto Chew presentation must be the same weight","5% Off Bravecto when you buy 2 packs. Use code BRC5 at PetMeds.com","5% off",,No,skimlinks,,https://www.1800petmeds.com/search?q=bravecto,https://www.1800petmeds.com/search?q=bravecto,https://www.1800petmeds.com/search?q=bravecto,https://static.skimlinks.com/images/merchant_logos/advertiser_logo_80189.gif,https://brandlogos.org/api/get/images/?brand=1800petmeds.com&size=[size]&format=[format]&token=b061905397e44b387a5590ab545c592b6c8b028195527fb54c787caae0d5b4fa&domain=nectarly.us,Deal,1800petmeds.com,https://www.1800petmeds.com/,,"Pet Supplies",2026-03-04,2027-01-01,,"United States of America",US,en,0
36842243,"FREE Shipping on ALL Orders! 1791gunleather.com","Free Shipping","Great Value",,No,skimlinks,,https://1791gunleather.com/?avad=55097_e44e1e21d,https://1791gunleather.com/?avad=55097_e44e1e21d,https://1791gunleather.com/?avad=55097_e44e1e21d,https://static.skimlinks.com/images/merchant_logos/advertiser_logo_74451.gif,https://brandlogos.org/api/get/images/?brand=1791gunleather.com&size=[size]&format=[format]&token=f1d18cf98fa4f4536d782ac3c869283f15810a8afda7e091a4ba855ddee032db&domain=nectarly.us,Deal,1791gunleather.com,https://1791gunleather.com/,,"Sports Equipments",2020-12-03,2037-12-31,,"United States of America",US,en,0
36842244,"1791 Top Seller: Gun Belt 01! American Native Heavy Steerhide NO Stretch Construction/Lifetime Warranty! Plus Free Shipping! 1791gunleather.com","1791 Top Seller: Gun Belt 01","Best Offer",,No,skimlinks,,https://1791gunleather.com/product/gun-belt-01-made-with-100-american-heavy-native-steerhide/?avad=55097_a44e3e9b9,https://1791gunleather.com/product/gun-belt-01-made-with-100-american-heavy-native-steerhide/?avad=55097_a44e3e9b9,https://1791gunleather.com/product/gun-belt-01-made-with-100-american-heavy-native-steerhide/?avad=55097_a44e3e9b9,https://static.skimlinks.com/images/merchant_logos/advertiser_logo_74451.gif,https://brandlogos.org/api/get/images/?brand=1791gunleather.com&size=[size]&format=[format]&token=f1d18cf98fa4f4536d782ac3c869283f15810a8afda7e091a4ba855ddee032db&domain=nectarly.us,Deal,1791gunleather.com,https://1791gunleather.com/,,"Fashion Accessories",2020-11-30,2037-12-31,,"United States of America",US,en,0
36842245,"Optic Ready Holsters: Multi fit/Sweat Guard/FBI Forward Cant! Free Shipping on All Orders! 1971gunleather.com","Optic Ready Holsters","Super Offer",,No,skimlinks,,https://1791gunleather.com/holsters/optic-ready/,https://1791gunleather.com/holsters/optic-ready/,https://1791gunleather.com/holsters/optic-ready/,https://static.skimlinks.com/images/merchant_logos/advertiser_logo_74451.gif,https://brandlogos.org/api/get/images/?brand=1791gunleather.com&size=[size]&format=[format]&token=f1d18cf98fa4f4536d782ac3c869283f15810a8afda7e091a4ba855ddee032db&domain=nectarly.us,Deal,1791gunleather.com,https://1791gunleather.com/,,"Safety Supplies,Sports",2020-11-11,2037-12-31,,"United States of America",US,en,0
36842246,1791gunleather.com,"Home Page Text","Great Value",,No,skimlinks,,https://1791gunleather.com/?avad=55097_f44e1df4d,https://1791gunleather.com/?avad=55097_f44e1df4d,https://1791gunleather.com/?avad=55097_f44e1df4d,https://static.skimlinks.com/images/merchant_logos/advertiser_logo_74451.gif,https://brandlogos.org/api/get/images/?brand=1791gunleather.com&size=[size]&format=[format]&token=f1d18cf98fa4f4536d782ac3c869283f15810a8afda7e091a4ba855ddee032db&domain=nectarly.us,Deal,1791gunleather.com,https://1791gunleather.com/,,,2020-11-11,2037-12-31,,"United States of America",US,en,0
36844161,"Discover up To 60% Off in Our Archive Sale!","Discover up To 60% Off in Our Archive Sale!","60% off",,No,skimlinks,,https://14daymanicure.com/collections/archive-sale,https://14daymanicure.com/collections/archive-sale,https://14daymanicure.com/collections/archive-sale,https://static.skimlinks.com/images/merchant_logos/advertiser_logo_102810.gif,https://brandlogos.org/api/get/images/?brand=14daymanicure.com&size=[size]&format=[format]&token=1762f70f056e479b43ce2a3fa9f4e3f77dec67a71f8dd32d19db4ca13638f66c&domain=nectarly.us,Deal,14daymanicure.com,https://14daymanicure.com/,,,2024-04-10,2030-04-10,,"Ireland,United Kingdom","IE,GB",en,0
36844162,"Easy Gel Manis For Everyone, and No Appointment Needed. Get Your At-Home Gel Manicure Kit Today!","Easy Gel Manis For Everyone, and No Appointment Needed. Get Your At-Home Gel Manicure Kit Today!","Great Value",,No,skimlinks,,https://14daymanicure.com/collections/gentle-gels-at-home-gel-polish-kits,https://14daymanicure.com/collections/gentle-gels-at-home-gel-polish-kits,https://14daymanicure.com/collections/gentle-gels-at-home-gel-polish-kits,https://static.skimlinks.com/images/merchant_logos/advertiser_logo_102810.gif,https://brandlogos.org/api/get/images/?brand=14daymanicure.com&size=[size]&format=[format]&token=1762f70f056e479b43ce2a3fa9f4e3f77dec67a71f8dd32d19db4ca13638f66c&domain=nectarly.us,Deal,14daymanicure.com,https://14daymanicure.com/,,"Makeup Products",2023-09-01,2029-09-01,,"Ireland,United Kingdom","IE,GB",en,0
36844163,"Shop Our Best Sellers - 14 Day Manicure!","Shop Our Best Sellers - 14 Day Manicure!","Hot Offer",,No,skimlinks,,https://14daymanicure.com/collections/best-sellers,https://14daymanicure.com/collections/best-sellers,https://14daymanicure.com/collections/best-sellers,https://static.skimlinks.com/images/merchant_logos/advertiser_logo_102810.gif,https://brandlogos.org/api/get/images/?brand=14daymanicure.com&size=[size]&format=[format]&token=1762f70f056e479b43ce2a3fa9f4e3f77dec67a71f8dd32d19db4ca13638f66c&domain=nectarly.us,Deal,14daymanicure.com,https://14daymanicure.com/,,,2023-08-31,2029-08-31,,"Ireland,United Kingdom","IE,GB",en,0
36844164,"Save Up To 50% With Our Bundles Today!","Save Up To 50% With Our Bundles Today!","save 50%",,No,skimlinks,,https://14daymanicure.com/collections/gentle-gels-at-home-gel-polish-kits,https://14daymanicure.com/collections/gentle-gels-at-home-gel-polish-kits,https://14daymanicure.com/collections/gentle-gels-at-home-gel-polish-kits,https://static.skimlinks.com/images/merchant_logos/advertiser_logo_102810.gif,https://brandlogos.org/api/get/images/?brand=14daymanicure.com&size=[size]&format=[format]&token=1762f70f056e479b43ce2a3fa9f4e3f77dec67a71f8dd32d19db4ca13638f66c&domain=nectarly.us,Deal,14daymanicure.com,https://14daymanicure.com/,,,2023-08-31,2029-08-31,,"Ireland,United Kingdom","IE,GB",en,0
36844165,"Free Shipping on Orders Over €80 / £70! - Shop Now!","Free Shipping on Orders Over €80 / £70! - Shop Now!","Super Offer",,No,skimlinks,,https://14daymanicure.com/,https://14daymanicure.com/,https://14daymanicure.com/,https://static.skimlinks.com/images/merchant_logos/advertiser_logo_102810.gif,https://brandlogos.org/api/get/images/?brand=14daymanicure.com&size=[size]&format=[format]&token=1762f70f056e479b43ce2a3fa9f4e3f77dec67a71f8dd32d19db4ca13638f66c&domain=nectarly.us,Deal,14daymanicure.com,https://14daymanicure.com/,,"Makeup Products",2023-08-31,2029-08-31,,"Ireland,United Kingdom","IE,GB",en,0
36844653,"All Season Essentials Gone Soon 40% Off Over 350$/€ on Applicable Landing Pages with Code : LUCKYME","All Season Essentials Gone Soon 40% Off Over 350$/€ on Applicable Landing Pages with Code : LUCKYME","40% off",LUCKYME,No,skimlinks,,https://www.24s.com/en-us/men/last-chance,https://www.24s.com/en-us/men/last-chance,https://www.24s.com/en-us/men/last-chance,https://static.skimlinks.com/images/merchant_logos/38003_aeb9a551636e22941847d25da4a94b54.png,https://brandlogos.org/api/get/images/?brand=24s.com&size=[size]&format=[format]&token=836858ab1cc0a678ad41f7b67dd012c44a415b5340163ae4cb2ab46e99d4c8d5&domain=nectarly.us,Code,24s.com,https://www.24s.com/,,"Fashion Accessories",2024-10-16,2030-10-16,,"multi country",,en,1
36844654,"24S |10% Off ON YOUR FIRST PURCHASE AT 24S | CODE: 10FIRST","24S |10% Off ON YOUR FIRST PURCHASE AT 24S | CODE: 10FIRST","10% off",10FIRST,No,skimlinks,,https://www.24s.com/en-us/women,https://www.24s.com/en-us/women,https://www.24s.com/en-us/women,https://static.skimlinks.com/images/merchant_logos/38003_aeb9a551636e22941847d25da4a94b54.png,https://brandlogos.org/api/get/images/?brand=24s.com&size=[size]&format=[format]&token=836858ab1cc0a678ad41f7b67dd012c44a415b5340163ae4cb2ab46e99d4c8d5&domain=nectarly.us,Code,24s.com,https://www.24s.com/,,"Fashion Accessories",2023-02-14,2029-02-14,,"multi country",,en,1
36845161,"24 S |10% Off on Your First Purchase at 24 S | Code: 10FIRST","24 S |10% Off on Your First Purchase at 24 S | Code: 10FIRST","10% off",10FIRST,No,skimlinks,,https://www.24s.com/en-us/women,https://www.24s.com/en-us/women,https://www.24s.com/en-us/women,https://static.skimlinks.com/images/merchant_logos/38003_aeb9a551636e22941847d25da4a94b54.png,https://brandlogos.org/api/get/images/?brand=24s.com&size=[size]&format=[format]&token=836858ab1cc0a678ad41f7b67dd012c44a415b5340163ae4cb2ab46e99d4c8d5&domain=nectarly.us,Code,24s.com,https://www.24s.com/,,"Womens Clothing",2023-02-20,2029-02-20,,"multi country",,en,1
36845197,"Check out 1-800 Lighting's Brilliant Home Digital Catalog!","Check out 1-800 Lighting's Brilliant Home Digital Catalog!","Best Offer",,No,skimlinks,,https://www.1800lighting.com/digital-catalogs/brilliant-home.html,https://www.1800lighting.com/digital-catalogs/brilliant-home.html,https://www.1800lighting.com/digital-catalogs/brilliant-home.html,https://static.skimlinks.com/images/merchant_logos/advertiser_logo_7816.gif,https://brandlogos.org/api/get/images/?brand=1800lighting.com&size=[size]&format=[format]&token=c08fd500ce324c098b120fd52511fa50b292217b2a82ee10012603650800f889&domain=nectarly.us,Deal,1800lighting.com,https://www.1800lighting.com/,,"Furniture and Decor",2024-01-15,2030-01-15,,"United States of America",US,en,0
36845198,"Free Ground Shipping on Most Orders Over $49* See Site for Details!","Free Ground Shipping on Most Orders Over $49* See Site for Details!","Best Offer",,No,skimlinks,,https://www.1800lighting.com/,https://www.1800lighting.com/,https://www.1800lighting.com/,https://static.skimlinks.com/images/merchant_logos/advertiser_logo_7816.gif,https://brandlogos.org/api/get/images/?brand=1800lighting.com&size=[size]&format=[format]&token=c08fd500ce324c098b120fd52511fa50b292217b2a82ee10012603650800f889&domain=nectarly.us,Deal,1800lighting.com,https://www.1800lighting.com/,,"Furniture and Decor",2021-11-08,2027-11-08,,"United States of America",US,en,0
36845199,"Save Up To 15% Off Designer Lighting from Capitol Lighting!","Save Up To 15% Off Designer Lighting from Capitol Lighting!","save 15%",,No,skimlinks,,https://www.1800lighting.com/sales-promotions/,https://www.1800lighting.com/sales-promotions/,https://www.1800lighting.com/sales-promotions/,https://static.skimlinks.com/images/merchant_logos/advertiser_logo_7816.gif,https://brandlogos.org/api/get/images/?brand=1800lighting.com&size=[size]&format=[format]&token=c08fd500ce324c098b120fd52511fa50b292217b2a82ee10012603650800f889&domain=nectarly.us,Deal,1800lighting.com,https://www.1800lighting.com/,,"Furniture and Decor",2021-07-02,2027-07-15,,"United States of America",US,en,0
36845200,"New Customers Save 15% Off Designer Lighting from Capitol Lighting!","New Customers Save 15% Off Designer Lighting from Capitol Lighting!","save 15%",,No,skimlinks,,https://www.1800lighting.com/,https://www.1800lighting.com/,https://www.1800lighting.com/,https://static.skimlinks.com/images/merchant_logos/advertiser_logo_7816.gif,https://brandlogos.org/api/get/images/?brand=1800lighting.com&size=[size]&format=[format]&token=c08fd500ce324c098b120fd52511fa50b292217b2a82ee10012603650800f889&domain=nectarly.us,Deal,1800lighting.com,https://www.1800lighting.com/,,"Furniture and Decor",2021-07-02,2027-07-15,,"United States of America",US,en,0
36845695,"111SKIN | Subscribe and Save > Get 20% Off All Year-Round and Never Run Out Of Your Favorite Skincare Again!","111SKIN | Subscribe and Save > Get 20% Off All Year-Round and Never Run Out Of Your Favorite Skincare Again!","20% off",,No,skimlinks,,https://111skin.com/en-us/pages/subscriptions,https://111skin.com/en-us/pages/subscriptions,https://111skin.com/en-us/pages/subscriptions,https://static.skimlinks.com/images/merchant_logos/mid0_1680004847.jpg,https://brandlogos.org/api/get/images/?brand=111skin.com&size=[size]&format=[format]&token=c3f98c028c908abfe96f4b889a241efa4492fb39285abeb910c628c5728aaa21&domain=nectarly.us,Deal,111skin.com,https://111skin.com/,,"Body Care",2025-09-10,2031-09-10,,"United Kingdom,United States of America","GB,US",en,0
36845696,"111SKIN | Subscribe and Save > Get 20% Off All Year-Round and Never Run Out Of Your Favourite Skincare Again!","111SKIN | Subscribe and Save > Get 20% Off All Year-Round and Never Run Out Of Your Favourite Skincare Again!","20% off",,No,skimlinks,,https://111skin.com/en-us/pages/subscriptions,https://111skin.com/en-us/pages/subscriptions,https://111skin.com/en-us/pages/subscriptions,https://static.skimlinks.com/images/merchant_logos/mid0_1680004847.jpg,https://brandlogos.org/api/get/images/?brand=111skin.com&size=[size]&format=[format]&token=c3f98c028c908abfe96f4b889a241efa4492fb39285abeb910c628c5728aaa21&domain=nectarly.us,Deal,111skin.com,https://111skin.com/,,"Body Care",2025-09-10,2031-09-10,,"United Kingdom,United States of America","GB,US",en,0
36845697,"111 Skin (us Only) | Get Two Complimentary Samples with Every Order!","111 Skin (us Only) | Get Two Complimentary Samples with Every Order!","Super Offer",,No,skimlinks,,https://111skin.com/en-us,https://111skin.com/en-us,https://111skin.com/en-us,https://static.skimlinks.com/images/merchant_logos/mid0_1680004847.jpg,https://brandlogos.org/api/get/images/?brand=111skin.com&size=[size]&format=[format]&token=c3f98c028c908abfe96f4b889a241efa4492fb39285abeb910c628c5728aaa21&domain=nectarly.us,Deal,111skin.com,https://111skin.com/,,"Body Care",2025-07-09,2031-07-09,,"United Kingdom,United States of America","GB,US",en,0
36845698,"111 Skin (us Only) | New Customer Offer Get 15% Off Your First Order (with Email Signup)!","111 Skin (us Only) | New Customer Offer Get 15% Off Your First Order (with Email Signup)!","15% off",,No,skimlinks,,https://111skin.com/en-us,https://111skin.com/en-us,https://111skin.com/en-us,https://static.skimlinks.com/images/merchant_logos/mid0_1680004847.jpg,https://brandlogos.org/api/get/images/?brand=111skin.com&size=[size]&format=[format]&token=c3f98c028c908abfe96f4b889a241efa4492fb39285abeb910c628c5728aaa21&domain=nectarly.us,Deal,111skin.com,https://111skin.com/,,"Body Care,Makeup Products",2025-07-09,2031-07-09,,"United Kingdom,United States of America","GB,US",en,0
36845699,"111 Skin (us Only) | Mix & Mask Save 20% Plus Get a Complimentary Travel Pouch when You Create a Set of 7 Masks!","111 Skin (us Only) | Mix & Mask Save 20% Plus Get a Complimentary Travel Pouch when You Create a Set of 7 Masks!","20% off",,No,skimlinks,,https://111skin.com/en-us/pages/mix-mask-kit,https://111skin.com/en-us/pages/mix-mask-kit,https://111skin.com/en-us/pages/mix-mask-kit,https://static.skimlinks.com/images/merchant_logos/mid0_1680004847.jpg,https://brandlogos.org/api/get/images/?brand=111skin.com&size=[size]&format=[format]&token=c3f98c028c908abfe96f4b889a241efa4492fb39285abeb910c628c5728aaa21&domain=nectarly.us,Deal,111skin.com,https://111skin.com/,,"Makeup Products",2025-07-09,2031-07-09,,"United Kingdom,United States of America","GB,US",en,0
36845700,"111 Skin (us Only)| Reset & Replenish Your Skin Take Our Skincare Quiz for Recommendations Tailored Precisely to Your Needs.","111 Skin (us Only)| Reset & Replenish Your Skin Take Our Skincare Quiz for Recommendations Tailored Precisely to Your Needs.","Save Big",,No,skimlinks,,https://111skin.com/en-us/pages/quiz,https://111skin.com/en-us/pages/quiz,https://111skin.com/en-us/pages/quiz,https://static.skimlinks.com/images/merchant_logos/mid0_1680004847.jpg,https://brandlogos.org/api/get/images/?brand=111skin.com&size=[size]&format=[format]&token=c3f98c028c908abfe96f4b889a241efa4492fb39285abeb910c628c5728aaa21&domain=nectarly.us,Deal,111skin.com,https://111skin.com/,,"Body Care",2025-07-09,2031-07-09,,"United Kingdom,United States of America","GB,US",en,0
36845701,"111 Skin (us Only) | Join the 111 Skin V1 P Loyalty Program Unlock Endless Rewards with Every Purchase – Sign up Today!","111 Skin (us Only) | Join the 111 Skin V1 P Loyalty Program Unlock Endless Rewards with Every Purchase – Sign up Today!","Hot Offer",,No,skimlinks,,https://111skin.com/en-us/pages/v1p-loyalty-program,https://111skin.com/en-us/pages/v1p-loyalty-program,https://111skin.com/en-us/pages/v1p-loyalty-program,https://static.skimlinks.com/images/merchant_logos/mid0_1680004847.jpg,https://brandlogos.org/api/get/images/?brand=111skin.com&size=[size]&format=[format]&token=c3f98c028c908abfe96f4b889a241efa4492fb39285abeb910c628c5728aaa21&domain=nectarly.us,Deal,111skin.com,https://111skin.com/,,"Body Care",2025-07-09,2031-07-09,,"United Kingdom,United States of America","GB,US",en,0
36845702,"111 Skin | Mix and Mask Save 20% Plus Get a Complimentary Travel Pouch when You Create a Set of 7 Masks!","111 Skin | Mix and Mask Save 20% Plus Get a Complimentary Travel Pouch when You Create a Set of 7 Masks!","20% off",,No,skimlinks,,https://111skin.com/en-us/pages/mix-mask-kit,https://111skin.com/en-us/pages/mix-mask-kit,https://111skin.com/en-us/pages/mix-mask-kit,https://static.skimlinks.com/images/merchant_logos/mid0_1680004847.jpg,https://brandlogos.org/api/get/images/?brand=111skin.com&size=[size]&format=[format]&token=c3f98c028c908abfe96f4b889a241efa4492fb39285abeb910c628c5728aaa21&domain=nectarly.us,Deal,111skin.com,https://111skin.com/,,"Body Care",2025-04-16,2031-04-18,,"United Kingdom,United States of America","GB,US",en,0
36845703,"111 Skin | Get Two Complimentary Samples with Every Order!","111 Skin | Get Two Complimentary Samples with Every Order!","Save Big",,No,skimlinks,,https://111skin.com/en-us,https://111skin.com/en-us,https://111skin.com/en-us,https://static.skimlinks.com/images/merchant_logos/mid0_1680004847.jpg,https://brandlogos.org/api/get/images/?brand=111skin.com&size=[size]&format=[format]&token=c3f98c028c908abfe96f4b889a241efa4492fb39285abeb910c628c5728aaa21&domain=nectarly.us,Deal,111skin.com,https://111skin.com/,,"Makeup Products",2025-04-16,2031-04-18,,"United Kingdom,United States of America","GB,US",en,0
36845704,"111 Skin | New Customer Offer Get 15% Off Your First Order (With Email Signup)!","111 Skin | New Customer Offer Get 15% Off Your First Order (With Email Signup)!","15% off",,No,skimlinks,,https://111skin.com/en-us,https://111skin.com/en-us,https://111skin.com/en-us,https://static.skimlinks.com/images/merchant_logos/mid0_1680004847.jpg,https://brandlogos.org/api/get/images/?brand=111skin.com&size=[size]&format=[format]&token=c3f98c028c908abfe96f4b889a241efa4492fb39285abeb910c628c5728aaa21&domain=nectarly.us,Deal,111skin.com,https://111skin.com/,,"Body Care",2025-04-16,2031-04-18,,"United Kingdom,United States of America","GB,US",en,0
36847530,"Tax Day (18%)-123inkjets 18% Off Compatible Ink & Toner. Free Shipping on orders $55+ with code TAX18. Offer ends 4/10/2026","Tax Day (18%)","18% off",TAX18,No,skimlinks,,https://www.123inkjets.com/deals/ink-toner-offer,https://www.123inkjets.com/deals/ink-toner-offer,https://www.123inkjets.com/deals/ink-toner-offer,https://static.skimlinks.com/images/merchant_logos/advertiser_logo_117924.gif,https://brandlogos.org/api/get/images/?brand=123inkjets.com&size=[size]&format=[format]&token=12d0c01152660957d1a4ca166a5f8b4e15c294400d4d085e1d268da6c64c53f5&domain=nectarly.us,Code,123inkjets.com,https://www.123inkjets.com/,,"Office Supplies",2026-04-01,2027-04-11,,"United States of America",US,en,1
36848833,"Affiliate Generic 2026-123inkjets 12% Off Compatible Ink & Toner. Free Shipping on orders $55+ with code 123AFL. Offer ends 12/31/2026","Affiliate Generic 2026","12% off",123AFL,No,skimlinks,,https://www.123inkjets.com/deals/ink-toner-offer,https://www.123inkjets.com/deals/ink-toner-offer,https://www.123inkjets.com/deals/ink-toner-offer,https://static.skimlinks.com/images/merchant_logos/advertiser_logo_117924.gif,https://brandlogos.org/api/get/images/?brand=123inkjets.com&size=[size]&format=[format]&token=12d0c01152660957d1a4ca166a5f8b4e15c294400d4d085e1d268da6c64c53f5&domain=nectarly.us,Code,123inkjets.com,https://www.123inkjets.com/,,"Office Supplies",2026-01-01,2027-01-01,,"United States of America",US,en,1
37012181,"Free shipping","Free shipping for orders above 59€","Save Big","no code needed",No,brandreward,,https://www.1001hobbies.es/,https://www.1001hobbies.es/,https://www.1001hobbies.es/,http://www.brandreward.com/img/adv_logo/fr-125614184727.jpeg,https://brandlogos.org/api/get/images/?brand=1001hobbies.es&size=[size]&format=[format]&token=b3c713a184dca86236710240532a40df78cfcb8b912a5e84c51eb5ab46df9e43&domain=nectarly.us,Code,1001hobbies.es,https://www.1001hobbies.es/,,"Board Games and Toys",2019-07-16,,,Spain,ES,en,2
37012183,"Free shipping for orders above 59€","Free shipping for orders above 59€","Best Offer","no code needed",No,brandreward,,https://www.1001hobbies.it/,https://www.1001hobbies.it/,https://www.1001hobbies.it/,,https://brandlogos.org/api/get/images/?brand=1001hobbies.it&size=[size]&format=[format]&token=3059c544ccf7851e7162943e51abfe39851df71160d8dce0236547c52c78b7bc&domain=nectarly.us,Code,1001hobbies.it,https://www.1001hobbies.it/,,"Arts and Crafts",2019-07-22,,,Italy,IT,en,2
37012184,"10 euros discount for orders above 100 euros","10 euros discount for orders above 100 euros","10 euros discount",KW9824,No,brandreward,,https://www.1001hobbies.it/,https://www.1001hobbies.it/,https://www.1001hobbies.it/,,https://brandlogos.org/api/get/images/?brand=1001hobbies.it&size=[size]&format=[format]&token=3059c544ccf7851e7162943e51abfe39851df71160d8dce0236547c52c78b7bc&domain=nectarly.us,Code,1001hobbies.it,https://www.1001hobbies.it/,,"Arts and Crafts",2019-11-22,,,Italy,IT,en,2
37298340,"10% OFF DR. CUDDLES","10% OFF DR CUDDLES PRODUCTS WITH CODE CUDDLES10. NO A/S REQUIRED/ EXPIRES 12/31","10% off",CUDDLES10,No,digidip,,https://www.1800petmeds.com/,https://www.1800petmeds.com/,https://www.1800petmeds.com/,,https://brandlogos.org/api/get/images/?brand=1800petmeds.com&size=[size]&format=[format]&token=b061905397e44b387a5590ab545c592b6c8b028195527fb54c787caae0d5b4fa&domain=nectarly.us,Code,1800petmeds.com,https://www.1800petmeds.com/,,"Pet Supplies",2025-04-10,2027-01-01,,"United States of America",US,en,1
37298341,"20% Off Sitewide with code WELCOME20, Save up to $30, Autoship NOT required.","20% Off Sitewide with code WELCOME20, Exclusions Apply, Save up to $30, Autoship NOT required. Unlimited uses","20% off",WELCOME20,No,digidip,,https://www.1800petmeds.com/,https://www.1800petmeds.com/,https://www.1800petmeds.com/,,https://brandlogos.org/api/get/images/?brand=1800petmeds.com&size=[size]&format=[format]&token=b061905397e44b387a5590ab545c592b6c8b028195527fb54c787caae0d5b4fa&domain=nectarly.us,Code,1800petmeds.com,https://www.1800petmeds.com/,,"Pet Supplies",2025-04-29,2027-01-01,,"United States of America",US,en,1
37298362,"20% Off Sitewide for New Customers","20% Off Sitewide for New Customers -- New Customer Only. Max Savings of $30. Terms and Exclusions Apply. 1 use per customer. Expires 12/31/25. AutoShip Not Required,","20% off",NC20,No,digidip,,https://www.1800petmeds.com/,https://www.1800petmeds.com/,https://www.1800petmeds.com/,,https://brandlogos.org/api/get/images/?brand=1800petmeds.com&size=[size]&format=[format]&token=b061905397e44b387a5590ab545c592b6c8b028195527fb54c787caae0d5b4fa&domain=nectarly.us,Code,1800petmeds.com,https://www.1800petmeds.com/,,,2026-02-13,2027-01-01,,"United States of America",US,en,1
37298377,"35% off Sitewide, Autoship Required, Save up to $20, Exclusions Apply, Not Stackable, 1 use per customer","35% off Sitewide with code FETCH35, Autoship Required, Save up to $20, Exclusions Apply, Not Stackable, 1 use per customer.","35% off",FETCH35,No,digidip,,https://www.1800petmeds.com/,https://www.1800petmeds.com/,https://www.1800petmeds.com/,,https://brandlogos.org/api/get/images/?brand=1800petmeds.com&size=[size]&format=[format]&token=b061905397e44b387a5590ab545c592b6c8b028195527fb54c787caae0d5b4fa&domain=nectarly.us,Code,1800petmeds.com,https://www.1800petmeds.com/,,"Pet Supplies",2025-12-29,2027-01-01,,"United States of America",US,en,1
37298383,"5% Off 2PK Bravecto","5% Off 2PK Bravecto: Consumers who purchase a 2Pk Bravecto Chew, Bravecto Dog Topical, Bravecto Cat Topical or Bravecto Plus are eligible to receive a 5% discount off of the transaction, in cart.  (Bravecto 1-month remains ineligible)
MAP List for the 2Pk Bundle must be advertised, however a call out to the 5% discount or savings is acceptable.
The discounted price must be visible only in cart and cannot be labeled as an auto-ship offer.
Bravecto Chew presentation must be the same weight","5% off",BRC5,No,digidip,,https://www.1800petmeds.com/,https://www.1800petmeds.com/,https://www.1800petmeds.com/,,https://brandlogos.org/api/get/images/?brand=1800petmeds.com&size=[size]&format=[format]&token=b061905397e44b387a5590ab545c592b6c8b028195527fb54c787caae0d5b4fa&domain=nectarly.us,Code,1800petmeds.com,https://www.1800petmeds.com/,,"Pet Supplies",2026-03-04,2027-01-01,,"United States of America",US,en,1
37355819,"20% OFF on any certification and courses","Buy any course or certification from 101 Blockchains and get 20% OFF","20% off",BCHAIN20,No,awin,,https://academy.101blockchains.com/,https://academy.101blockchains.com/,https://academy.101blockchains.com/,,https://brandlogos.org/api/get/images/?brand=101blockchains.com&size=[size]&format=[format]&token=6f2f9789f0a788f2c30620d13d41006ddc874865134221d9424050c176c7406f&domain=nectarly.us,Code,101blockchains.com,https://101blockchains.com/,,"Training Courses",2021-02-11,2050-12-31,,"multi country",,en,1
37355820,"30% OFF on any certification and courses","Buy any course or certification from 101 Blockchains and get 30% OFF","30% off",BCHAIN30,No,awin,,https://academy.101blockchains.com/,https://academy.101blockchains.com/,https://academy.101blockchains.com/,,https://brandlogos.org/api/get/images/?brand=101blockchains.com&size=[size]&format=[format]&token=6f2f9789f0a788f2c30620d13d41006ddc874865134221d9424050c176c7406f&domain=nectarly.us,Code,101blockchains.com,https://101blockchains.com/,,"Training Courses",2021-02-11,2050-12-31,,"multi country",,en,1
37355821,"10% OFF on any certification and courses","Buy any course or certification from 101 Blockchains and get 10% OFF","10% off",BCHAIN10,No,awin,,https://academy.101blockchains.com/,https://academy.101blockchains.com/,https://academy.101blockchains.com/,,https://brandlogos.org/api/get/images/?brand=101blockchains.com&size=[size]&format=[format]&token=6f2f9789f0a788f2c30620d13d41006ddc874865134221d9424050c176c7406f&domain=nectarly.us,Code,101blockchains.com,https://101blockchains.com/,,"Training Courses",2021-02-11,2050-12-31,,"multi country",,en,1
37424494,"Organized By Jenny – 1THRIVE Valentine's Sale","Save 15% on orders of $50 or more! Valid until February 17th at 9AM EST.","save 15%",ORGANIZEDBYJENNY,No,digidip,,https://1thrive.com,https://1thrive.com,https://1thrive.com,,https://brandlogos.org/api/get/images/?brand=1thrive.com&size=[size]&format=[format]&token=24dacee8727934726c6be81a5e8cbb217dadcdb6fce172067122ed7f35c89280&domain=nectarly.us,Code,1thrive.com,https://1thrive.com/,,,2021-02-02,2030-02-17,,"United States of America",US,en,1
37977787,"10% off site wide at 123RF","10% off site wide at 123RF.com","10% off",AW10OFF,No,awin,,https://www.123rf.com,https://www.123rf.com,https://www.123rf.com,,https://brandlogos.org/api/get/images/?brand=123rf.com&size=[size]&format=[format]&token=77f963e27a67406b7f54e9b7a4a859a3d00d3d13b7c9a5b6cade8e8c6acec213&domain=nectarly.us,Code,123rf.com,https://www.123rf.com/,,Graphics,2024-04-01,2027-01-31,,"multi country",,en,1
37977788,"20% off site wide at 123RF","20% off all plans only at 123RF.com","20% off",offers123rf20,No,awin,,https://www.123rf.com/,https://www.123rf.com/,https://www.123rf.com/,,https://brandlogos.org/api/get/images/?brand=123rf.com&size=[size]&format=[format]&token=77f963e27a67406b7f54e9b7a4a859a3d00d3d13b7c9a5b6cade8e8c6acec213&domain=nectarly.us,Code,123rf.com,https://www.123rf.com/,,Graphics,2024-02-08,2038-12-31,,"multi country",,en,1
38331433,"15% off Sitewide with code: INSIDER15. Some exclusions apply.","Code does not apply to some brands. Exclusive 15% Coupon At 1STOPlighting.com","15% off",INSIDER15,No,skimlinks,,https://www.1stoplighting.com?kw=ppa_insider15,https://www.1stoplighting.com?kw=ppa_insider15,https://www.1stoplighting.com?kw=ppa_insider15,https://static.skimlinks.com/images/merchant_logos/advertiser_logo_7755.gif,https://brandlogos.org/api/get/images/?brand=1stoplighting.com&size=[size]&format=[format]&token=b2cef11bd56d8bb25d3235eb313712b4df89233698c935f3792992b82aa1ec01&domain=nectarly.us,Code,1stoplighting.com,https://www.1stoplighting.com/,,"Furniture and Decor",2017-02-27,2050-12-31,,"United States of America",US,en,1
38926745,"Fino all'83% di sconto su Acronis","Crea backup e proteggi i tuoi dati con Acronis. I clienti approfittano questa estate di uno sconto fino all'83% tramite 2GO Software.","83% sconto",,No,awin,,https://2gosoftware.eu/acronis,https://2gosoftware.eu/acronis,https://2gosoftware.eu/acronis,,https://brandlogos.org/api/get/images/?brand=2gosoftware.eu&size=[size]&format=[format]&token=2707f7ef9ea3b1d2a147910dbe9f8b462c0dcbcb4e405b65b3686eb8ff209c5f&domain=nectarly.us,Deal,2gosoftware.eu,https://2gosoftware.eu/,,Softwares,2026-06-23,2026-09-21,,"multi country",,it,0
38926746,"McAfee: fino all'83% di sconto da 2GO Software","Proteggi i tuoi dispositivi con McAfee e approfitta questa estate di uno sconto fino all'83% da 2GO Software. Un'offerta conveniente per la tua sicurezza digitale.","83% sconto",,No,awin,,https://2gosoftware.eu/mcafee,https://2gosoftware.eu/mcafee,https://2gosoftware.eu/mcafee,,https://brandlogos.org/api/get/images/?brand=2gosoftware.eu&size=[size]&format=[format]&token=2707f7ef9ea3b1d2a147910dbe9f8b462c0dcbcb4e405b65b3686eb8ff209c5f&domain=nectarly.us,Deal,2gosoftware.eu,https://2gosoftware.eu/,,Softwares,2026-06-23,2026-09-21,,"multi country",,it,0
38926747,"Approfitta del 90% di sconto su Adobe da 2GO Software","Scopri Adobe da 2GO Software e approfitta questa estate di uno sconto fino al 90% sul software creativo.","90% sconto",,No,awin,,https://2gosoftware.eu/adobe,https://2gosoftware.eu/adobe,https://2gosoftware.eu/adobe,,https://brandlogos.org/api/get/images/?brand=2gosoftware.eu&size=[size]&format=[format]&token=2707f7ef9ea3b1d2a147910dbe9f8b462c0dcbcb4e405b65b3686eb8ff209c5f&domain=nectarly.us,Deal,2gosoftware.eu,https://2gosoftware.eu/,,Softwares,2026-06-23,2026-09-21,,"multi country",,it,0
38926748,"Ricevi fino al 76% di sconto su Jottacloud","Archivia file, documenti e backup in modo sicuro e veloce su Jottacloud e ricevi questa estate uno sconto fino al 76% tramite 2GO Software.","76% sconto",,No,awin,,https://2gosoftware.eu/jottacloud,https://2gosoftware.eu/jottacloud,https://2gosoftware.eu/jottacloud,,https://brandlogos.org/api/get/images/?brand=2gosoftware.eu&size=[size]&format=[format]&token=2707f7ef9ea3b1d2a147910dbe9f8b462c0dcbcb4e405b65b3686eb8ff209c5f&domain=nectarly.us,Deal,2gosoftware.eu,https://2gosoftware.eu/,,Softwares,2026-06-23,2026-09-21,,"multi country",,it,0
38926749,"Ordina Surfshark con uno sconto fino al 67%","Naviga online in sicurezza con Surfshark VPN e ricevi questa estate uno sconto fino al 67%. Ideale per privacy, streaming e navigazione sicura in viaggio.","67% sconto",,No,awin,,https://2gosoftware.eu/surfshark,https://2gosoftware.eu/surfshark,https://2gosoftware.eu/surfshark,,https://brandlogos.org/api/get/images/?brand=2gosoftware.eu&size=[size]&format=[format]&token=2707f7ef9ea3b1d2a147910dbe9f8b462c0dcbcb4e405b65b3686eb8ff209c5f&domain=nectarly.us,Deal,2gosoftware.eu,https://2gosoftware.eu/,,Softwares,2026-06-23,2026-09-21,,"multi country",,it,0
38926750,"Fino all'83% di sconto su Norton da 2GO Software","Proteggi i tuoi dispositivi con Norton e approfitta questa estate di uno sconto fino all'83%. Una scelta popolare per i clienti che considerano la sicurezza online una priorità.","83% sconto",,No,awin,,https://2gosoftware.eu/norton,https://2gosoftware.eu/norton,https://2gosoftware.eu/norton,,https://brandlogos.org/api/get/images/?brand=2gosoftware.eu&size=[size]&format=[format]&token=2707f7ef9ea3b1d2a147910dbe9f8b462c0dcbcb4e405b65b3686eb8ff209c5f&domain=nectarly.us,Deal,2gosoftware.eu,https://2gosoftware.eu/,,Softwares,2026-06-23,2026-09-21,,"multi country",,it,0
38926751,"Approfitta dei grandi sconti estivi su Parallels fino al 57%","Lavora in modo flessibile su Mac e Windows con Parallels e ricevi questa estate uno sconto fino al 57%. Un'offerta conveniente per gli utenti più produttivi.","57% sconto",,No,awin,,https://2gosoftware.eu/parallels,https://2gosoftware.eu/parallels,https://2gosoftware.eu/parallels,,https://brandlogos.org/api/get/images/?brand=2gosoftware.eu&size=[size]&format=[format]&token=2707f7ef9ea3b1d2a147910dbe9f8b462c0dcbcb4e405b65b3686eb8ff209c5f&domain=nectarly.us,Deal,2gosoftware.eu,https://2gosoftware.eu/,,Softwares,2026-06-23,2026-09-21,,"multi country",,it,0
38926752,"Ottieni questa estate fino all'81% di sconto su NordVPN","Naviga in modo sicuro e anonimo questa estate con NordVPN. I clienti approfittano ora di uno sconto fino all'81% tramite 2GO Software.","81% sconto",,No,awin,,https://2gosoftware.eu/nordvpn,https://2gosoftware.eu/nordvpn,https://2gosoftware.eu/nordvpn,,https://brandlogos.org/api/get/images/?brand=2gosoftware.eu&size=[size]&format=[format]&token=2707f7ef9ea3b1d2a147910dbe9f8b462c0dcbcb4e405b65b3686eb8ff209c5f&domain=nectarly.us,Deal,2gosoftware.eu,https://2gosoftware.eu/,,Softwares,2026-06-23,2026-09-21,,"multi country",,it,0
38926753,"Approfitta ora del 52% di sconto su Microsoft","Aumenta la tua produttività questa estate con Microsoft e approfitta di uno sconto fino al 52% tramite 2GO Software. Adatto per uso domestico, scolastico e lavorativo.","52% sconto",,No,awin,,https://2gosoftware.eu/microsoft,https://2gosoftware.eu/microsoft,https://2gosoftware.eu/microsoft,,https://brandlogos.org/api/get/images/?brand=2gosoftware.eu&size=[size]&format=[format]&token=2707f7ef9ea3b1d2a147910dbe9f8b462c0dcbcb4e405b65b3686eb8ff209c5f&domain=nectarly.us,Deal,2gosoftware.eu,https://2gosoftware.eu/,,Softwares,2026-06-23,2026-09-21,,"multi country",,it,0
38926754,"Scopri questa estate uno sconto fino al 93% su Corel","Dai libero sfogo alla tua creatività questa estate con Corel fino al 93% di sconto. Perfetto per i clienti che vogliono lavorare con strumenti multimediali e creativi in modo conveniente.","93% sconto",,No,awin,,https://2gosoftware.eu/corel,https://2gosoftware.eu/corel,https://2gosoftware.eu/corel,,https://brandlogos.org/api/get/images/?brand=2gosoftware.eu&size=[size]&format=[format]&token=2707f7ef9ea3b1d2a147910dbe9f8b462c0dcbcb4e405b65b3686eb8ff209c5f&domain=nectarly.us,Deal,2gosoftware.eu,https://2gosoftware.eu/,,Softwares,2026-06-23,2026-09-21,,"multi country",,it,0
38926755,"Approfitta questa estate di uno sconto fino all'86% su AVAST","Scopri questa estate AVAST per Windows e ricevi uno sconto fino all'86% su questo popolare software di sicurezza tramite 2GO Software.","Super Offerta",,No,awin,,https://2gosoftware.eu/avast,https://2gosoftware.eu/avast,https://2gosoftware.eu/avast,,https://brandlogos.org/api/get/images/?brand=2gosoftware.eu&size=[size]&format=[format]&token=2707f7ef9ea3b1d2a147910dbe9f8b462c0dcbcb4e405b65b3686eb8ff209c5f&domain=nectarly.us,Deal,2gosoftware.eu,https://2gosoftware.eu/,,Softwares,2026-06-23,2026-09-21,,"multi country",,it,0
38926756,"Offerte Bitdefender fino al 74% di sconto","Scopri Bitdefender da 2GO Software e approfitta delle offerte estive con uno sconto fino al 74%. Ideale per i clienti che cercano una protezione antivirus affidabile a un prezzo conveniente.","74% sconto",,No,awin,,https://2gosoftware.eu/bitdefender,https://2gosoftware.eu/bitdefender,https://2gosoftware.eu/bitdefender,,https://brandlogos.org/api/get/images/?brand=2gosoftware.eu&size=[size]&format=[format]&token=2707f7ef9ea3b1d2a147910dbe9f8b462c0dcbcb4e405b65b3686eb8ff209c5f&domain=nectarly.us,Deal,2gosoftware.eu,https://2gosoftware.eu/,,Softwares,2026-06-23,2026-09-21,,"multi country",,it,0
38926757,"Sconto fino all'81% su VPN da 2GO Software","Proteggi il tuo laptop, PC e dispositivi mobili con software antivirus con uno sconto fino all'88%. Un'ottima offerta estiva per la tua sicurezza online.","Migliore offerta",,No,awin,,https://2gosoftware.eu/vpn,https://2gosoftware.eu/vpn,https://2gosoftware.eu/vpn,,https://brandlogos.org/api/get/images/?brand=2gosoftware.eu&size=[size]&format=[format]&token=2707f7ef9ea3b1d2a147910dbe9f8b462c0dcbcb4e405b65b3686eb8ff209c5f&domain=nectarly.us,Deal,2gosoftware.eu,https://2gosoftware.eu/,,Softwares,2026-06-23,2026-09-21,,"multi country",,it,0
38926758,"Ricevi fino all'86% di sconto sull'antivirus da 2GO Software","Proteggi il tuo laptop, PC e dispositivi mobili con software antivirus con uno sconto fino all'88%. Un'ottima offerta estiva per la tua sicurezza online.","86% sconto",,No,awin,,https://2gosoftware.eu/sicurezza,https://2gosoftware.eu/sicurezza,https://2gosoftware.eu/sicurezza,,https://brandlogos.org/api/get/images/?brand=2gosoftware.eu&size=[size]&format=[format]&token=2707f7ef9ea3b1d2a147910dbe9f8b462c0dcbcb4e405b65b3686eb8ff209c5f&domain=nectarly.us,Deal,2gosoftware.eu,https://2gosoftware.eu/,,Softwares,2026-06-23,2026-09-21,,"multi country",,it,0
38926759,"Ottieni fino al 93% di sconto sul software multimediale da 2GO Software","Scopri il software multimediale con grandi sconti da 2GO Software. I clienti approfittano di sconti fino al 93% durante questa estate.","93% sconto",,No,awin,,https://2gosoftware.eu/multimedia-software,https://2gosoftware.eu/multimedia-software,https://2gosoftware.eu/multimedia-software,,https://brandlogos.org/api/get/images/?brand=2gosoftware.eu&size=[size]&format=[format]&token=2707f7ef9ea3b1d2a147910dbe9f8b462c0dcbcb4e405b65b3686eb8ff209c5f&domain=nectarly.us,Deal,2gosoftware.eu,https://2gosoftware.eu/,,Softwares,2026-06-23,2026-09-21,,"multi country",,it,0
38926760,"Risparmia fino al 93% sul software per studenti da 2GO Software","Gli studenti risparmiano molto questa estate sul software da 2GO Software. Approfitta delle offerte dedicate agli studenti con sconti fino al 93%.","Risparmia alla grande",,No,awin,,https://2gosoftware.eu/studenti,https://2gosoftware.eu/studenti,https://2gosoftware.eu/studenti,,https://brandlogos.org/api/get/images/?brand=2gosoftware.eu&size=[size]&format=[format]&token=2707f7ef9ea3b1d2a147910dbe9f8b462c0dcbcb4e405b65b3686eb8ff209c5f&domain=nectarly.us,Deal,2gosoftware.eu,https://2gosoftware.eu/,,Softwares,2026-06-23,2026-09-21,,"multi country",,it,0
38926761,"Fino all'83% di sconto sul software di backup da 2GO Software","Proteggi file importanti, foto e documenti con software di backup affidabile. I clienti approfittano di uno sconto fino all'83% questa estate da 2GO Software.","83% sconto",,No,awin,,https://2gosoftware.eu/cyber-protection,https://2gosoftware.eu/cyber-protection,https://2gosoftware.eu/cyber-protection,,https://brandlogos.org/api/get/images/?brand=2gosoftware.eu&size=[size]&format=[format]&token=2707f7ef9ea3b1d2a147910dbe9f8b462c0dcbcb4e405b65b3686eb8ff209c5f&domain=nectarly.us,Deal,2gosoftware.eu,https://2gosoftware.eu/,,Softwares,2026-06-23,2026-09-21,,"multi country",,it,0
38926762,"Lavora in modo più intelligente con il 51% di sconto sul software per aziende","Scopri il software aziendale per produttività, sicurezza e uso quotidiano. I clienti approfittano questa estate di uno sconto fino al 51% da 2GO Software.","51% sconto",,No,awin,,https://2gosoftware.eu/aziende,https://2gosoftware.eu/aziende,https://2gosoftware.eu/aziende,,https://brandlogos.org/api/get/images/?brand=2gosoftware.eu&size=[size]&format=[format]&token=2707f7ef9ea3b1d2a147910dbe9f8b462c0dcbcb4e405b65b3686eb8ff209c5f&domain=nectarly.us,Deal,2gosoftware.eu,https://2gosoftware.eu/,,Softwares,2026-06-23,2026-09-21,,"multi country",,it,0
38926763,"Spare bis zu 81% auf VPN bei 2GO Software","Entdecke diese Sommer die besten VPN-Angebote mit bis zu 81% Rabatt bei 2GO Software. Perfekt für Kunden, die sicherer, freier und anonymer surfen möchten.","81% rabatt",,No,awin,,https://2gosoftware.eu/vpn,https://2gosoftware.eu/vpn,https://2gosoftware.eu/vpn,,https://brandlogos.org/api/get/images/?brand=2gosoftware.eu&size=[size]&format=[format]&token=2707f7ef9ea3b1d2a147910dbe9f8b462c0dcbcb4e405b65b3686eb8ff209c5f&domain=nectarly.us,Deal,2gosoftware.eu,https://2gosoftware.eu/,,Softwares,2026-06-23,2026-09-21,,"multi country",,de,0
38926764,"Erhalte bis zu 86% Rabatt auf Antivirensoftware bei 2GO Software","Schütze deinen Laptop, PC und deine mobilen Geräte mit Antivirensoftware mit bis zu 88% Rabatt. Ein starkes Sommerangebot für mehr Online-Sicherheit.","86% rabatt",,No,awin,,https://2gosoftware.eu/sicherheit,https://2gosoftware.eu/sicherheit,https://2gosoftware.eu/sicherheit,,https://brandlogos.org/api/get/images/?brand=2gosoftware.eu&size=[size]&format=[format]&token=2707f7ef9ea3b1d2a147910dbe9f8b462c0dcbcb4e405b65b3686eb8ff209c5f&domain=nectarly.us,Deal,2gosoftware.eu,https://2gosoftware.eu/,,Softwares,2026-06-23,2026-09-21,,"multi country",,de,0
38926765,"Spare bis zu 93% auf Multimedia-Software bei 2GO Software","Entdecke Multimedia-Software mit hohem Rabatt bei 2GO Software. Kunden profitieren zeitlich begrenzt von Rabatten bis zu 93%.",Top-Angebot,,No,awin,,https://2gosoftware.eu/multimedia-software,https://2gosoftware.eu/multimedia-software,https://2gosoftware.eu/multimedia-software,,https://brandlogos.org/api/get/images/?brand=2gosoftware.eu&size=[size]&format=[format]&token=2707f7ef9ea3b1d2a147910dbe9f8b462c0dcbcb4e405b65b3686eb8ff209c5f&domain=nectarly.us,Deal,2gosoftware.eu,https://2gosoftware.eu/,,Softwares,2026-06-23,2026-09-21,,"multi country",,de,0
38926766,"Spare bis zu 93% auf Studentensoftware bei 2GO Software","Studenten sparen diesen Sommer kräftig auf Software bei 2GO Software. Profitiere von Studentenangeboten mit Rabatten bis zu 93%.",Schnäppchen,,No,awin,,https://2gosoftware.eu/studenten,https://2gosoftware.eu/studenten,https://2gosoftware.eu/studenten,,https://brandlogos.org/api/get/images/?brand=2gosoftware.eu&size=[size]&format=[format]&token=2707f7ef9ea3b1d2a147910dbe9f8b462c0dcbcb4e405b65b3686eb8ff209c5f&domain=nectarly.us,Deal,2gosoftware.eu,https://2gosoftware.eu/,,Softwares,2026-06-23,2026-09-21,,"multi country",,de,0
38926767,"Bis zu 83% Rabatt auf Backup-Software bei 2GO Software","Schütze wichtige Dateien, Fotos und Dokumente mit zuverlässiger Backup-Software. Kunden profitieren diesen Sommer von bis zu 83% Rabatt bei 2GO Software.","83% rabatt",,No,awin,,https://2gosoftware.eu/cyber-protection,https://2gosoftware.eu/cyber-protection,https://2gosoftware.eu/cyber-protection,,https://brandlogos.org/api/get/images/?brand=2gosoftware.eu&size=[size]&format=[format]&token=2707f7ef9ea3b1d2a147910dbe9f8b462c0dcbcb4e405b65b3686eb8ff209c5f&domain=nectarly.us,Deal,2gosoftware.eu,https://2gosoftware.eu/,,Softwares,2026-06-23,2026-09-21,,"multi country",,de,0
38926768,"Arbeite smarter mit 51% Rabatt auf Business-Software","Entdecke Business-Software für Produktivität, Sicherheit und den täglichen Gebrauch. Kunden profitieren diesen Sommer von bis zu 51% Rabatt bei 2GO Software.","51% rabatt",,No,awin,,https://2gosoftware.eu/unternehmen,https://2gosoftware.eu/unternehmen,https://2gosoftware.eu/unternehmen,,https://brandlogos.org/api/get/images/?brand=2gosoftware.eu&size=[size]&format=[format]&token=2707f7ef9ea3b1d2a147910dbe9f8b462c0dcbcb4e405b65b3686eb8ff209c5f&domain=nectarly.us,Deal,2gosoftware.eu,https://2gosoftware.eu/,,Softwares,2026-06-23,2026-09-21,,"multi country",,de,0
38926769,"Bis zu 83% Rabatt auf Acronis","Erstelle Backups und schütze deine Daten mit Acronis. Kunden profitieren diesen Sommer von bis zu 83% Rabatt bei 2GO Software.","83% rabatt",,No,awin,,https://2gosoftware.eu/acronis,https://2gosoftware.eu/acronis,https://2gosoftware.eu/acronis,,https://brandlogos.org/api/get/images/?brand=2gosoftware.eu&size=[size]&format=[format]&token=2707f7ef9ea3b1d2a147910dbe9f8b462c0dcbcb4e405b65b3686eb8ff209c5f&domain=nectarly.us,Deal,2gosoftware.eu,https://2gosoftware.eu/,,Softwares,2026-06-23,2026-09-21,,"multi country",,de,0
38926770,"McAfee: bis zu 83% Rabatt bei 2GO Software","Schütze deine Geräte mit McAfee und profitiere diesen Sommer von bis zu 83% Rabatt. Ein attraktives Angebot für digitale Sicherheit.","83% rabatt",,No,awin,,https://2gosoftware.eu/mcafee,https://2gosoftware.eu/mcafee,https://2gosoftware.eu/mcafee,,https://brandlogos.org/api/get/images/?brand=2gosoftware.eu&size=[size]&format=[format]&token=2707f7ef9ea3b1d2a147910dbe9f8b462c0dcbcb4e405b65b3686eb8ff209c5f&domain=nectarly.us,Deal,2gosoftware.eu,https://2gosoftware.eu/,,Softwares,2026-06-23,2026-09-21,,"multi country",,de,0
38926771,"Spare bis zu 90% auf Adobe bei 2GO Software","Entdecke Adobe bei 2GO Software und profitiere diesen Sommer von bis zu 90% Rabatt auf kreative Software.","90% rabatt",,No,awin,,https://2gosoftware.eu/adobe,https://2gosoftware.eu/adobe,https://2gosoftware.eu/adobe,,https://brandlogos.org/api/get/images/?brand=2gosoftware.eu&size=[size]&format=[format]&token=2707f7ef9ea3b1d2a147910dbe9f8b462c0dcbcb4e405b65b3686eb8ff209c5f&domain=nectarly.us,Deal,2gosoftware.eu,https://2gosoftware.eu/,,Softwares,2026-06-23,2026-09-21,,"multi country",,de,0
38926772,"Erhalte bis zu 76% Rabatt auf Jottacloud","Speichere Dateien, Dokumente und Backups sicher und einfach mit Jottacloud und erhalte diesen Sommer bis zu 76% Rabatt via 2GO Software.","76% rabatt",,No,awin,,https://2gosoftware.eu/jottacloud,https://2gosoftware.eu/jottacloud,https://2gosoftware.eu/jottacloud,,https://brandlogos.org/api/get/images/?brand=2gosoftware.eu&size=[size]&format=[format]&token=2707f7ef9ea3b1d2a147910dbe9f8b462c0dcbcb4e405b65b3686eb8ff209c5f&domain=nectarly.us,Deal,2gosoftware.eu,https://2gosoftware.eu/,,,2026-06-23,2026-09-21,,"multi country",,de,0
38926773,"Bestelle Surfshark mit bis zu 67% Rabatt","Surfe sicher online mit Surfshark VPN und erhalte diesen Sommer bis zu 67% Rabatt. Ideal für Datenschutz, Streaming und sicheres Surfen auf Reisen.","67% rabatt",,No,awin,,https://2gosoftware.eu/surfshark,https://2gosoftware.eu/surfshark,https://2gosoftware.eu/surfshark,,https://brandlogos.org/api/get/images/?brand=2gosoftware.eu&size=[size]&format=[format]&token=2707f7ef9ea3b1d2a147910dbe9f8b462c0dcbcb4e405b65b3686eb8ff209c5f&domain=nectarly.us,Deal,2gosoftware.eu,https://2gosoftware.eu/,,Softwares,2026-06-23,2026-09-21,,"multi country",,de,0
38926774,"Jetzt bis zu 83% Rabatt auf Norton bei 2GO Software","Schütze deine Geräte mit Norton und profitiere diesen Sommer von bis zu 83% Rabatt. Eine beliebte Wahl für Kunden, denen Online-Sicherheit wichtig ist.","83% rabatt",,No,awin,,https://2gosoftware.eu/norton,https://2gosoftware.eu/norton,https://2gosoftware.eu/norton,,https://brandlogos.org/api/get/images/?brand=2gosoftware.eu&size=[size]&format=[format]&token=2707f7ef9ea3b1d2a147910dbe9f8b462c0dcbcb4e405b65b3686eb8ff209c5f&domain=nectarly.us,Deal,2gosoftware.eu,https://2gosoftware.eu/,,Softwares,2026-06-23,2026-09-21,,"multi country",,de,0
38926775,"Profitiere von hohen Sommerrabatten auf Parallels – bis zu 57%","Arbeite flexibel auf Mac und Windows mit Parallels und erhalte diesen Sommer bis zu 57% Rabatt. Ein attraktives Angebot für produktive Nutzer.","57% rabatt",,No,awin,,https://2gosoftware.eu/parallels,https://2gosoftware.eu/parallels,https://2gosoftware.eu/parallels,,https://brandlogos.org/api/get/images/?brand=2gosoftware.eu&size=[size]&format=[format]&token=2707f7ef9ea3b1d2a147910dbe9f8b462c0dcbcb4e405b65b3686eb8ff209c5f&domain=nectarly.us,Deal,2gosoftware.eu,https://2gosoftware.eu/,,Softwares,2026-06-23,2026-09-21,,"multi country",,de,0
38926776,"Spare diesen Sommer bis zu 81% auf NordVPN","Bleibe sicher und anonym online diesen Sommer mit NordVPN. Kunden profitieren jetzt von bis zu 81% Rabatt via 2GO Software.","81% rabatt",,No,awin,,https://2gosoftware.eu/nordvpn,https://2gosoftware.eu/nordvpn,https://2gosoftware.eu/nordvpn,,https://brandlogos.org/api/get/images/?brand=2gosoftware.eu&size=[size]&format=[format]&token=2707f7ef9ea3b1d2a147910dbe9f8b462c0dcbcb4e405b65b3686eb8ff209c5f&domain=nectarly.us,Deal,2gosoftware.eu,https://2gosoftware.eu/,,Softwares,2026-06-23,2026-09-21,,"multi country",,de,0
38926777,"Spare jetzt bis zu 52% auf Microsoft","Steigere deine Produktivität diesen Sommer mit Microsoft und profitiere von bis zu 52% Rabatt bei 2GO Software. Geeignet für den Heimgebrauch, das Studium und die Arbeit.","52% rabatt",,No,awin,,https://2gosoftware.eu/microsoft,https://2gosoftware.eu/microsoft,https://2gosoftware.eu/microsoft,,https://brandlogos.org/api/get/images/?brand=2gosoftware.eu&size=[size]&format=[format]&token=2707f7ef9ea3b1d2a147910dbe9f8b462c0dcbcb4e405b65b3686eb8ff209c5f&domain=nectarly.us,Deal,2gosoftware.eu,https://2gosoftware.eu/,,Softwares,2026-06-23,2026-09-21,,"multi country",,de,0
38926778,"Spare diesen Sommer bis zu 93% auf Corel","Setze deiner Kreativität diesen Sommer mit Corel keine Grenzen bis zu 93% Rabatt. Perfekt für Kunden, die kostengünstig mit Multimedia- und Kreativtools durchstarten wollen.","93% rabatt",,No,awin,,https://2gosoftware.eu/corel,https://2gosoftware.eu/corel,https://2gosoftware.eu/corel,,https://brandlogos.org/api/get/images/?brand=2gosoftware.eu&size=[size]&format=[format]&token=2707f7ef9ea3b1d2a147910dbe9f8b462c0dcbcb4e405b65b3686eb8ff209c5f&domain=nectarly.us,Deal,2gosoftware.eu,https://2gosoftware.eu/,,Softwares,2026-06-23,2026-09-21,,"multi country",,de,0
38926779,"Spare diesen Sommer bis zu 86% auf AVAST","Entdecke diesen Sommer Top-Angebote für Windows mit AVAST. Kunden erhalten bis zu 86% Rabatt auf beliebte Sicherheitssoftware via 2GO Software.","86% rabatt",,No,awin,,https://2gosoftware.eu/avast,https://2gosoftware.eu/avast,https://2gosoftware.eu/avast,,https://brandlogos.org/api/get/images/?brand=2gosoftware.eu&size=[size]&format=[format]&token=2707f7ef9ea3b1d2a147910dbe9f8b462c0dcbcb4e405b65b3686eb8ff209c5f&domain=nectarly.us,Deal,2gosoftware.eu,https://2gosoftware.eu/,,Softwares,2026-06-23,2026-09-21,,"multi country",,de,0
38926780,"Bitdefender-Angebote bis zu 74% Rabatt","Entdecke Bitdefender bei 2GO Software und profitiere von Sommerangeboten mit bis zu 74% Rabatt. Ideal für Kunden, die zuverlässigen Virenschutz zu einem günstigen Preis suchen.","74% rabatt",,No,awin,,https://2gosoftware.eu/bitdefender,https://2gosoftware.eu/bitdefender,https://2gosoftware.eu/bitdefender,,https://brandlogos.org/api/get/images/?brand=2gosoftware.eu&size=[size]&format=[format]&token=2707f7ef9ea3b1d2a147910dbe9f8b462c0dcbcb4e405b65b3686eb8ff209c5f&domain=nectarly.us,Deal,2gosoftware.eu,https://2gosoftware.eu/,,Softwares,2026-06-23,2026-09-21,,"multi country",,de,0
38928732,"10% Willkommensrabatt für neue Kunden","Profitiere von 10% Rabatt auf ausgewählte Produkte von Top-Marken wie Norton, McAfee, Bitdefender, Acronis, Jottacloud und NordVPN. Exklusiv für neue Kunden.","10% rabatt",WILLKOMMEN10,No,digidip,,https://2gosoftware.eu/rabattcode-2gosoftware-neukunden,https://2gosoftware.eu/rabattcode-2gosoftware-neukunden,https://2gosoftware.eu/rabattcode-2gosoftware-neukunden,,https://brandlogos.org/api/get/images/?brand=2gosoftware.eu&size=[size]&format=[format]&token=2707f7ef9ea3b1d2a147910dbe9f8b462c0dcbcb4e405b65b3686eb8ff209c5f&domain=nectarly.us,Code,2gosoftware.eu,https://2gosoftware.eu/,,Softwares,2026-06-23,2026-12-18,,"multi country",,de,1
38938350,"35% off Sitewide with code FETCH35, Autoship Required, Save up to $20, Exclusions Apply, Not Stackable, 1 use per customer.","35% off Sitewide with code FETCH35 at PetMeds.com with autoship","35% off",,No,skimlinks,,https://www.1800petmeds.com/,https://www.1800petmeds.com/,https://www.1800petmeds.com/,https://static.skimlinks.com/images/merchant_logos/advertiser_logo_80189.gif,https://brandlogos.org/api/get/images/?brand=1800petmeds.com&size=[size]&format=[format]&token=b061905397e44b387a5590ab545c592b6c8b028195527fb54c787caae0d5b4fa&domain=nectarly.us,Deal,1800petmeds.com,https://www.1800petmeds.com/,,"Pet Supplies",2025-11-29,2027-01-01,,"United States of America",US,en,0
38947862,"35% off Sitewide with code  at PetMeds.com with autoship","35% off Sitewide with code , Autoship Required, Save up to $20, Exclusions Apply, Not Stackable, 1 use per customer.","35% off",FETCH35,No,brandreward,,https://www.1800petmeds.com/,https://www.1800petmeds.com/,https://www.1800petmeds.com/,http://www.brandreward.com/img/adv_logo/us-15285942110.png,https://brandlogos.org/api/get/images/?brand=1800petmeds.com&size=[size]&format=[format]&token=b061905397e44b387a5590ab545c592b6c8b028195527fb54c787caae0d5b4fa&domain=nectarly.us,Code,1800petmeds.com,https://www.1800petmeds.com/,"Online Services","Pet Supplies",2025-11-29,2027-01-01,,"United States of America",US,en,1
39057185,"123 Reg Business Launch Pack! Start your website for only £1.99/mo*!","NEW CUSTOMER OFFER! 123 Reg Business Launch Pack! Start your website for only £1.99/mo*!","Great Value",,No,cj,,https://click.123-reg.co.uk/affiliate?,https://click.123-reg.co.uk/affiliate?,https://click.123-reg.co.uk/affiliate?,,https://brandlogos.org/api/get/images/?brand=123-reg.co.uk&size=[size]&format=[format]&token=4d6ba2aa18a69429ffc72c0c9330df3b90b1b0b9d15007a3c977c4bbcebbff08&domain=nectarly.us,Deal,123-reg.co.uk,https://www.123-reg.co.uk/,"Domain Registrations","Website Development",2026-06-29,2027-01-31,,"United Kingdom",GB,en,0
39085602,"Rabatte bis zu 40%","Rabatte bis zu 40% - Einfach durchstöbern",Super-Angebot,,No,awin,,https://www.100percentpure.de/Sale_1,https://www.100percentpure.de/Sale_1,https://www.100percentpure.de/Sale_1,,https://brandlogos.org/api/get/images/?brand=100percentpure.de&size=[size]&format=[format]&token=aefe0c33f96a506efd9e3c4a6181cd9325218b13d8879c18571bcc15a657b128&domain=nectarly.us,Deal,100percentpure.de,https://www.100percentpure.de/,,"Body Care",2026-06-30,2026-09-30,,Germany,DE,de,0
39085787,"6 € Gutschein + Kostenlose Lieferung","Der Sommer-Gutschein von 100% Pure ist da!","Heißes Angebot",PrAw403,No,awin,,https://www.100percentpure.de/,https://www.100percentpure.de/,https://www.100percentpure.de/,,https://brandlogos.org/api/get/images/?brand=100percentpure.de&size=[size]&format=[format]&token=aefe0c33f96a506efd9e3c4a6181cd9325218b13d8879c18571bcc15a657b128&domain=nectarly.us,Code,100percentpure.de,https://www.100percentpure.de/,,,2026-06-30,2026-09-30,,Germany,DE,de,1
39085788,"10% Gutschein + Kostenlose Lieferung","Der Sommer-Gutschein von 100% Pure ist da!","Heißes Angebot",PrAw718,No,awin,,https://www.100percentpure.de/,https://www.100percentpure.de/,https://www.100percentpure.de/,,https://brandlogos.org/api/get/images/?brand=100percentpure.de&size=[size]&format=[format]&token=aefe0c33f96a506efd9e3c4a6181cd9325218b13d8879c18571bcc15a657b128&domain=nectarly.us,Code,100percentpure.de,https://www.100percentpure.de/,,"Makeup Products",2026-06-30,2026-09-30,,Germany,DE,de,1
39088190,"Der Sommer-Gutschein von 100% Pure ist da!","Mindestbestellwert 40 € 10% Gutschein + Kostenlose Lieferung",Super-Angebot,PrAw718,No,skimlinks,,https://www.100percentpure.de/,https://www.100percentpure.de/,https://www.100percentpure.de/,https://static.skimlinks.com/images/merchant_logos/advertiser_logo_59818.gif,https://brandlogos.org/api/get/images/?brand=100percentpure.de&size=[size]&format=[format]&token=aefe0c33f96a506efd9e3c4a6181cd9325218b13d8879c18571bcc15a657b128&domain=nectarly.us,Code,100percentpure.de,https://www.100percentpure.de/,,"Makeup Products",2026-06-30,2026-09-30,,Germany,DE,de,1
39088191,"Der Sommer-Gutschein von 100% Pure ist da!","Mindestbestellwert 40 € 6 € Gutschein + Kostenlose Lieferung",Schnäppchen,PrAw403,No,skimlinks,,https://www.100percentpure.de/,https://www.100percentpure.de/,https://www.100percentpure.de/,https://static.skimlinks.com/images/merchant_logos/advertiser_logo_59818.gif,https://brandlogos.org/api/get/images/?brand=100percentpure.de&size=[size]&format=[format]&token=aefe0c33f96a506efd9e3c4a6181cd9325218b13d8879c18571bcc15a657b128&domain=nectarly.us,Code,100percentpure.de,https://www.100percentpure.de/,,"Makeup Products",2026-06-30,2026-09-30,,Germany,DE,de,1
39088201,"Rabatte bis zu 40% - Einfach durchstöbern","- Rabatte bis zu 40%","Heißes Angebot",,No,skimlinks,,https://www.100percentpure.de/Sale_1,https://www.100percentpure.de/Sale_1,https://www.100percentpure.de/Sale_1,https://static.skimlinks.com/images/merchant_logos/advertiser_logo_59818.gif,https://brandlogos.org/api/get/images/?brand=100percentpure.de&size=[size]&format=[format]&token=aefe0c33f96a506efd9e3c4a6181cd9325218b13d8879c18571bcc15a657b128&domain=nectarly.us,Deal,100percentpure.de,https://www.100percentpure.de/,,"Body Care",2026-06-30,2026-09-30,,Germany,DE,de,0
39088328,"4th of July (18%)-18% Off Compatible Printer Cartridges with code STARS18. Offer ends 7/8/2026","4th of July (18%)","-18% off",STARS18,No,skimlinks,,https://www.123inkjets.com/deals/ink-toner-offer,https://www.123inkjets.com/deals/ink-toner-offer,https://www.123inkjets.com/deals/ink-toner-offer,https://static.skimlinks.com/images/merchant_logos/advertiser_logo_117924.gif,https://brandlogos.org/api/get/images/?brand=123inkjets.com&size=[size]&format=[format]&token=12d0c01152660957d1a4ca166a5f8b4e15c294400d4d085e1d268da6c64c53f5&domain=nectarly.us,Code,123inkjets.com,https://www.123inkjets.com/,,"Office Supplies",2026-07-01,2027-07-09,,"United States of America",US,en,1
39088978,"Der Frühjahrs-Gutschein von 100% Pure ist da!","Mindestbestellwert 40 € 6 € Gutschein","Heißes Angebot",PrAw364,No,skimlinks,,https://www.100percentpure.de/,https://www.100percentpure.de/,https://www.100percentpure.de/,https://static.skimlinks.com/images/merchant_logos/advertiser_logo_59818.gif,https://brandlogos.org/api/get/images/?brand=100percentpure.de&size=[size]&format=[format]&token=aefe0c33f96a506efd9e3c4a6181cd9325218b13d8879c18571bcc15a657b128&domain=nectarly.us,Code,100percentpure.de,https://www.100percentpure.de/,,"Makeup Products",2026-05-05,2026-09-30,,Germany,DE,de,1
39089125,"Der Frühjahrs-Gutschein von 100% Pure ist da!","Mindestbestellwert 40 € 10% Gutschein",Mega-Rabatt,PrAw932,No,skimlinks,,https://www.100percentpure.de/,https://www.100percentpure.de/,https://www.100percentpure.de/,https://static.skimlinks.com/images/merchant_logos/advertiser_logo_59818.gif,https://brandlogos.org/api/get/images/?brand=100percentpure.de&size=[size]&format=[format]&token=aefe0c33f96a506efd9e3c4a6181cd9325218b13d8879c18571bcc15a657b128&domain=nectarly.us,Code,100percentpure.de,https://www.100percentpure.de/,,"Makeup Products",2026-04-05,2026-09-30,,Germany,DE,de,1
39115309,"9% скидка на первый месяц подготовки к ЕГЭ и ОГЭ.","Первая покупка нового клиента. 
Не суммируется с другими предложениями.","9% Скидка",ADMITAD9,No,admitad,,https://100points.ru/,https://100points.ru/,https://100points.ru/,http://cdn.admitad.com/campaign/images/2025/9/24/134816-24b933507cb7efc9.svg,https://brandlogos.org/api/get/images/?brand=100points.ru&size=[size]&format=[format]&token=882c5b6276f86c250366e679d8fb4de0e0c63c52a9112e9c8ee683e7207cb430&domain=nectarly.us,Code,100points.ru,https://100points.ru/,,"Training Courses",2026-07-03,2026-12-31,,Russia,RU,ru,1
39115310,"5% скидка на покупку годового курса по подготовке к ЕГЭ и ОГЭ.","Не суммируется с другими предложениями.
 Первая покупка нового клиента.","5% Скидка",ADMITAD5,No,admitad,,https://100points.ru/,https://100points.ru/,https://100points.ru/,http://cdn.admitad.com/campaign/images/2025/9/24/134816-24b933507cb7efc9.svg,https://brandlogos.org/api/get/images/?brand=100points.ru&size=[size]&format=[format]&token=882c5b6276f86c250366e679d8fb4de0e0c63c52a9112e9c8ee683e7207cb430&domain=nectarly.us,Code,100points.ru,https://100points.ru/,,"Training Courses",2026-07-03,2026-12-31,,Russia,RU,ru,1
39116914,"Exclusive CouponFollow Q3 2026","123inkjets 20% Off Compatible Ink & Toner with code FOLLOW123INK20. Offer ends 09/30/2026.Labels: Exclusive Couponfollow Q3 2026,","20% off",,No,brandreward,,https://www.123inkjets.com/,https://www.123inkjets.com/,https://www.123inkjets.com/,http://www.brandreward.com/img/adv_logo/us-92890560656.png,https://brandlogos.org/api/get/images/?brand=123inkjets.com&size=[size]&format=[format]&token=12d0c01152660957d1a4ca166a5f8b4e15c294400d4d085e1d268da6c64c53f5&domain=nectarly.us,Deal,123inkjets.com,https://www.123inkjets.com/,,"Office Supplies",2026-07-02,2026-10-01,,"United States of America",US,en,0
39117769,"4th of July (18%)","18% Off Compatible Printer Cartridges with code . Offer ends 7/8/2026Discount Percent: 18,","18% off",STARS18,No,brandreward,,https://www.123inkjets.com/,https://www.123inkjets.com/,https://www.123inkjets.com/,http://www.brandreward.com/img/adv_logo/us-92890560656.png,https://brandlogos.org/api/get/images/?brand=123inkjets.com&size=[size]&format=[format]&token=12d0c01152660957d1a4ca166a5f8b4e15c294400d4d085e1d268da6c64c53f5&domain=nectarly.us,Code,123inkjets.com,https://www.123inkjets.com/,,"Office Supplies",2026-07-01,2027-07-09,,"United States of America",US,en,1
39406057,"Better Numbers in 2 Weeks Challenge Pack (10% Off)",,"10% off",,No,impact,,https://www.120life.com/pages/landing-v30life.com,https://www.120life.com/pages/landing-v30life.com,https://www.120life.com/pages/landing-v30life.com,,https://brandlogos.org/api/get/images/?brand=120life.com&size=[size]&format=[format]&token=78bffc930cc41479680c428740af2bfe4882e6ba10cf12cb1e43ac271e11f884&domain=nectarly.us,Deal,120life.com,https://www.120life.com/,,Fitness,,,,"United States of America",US,en,0
39410201,"Free US Standard Shipping on orders $50+ at www.100percentpure.com","Free US Standard Shipping on orders $50+ at www.100percentpure.com","Hot Offer",,No,impact,,https://www.100percentpure.com/,https://www.100percentpure.com/,https://www.100percentpure.com/,,https://brandlogos.org/api/get/images/?brand=100percentpure.com&size=[size]&format=[format]&token=d18d1349dc7d9489f61a1512ba364bb2cda97e433b650628c224322e28eb691f&domain=nectarly.us,Deal,100percentpure.com,https://www.100percentpure.com/,,,,,,"United States of America",US,en,1
39410202,"Shop 100% PURE Best Sellers","Shop 100% PURE Best Sellers","Hot Offer",,No,impact,,https://www.100percentpure.com/collections/best-sellers,https://www.100percentpure.com/collections/best-sellers,https://www.100percentpure.com/collections/best-sellers,,https://brandlogos.org/api/get/images/?brand=100percentpure.com&size=[size]&format=[format]&token=d18d1349dc7d9489f61a1512ba364bb2cda97e433b650628c224322e28eb691f&domain=nectarly.us,Deal,100percentpure.com,https://www.100percentpure.com/,,,,,,"United States of America",US,en,1
39410209,"100% PURE Monthly Subscription Boxes","Discover 100% PURE's Monthly Subscription Boxes, featuring a curated selection of clean beauty products for skincare, hair care, makeup, and body care.","Best Offer",,No,impact,,https://www.100percentpure.com/collections/monthly-subscription-boxes,https://www.100percentpure.com/collections/monthly-subscription-boxes,https://www.100percentpure.com/collections/monthly-subscription-boxes,,https://brandlogos.org/api/get/images/?brand=100percentpure.com&size=[size]&format=[format]&token=d18d1349dc7d9489f61a1512ba364bb2cda97e433b650628c224322e28eb691f&domain=nectarly.us,Deal,100percentpure.com,https://www.100percentpure.com/,,"Personal Care Appliances",,,,"United States of America",US,en,1
39411861,"Welcome Offer - Get 20% off Your First Order","Get 20% OFF your first order when you sign up to our newsletter","20% off",,No,impact,,https://www.100percentpure.com/,https://www.100percentpure.com/,https://www.100percentpure.com/,,https://brandlogos.org/api/get/images/?brand=100percentpure.com&size=[size]&format=[format]&token=d18d1349dc7d9489f61a1512ba364bb2cda97e433b650628c224322e28eb691f&domain=nectarly.us,Deal,100percentpure.com,https://www.100percentpure.com/,,"Makeup Products",,,,"United States of America",US,en,1
39411862,"Purist Perks - Earn Points, Get Rewards","We've dreamed up some wonderful ways to reward you for shopping at 100% PURE®, and signing up is easy! Discover the amazing benefits that come with each step of our 3 tiers rewards system!","Hot Offer",,No,impact,,https://www.100percentpure.com/pages/purist-perks,https://www.100percentpure.com/pages/purist-perks,https://www.100percentpure.com/pages/purist-perks,,https://brandlogos.org/api/get/images/?brand=100percentpure.com&size=[size]&format=[format]&token=d18d1349dc7d9489f61a1512ba364bb2cda97e433b650628c224322e28eb691f&domain=nectarly.us,Deal,100percentpure.com,https://www.100percentpure.com/,,"Makeup Products",,,,"United States of America",US,en,1
39417016,Level-1,"Level-1 is a premium whey protein powder designed to deliver a sustained release of protein to help support muscle repair and growth.

Level-1 can help support:

• Muscle Repair & Growth 
• Muscle Recovery
• Daily Protein Intake
• Overall Wellness

Just try it once! That's all it takes to understand what makes Level-1 such an incredible protein. Level-1 is so delicious that you'll wonder how you ever got by using anything else.

Level-1 is crafted to deliver premium protein in a sustained-release format. The formula in Level-1 is designed to mimic the assimilation rates of whole food proteins. We use strictly low-temperature processed protein to source Level-1. This is a method to ensure the delicate protein fractions remain intact, which can help support and preserve the bioavailability and unique functional properties of the protein.

Level-1 also contains 5g of naturally occurring Branched Chain Amino Acids (BCAAs). These amino acids can help support muscle tissue repair and growth. Level-1 even has 2g of glutamine per scoop, an amino acid which makes up roughly 61% of the amino acid pool in muscle tissue.

Whether you're looking to support your training goals, daily protein intake, or overall wellness ... Level-1 can help support your lifestyle. The sustained protein delivery system was designed to help support your body's protein needs throughout the day.

• 23-25g Protein per scoop
• 5g Naturally occurring BCAAs
• 2g Glutamine
• Low-temperature processed to support the preservation of heat-sensitive protein fractions

Level-1: Just try it once, that's all it takes.","Best Offer",,No,impact,,https://1stphorm.com/products/level-1,https://1stphorm.com/products/level-1,https://1stphorm.com/products/level-1,,https://brandlogos.org/api/get/images/?brand=1stphorm.com&size=[size]&format=[format]&token=cc972142076bfac9456c4e66e4d2bf2cfe4efe9546f29124ffb02f3de22a7229&domain=nectarly.us,Deal,1stphorm.com,https://1stphorm.com/,,"Fitness,Nutrition",,,,"United States of America",US,en,1
39417017,Phormula-1,"Phormula-1 is a premium-sourced whey protein isolate. Not only can you taste the difference, but you can actually feel the difference when you use Phormula-1!

Phormula-1 can help support:

• Muscle Repair & Growth
• Muscle Recovery
• Muscular Endurance & Strength
• Healthy Body Composition

The key to Phormula-1 is its purity. To source Phormula-1, we use strictly low-temperature processed, cross-flow micro-filtrated whey protein isolate. This provides whey protein isolate that is virtually void of lactose and fats, while also being highly bioavailable.

By removing excess fat and lactose, Phormula-1 was designed to digest and assimilate rapidly. Because of this, Phormula-1 can be a great option for pre- and post-workout supplementation. In fact, Phormula-1 was designed to support recovery from training.

With its rapid-digesting properties, Phormula-1 can also be a great option to use first thing in the morning. This can help the body jump out of a natural state of breakdown from fasting overnight. The protein in Phormula-1 can offer a quick hit of essential amino acids to help support the process of repairing and building lean muscle.

• Low-temperature processed to support the preservation of heat-sensitive protein fractions

• Cross-flow micro-filtrated (natural ceramic filtration) to remove excess fats and lactose without the use of chemicals or plastic","Great Value",,No,impact,,https://1stphorm.com/collections/isolate-protein,https://1stphorm.com/collections/isolate-protein,https://1stphorm.com/collections/isolate-protein,,https://brandlogos.org/api/get/images/?brand=1stphorm.com&size=[size]&format=[format]&token=cc972142076bfac9456c4e66e4d2bf2cfe4efe9546f29124ffb02f3de22a7229&domain=nectarly.us,Deal,1stphorm.com,https://1stphorm.com/,,Nutrition,,,,"United States of America",US,en,1
39417037,Night-t,,"Super Offer",,No,impact,,https://1stphorm.com/products/night-t,https://1stphorm.com/products/night-t,https://1stphorm.com/products/night-t,,https://brandlogos.org/api/get/images/?brand=1stphorm.com&size=[size]&format=[format]&token=cc972142076bfac9456c4e66e4d2bf2cfe4efe9546f29124ffb02f3de22a7229&domain=nectarly.us,Deal,1stphorm.com,https://1stphorm.com/,,,,,,"United States of America",US,en,0
39417038,"Default Text Link",,"Hot Offer",,No,impact,,https://1stphorm.com/,https://1stphorm.com/,https://1stphorm.com/,,https://brandlogos.org/api/get/images/?brand=1stphorm.com&size=[size]&format=[format]&token=cc972142076bfac9456c4e66e4d2bf2cfe4efe9546f29124ffb02f3de22a7229&domain=nectarly.us,Deal,1stphorm.com,https://1stphorm.com/,,,,,,"United States of America",US,en,0
39417041,"Micronized Creatine Monohydrate - Top Converting Creatine Supplement",,"Great Value",,No,impact,,https://1stphorm.com/products/micronized-creatine-monohydrate,https://1stphorm.com/products/micronized-creatine-monohydrate,https://1stphorm.com/products/micronized-creatine-monohydrate,,https://brandlogos.org/api/get/images/?brand=1stphorm.com&size=[size]&format=[format]&token=cc972142076bfac9456c4e66e4d2bf2cfe4efe9546f29124ffb02f3de22a7229&domain=nectarly.us,Deal,1stphorm.com,https://1stphorm.com/,,Nutrition,,,,"United States of America",US,en,0
39417042,"Collagen - Top Converting Collagen Supplement","Collagen is a protein found in every single joint, tendon, bone, and ligament in the body. It plays a crucial role in strengthening and keeping all these tissues healthy! Not only that, but it can help support our skin health & elasticity, nail strength, hair health, and joint strength.

Collagen with Dermaval was developed with top-tier quality as the goal. That's why Collagen with Dermaval is sourced from 5 premium types of collagen peptides: to provide a premium & diverse amino acid profile. It also undergoes lower temperatures during processing and comes hydrolyzed for bioavailability & mixability.

Collagen with Dermaval is among the easiest ways to support your collagen levels. Plus, you can enjoy it in your favorite shake, smoothie, a cup of coffee, or even with water alone!

Our collagen also contains 50mg of Dermaval™ per serving. Dermaval™ is a phytonutrient-rich complex that can help support healthy levels of elastin in the body. Whereas collagen is great at building structure ... elastin is responsible for the elasticity and firmness of skin.

At 1st Phorm, our mission has been and always will be the same: to be the best. That's exactly why we developed hydrolyzed Collagen with Dermaval.

Experience the difference for yourself and take advantage of the benefits collagen has to offer. Try 1st Phorm Collagen with Dermaval today!*","Super Offer",,No,impact,,https://1stphorm.com/collections/collagen,https://1stphorm.com/collections/collagen,https://1stphorm.com/collections/collagen,,https://brandlogos.org/api/get/images/?brand=1stphorm.com&size=[size]&format=[format]&token=cc972142076bfac9456c4e66e4d2bf2cfe4efe9546f29124ffb02f3de22a7229&domain=nectarly.us,Deal,1stphorm.com,https://1stphorm.com/,,Nutrition,,,,"United States of America",US,en,1
39417043,"Phormula-1 Clear Whey Protein Isolate - Top Converting Protein","Ultra-Clean Clear Protein

Phormula-1 Clear is a premium clear whey protein isolate with only 6 simple ingredients. No dyes or unnecessary fillers ... just high-quality, performance-driven nutrition. Plus, it's Non-GMO, Nut-Free, Soy-Free, and Gluten-Free, with 0g lactose.","Best Offer",,No,impact,,https://1stphorm.com/products/phormula-1-clear,https://1stphorm.com/products/phormula-1-clear,https://1stphorm.com/products/phormula-1-clear,,https://brandlogos.org/api/get/images/?brand=1stphorm.com&size=[size]&format=[format]&token=cc972142076bfac9456c4e66e4d2bf2cfe4efe9546f29124ffb02f3de22a7229&domain=nectarly.us,Deal,1stphorm.com,https://1stphorm.com/,,Nutrition,,,,"United States of America",US,en,1
39417044,"Megawatt - Top Converting Pre Workout",,"Hot Offer",,No,impact,,https://1stphorm.com/products/megawatt,https://1stphorm.com/products/megawatt,https://1stphorm.com/products/megawatt,,https://brandlogos.org/api/get/images/?brand=1stphorm.com&size=[size]&format=[format]&token=cc972142076bfac9456c4e66e4d2bf2cfe4efe9546f29124ffb02f3de22a7229&domain=nectarly.us,Deal,1stphorm.com,https://1stphorm.com/,,Nutrition,,,,"United States of America",US,en,0
39417045,"Colostrum - Top Converting Colostrum","Foundational Gut & Immune Support

1st Phorm Colostrum can help support:

• Gut Health & Restoration
• Digestive Function
• Immune System Strength & Resilience
• Recovery from Physical Activity
• Overall Wellness & Vitality","Save Big",,No,impact,,https://1stphorm.com/products/colostrum,https://1stphorm.com/products/colostrum,https://1stphorm.com/products/colostrum,,https://brandlogos.org/api/get/images/?brand=1stphorm.com&size=[size]&format=[format]&token=cc972142076bfac9456c4e66e4d2bf2cfe4efe9546f29124ffb02f3de22a7229&domain=nectarly.us,Deal,1stphorm.com,https://1stphorm.com/,,Nutrition,,,,"United States of America",US,en,1
39417046,"Prenatal Health - Top Converting Prenatal Supplements","Prenatal Plus: Complete Prenatal Multivitamin for Pregnancy & Nursing

Prenatal Plus is a comprehensive prenatal multivitamin designed to help support women before conception, throughout pregnancy, and during nursing. It provides essential vitamins and minerals in targeted amounts to support maternal nutrition and fetal development.

This prenatal multivitamin is designed to help support:

Healthy Fetal Development
Maternal Nutritional Needs
Energy & Vitality During Pregnancy
Immune System Function
Bone & Teeth Development","Save Big",,No,impact,,https://1stphorm.com/collections/prenatal-health,https://1stphorm.com/collections/prenatal-health,https://1stphorm.com/collections/prenatal-health,,https://brandlogos.org/api/get/images/?brand=1stphorm.com&size=[size]&format=[format]&token=cc972142076bfac9456c4e66e4d2bf2cfe4efe9546f29124ffb02f3de22a7229&domain=nectarly.us,Deal,1stphorm.com,https://1stphorm.com/,,Nutrition,,,,"United States of America",US,en,1
39417047,"Cognition Stack - Top Converting Brain Supplements",,"Great Value",,No,impact,,https://1stphorm.com/products/cognition-stack,https://1stphorm.com/products/cognition-stack,https://1stphorm.com/products/cognition-stack,,https://brandlogos.org/api/get/images/?brand=1stphorm.com&size=[size]&format=[format]&token=cc972142076bfac9456c4e66e4d2bf2cfe4efe9546f29124ffb02f3de22a7229&domain=nectarly.us,Deal,1stphorm.com,https://1stphorm.com/,,Nutrition,,,,"United States of America",US,en,0
39417048,"Magnesium - Top Converting Sleep Supplements",,"Save Big",,No,impact,,https://1stphorm.com/collections/nighttime-supplements,https://1stphorm.com/collections/nighttime-supplements,https://1stphorm.com/collections/nighttime-supplements,,https://brandlogos.org/api/get/images/?brand=1stphorm.com&size=[size]&format=[format]&token=cc972142076bfac9456c4e66e4d2bf2cfe4efe9546f29124ffb02f3de22a7229&domain=nectarly.us,Deal,1stphorm.com,https://1stphorm.com/,,Nutrition,,,,"United States of America",US,en,0
39417049,"Level-1 Whey Protein Concentrate - Top Converting Protein Supplement","Level-1 is a premium whey protein powder designed to deliver a sustained release of protein to help support muscle repair and growth.

Level-1 can help support:

Muscle Repair & Growth
Muscle Recovery
Daily Protein Intake
Overall Wellness","Hot Offer",,No,impact,,https://1stphorm.com/products/level-1,https://1stphorm.com/products/level-1,https://1stphorm.com/products/level-1,,https://brandlogos.org/api/get/images/?brand=1stphorm.com&size=[size]&format=[format]&token=cc972142076bfac9456c4e66e4d2bf2cfe4efe9546f29124ffb02f3de22a7229&domain=nectarly.us,Deal,1stphorm.com,https://1stphorm.com/,,Nutrition,,,,"United States of America",US,en,1
39417050,"Project-1 - Top Converting Pre-Workout",,"Great Value",,No,impact,,https://1stphorm.com/products/project-1-pre-workout,https://1stphorm.com/products/project-1-pre-workout,https://1stphorm.com/products/project-1-pre-workout,,https://brandlogos.org/api/get/images/?brand=1stphorm.com&size=[size]&format=[format]&token=cc972142076bfac9456c4e66e4d2bf2cfe4efe9546f29124ffb02f3de22a7229&domain=nectarly.us,Deal,1stphorm.com,https://1stphorm.com/,,Nutrition,,,,"United States of America",US,en,0
39417051,"Top Converting Stimulated Pre-Workouts",,"Hot Offer",,No,impact,,https://1stphorm.com/collections/pre-workout-energy,https://1stphorm.com/collections/pre-workout-energy,https://1stphorm.com/collections/pre-workout-energy,,https://brandlogos.org/api/get/images/?brand=1stphorm.com&size=[size]&format=[format]&token=cc972142076bfac9456c4e66e4d2bf2cfe4efe9546f29124ffb02f3de22a7229&domain=nectarly.us,Deal,1stphorm.com,https://1stphorm.com/,,,,,,"United States of America",US,en,0
39417052,"Micro Factor - Top Converting Multi-Vitamin","Micro Factor brings together 6 different products into 1 convenient daily nutrient packet. Each serving of Micro Factor provides the body with the essential vitamins, minerals, and nutrients it needs to support whole-body health.

Micro Factor can help support:

• Immune Health
• Natural Energy
• Optimal Metabolism
• Gut & Digestive Health
• Nutrient Absorption
• Cardiovascular Health
• Natural Detox

Micro Factor daily vitamin packs go far beyond what you get from a standard multivitamin. Each daily nutrient packet delivers:

1. Antioxidant - Can help support the immune system by neutralizing free radicals. Free radicals are toxins absorbed in our day-to-day lives that can cause illness and damage cells. This can weaken the body and make it more susceptible to nasty bugs and viruses. Micro Factor's potent antioxidant blend is designed to scavenge free radicals from the body. This can help support immunity and healthy aging.

2. Multivitamin - The multivitamin in Micro Factor contains essential vitamins and minerals. These essential vitamins and minerals are responsible for thousands of metabolic processes, functions, and even energy production. In Micro Factor, each essential vitamin and mineral is included to support the body at the cellular level.

3. Probiotic - Probiotics are healthy bacteria that can support a healthy gut. They're often overlooked, but they play a role in the immune system, nutrient absorption, and overall health. Each serving of Micro Factor delivers an 8 billion organism count of beneficial strains. This can support a balanced culture of bacteria in the gut. By improving gut health, the immune system, digestion, and energy levels can be improved.

4. CoQ10 - A powerful antioxidant to help the body produce more cellular energy. CoQ10 is also known for its ability to help support cardiovascular health, specifically heart health.

5. Essential Fatty Acids (EFAs) - Between our diets, environment, and lifestyles ... stress is at an all-time high. This stress can suppress the immune system and make recovery much more difficult. This essential fatty acid blend contains omega-3s. These have been shown to support joint health, healthy levels of inflammation, and help maintain brain, heart, and joint health.

6. Fruit & Veggies - The fruit and veggie capsules in Micro Factor provide a diverse blend of superfoods. This includes broccoli, kale, spirulina, wheat grass, grape seed extract, and so much more! These extra nutrients can help support increased antioxidant activity, cellular detox, digestive health, and immune function.

All 6 supplements in Micro Factor vitamin packets are designed to work together. If you want to look and feel great, Micro Factor daily nutrient packets provide the nutrients that can help support whole-body health!*","Best Offer",,No,impact,,https://1stphorm.com/products/micro-factor,https://1stphorm.com/products/micro-factor,https://1stphorm.com/products/micro-factor,,https://brandlogos.org/api/get/images/?brand=1stphorm.com&size=[size]&format=[format]&token=cc972142076bfac9456c4e66e4d2bf2cfe4efe9546f29124ffb02f3de22a7229&domain=nectarly.us,Deal,1stphorm.com,https://1stphorm.com/,,Nutrition,,,,"United States of America",US,en,1
39417053,"Joy Bundle - Top Converting Prenatal Vitamin",,"Great Value",,No,impact,,https://1stphorm.com/products/joy-bundle,https://1stphorm.com/products/joy-bundle,https://1stphorm.com/products/joy-bundle,,https://brandlogos.org/api/get/images/?brand=1stphorm.com&size=[size]&format=[format]&token=cc972142076bfac9456c4e66e4d2bf2cfe4efe9546f29124ffb02f3de22a7229&domain=nectarly.us,Deal,1stphorm.com,https://1stphorm.com/,,Nutrition,,,,"United States of America",US,en,0
39417054,"MasterBrain AM - Top Converting Cognitive Supplement",,"Best Offer",,No,impact,,https://1stphorm.com/products/masterbrain-am,https://1stphorm.com/products/masterbrain-am,https://1stphorm.com/products/masterbrain-am,,https://brandlogos.org/api/get/images/?brand=1stphorm.com&size=[size]&format=[format]&token=cc972142076bfac9456c4e66e4d2bf2cfe4efe9546f29124ffb02f3de22a7229&domain=nectarly.us,Deal,1stphorm.com,https://1stphorm.com/,,,,,,"United States of America",US,en,0
39417055,"Liposomal Vitamin D3",,"Super Offer",,No,impact,,https://1stphorm.com/products/liposomal-vitamin-d3,https://1stphorm.com/products/liposomal-vitamin-d3,https://1stphorm.com/products/liposomal-vitamin-d3,,https://brandlogos.org/api/get/images/?brand=1stphorm.com&size=[size]&format=[format]&token=cc972142076bfac9456c4e66e4d2bf2cfe4efe9546f29124ffb02f3de22a7229&domain=nectarly.us,Deal,1stphorm.com,https://1stphorm.com/,,Nutrition,,,,"United States of America",US,kr,0
39417056,"Alpha Surge Pump Shot - Non Stimulated - Nitric-oxide Supplement",,"Hot Offer",,No,impact,,https://1stphorm.com/products/alphasurge-pump-shot,https://1stphorm.com/products/alphasurge-pump-shot,https://1stphorm.com/products/alphasurge-pump-shot,,https://brandlogos.org/api/get/images/?brand=1stphorm.com&size=[size]&format=[format]&token=cc972142076bfac9456c4e66e4d2bf2cfe4efe9546f29124ffb02f3de22a7229&domain=nectarly.us,Deal,1stphorm.com,https://1stphorm.com/,,,,,,"United States of America",US,en,0
39417057,"Hair Skin & Nails Supplement",,"Best Offer",,No,impact,,https://1stphorm.com/products/hair-skin-nail-essentials,https://1stphorm.com/products/hair-skin-nail-essentials,https://1stphorm.com/products/hair-skin-nail-essentials,,https://brandlogos.org/api/get/images/?brand=1stphorm.com&size=[size]&format=[format]&token=cc972142076bfac9456c4e66e4d2bf2cfe4efe9546f29124ffb02f3de22a7229&domain=nectarly.us,Deal,1stphorm.com,https://1stphorm.com/,,Nutrition,,,,"United States of America",US,en,0
39417058,"1st Phorm Digestive Enzymes",,"Hot Offer",,No,impact,,https://1stphorm.com/products/digestive-enzymes,https://1stphorm.com/products/digestive-enzymes,https://1stphorm.com/products/digestive-enzymes,,https://brandlogos.org/api/get/images/?brand=1stphorm.com&size=[size]&format=[format]&token=cc972142076bfac9456c4e66e4d2bf2cfe4efe9546f29124ffb02f3de22a7229&domain=nectarly.us,Deal,1stphorm.com,https://1stphorm.com/,,Nutrition,,,,"United States of America",US,en,0
39417059,"Electrolyte Powder & Hydration Supplements",,"Best Offer",,No,impact,,https://1stphorm.com/products/hydration-daily,https://1stphorm.com/products/hydration-daily,https://1stphorm.com/products/hydration-daily,,https://brandlogos.org/api/get/images/?brand=1stphorm.com&size=[size]&format=[format]&token=cc972142076bfac9456c4e66e4d2bf2cfe4efe9546f29124ffb02f3de22a7229&domain=nectarly.us,Deal,1stphorm.com,https://1stphorm.com/,,Nutrition,,,,"United States of America",US,en,0
39417060,"Harmony - Top Converting Women's Hormone Support Supplement",,"Great Value",,No,impact,,https://1stphorm.com/products/harmony,https://1stphorm.com/products/harmony,https://1stphorm.com/products/harmony,,https://brandlogos.org/api/get/images/?brand=1stphorm.com&size=[size]&format=[format]&token=cc972142076bfac9456c4e66e4d2bf2cfe4efe9546f29124ffb02f3de22a7229&domain=nectarly.us,Deal,1stphorm.com,https://1stphorm.com/,,"Nutrition,Fitness",,,,"United States of America",US,en,0
39417061,"Opti-Greens 50 - Top Converting Greens/Gut Health Supplement","Support a Strong & Healthy Immune System with Opti-Greens 50: The Ultimate Superfood Greens Powder

Opti-Greens 50 can help support:

• Immune Health
• Gut Health
• Digestion
• Natural Energy
• pH Balance

It doesn't matter whether it's January or June, staying healthy is important all year long. As soon as someone starts coughing around us, we're quick to disinfect every surface and break out the hand sanitizer ... but there's A LOT more you can do to protect yourself and your health.

Did you know that approximately 80% of your immune system is located in your gut? Giving your body the right nutrients can help build a strong immune system. Plus, a strong immune system and gut can help improve many aspects of your overall health.

Opti-Greens 50 is an immune-supporting superfood greens powder. Every serving of Opti-Greens 50 is packed with 50 hand-chosen, gluten-free, alkalizing ingredients. It also contains a diverse blend of natural fruits, veggies, and grasses to maximize the nutrients you can get in every scoop of this green superfood powder.

Opti-Greens 50 can be a quick and convenient way to get your daily dose of nutrient-rich greens without the sourcing, preparing, cooking, and cleaning ... the perfect solution for busy lifestyles.

At 1st Phorm, we make quality and bioavailability a priority. If your body can't absorb it, it won't be of much help ... and that goes for anything, including a greens superfood powder. That's why Opti-Greens 50 features low-temperature processed, 100% organic grasses, non-GMO, non-synthetic botanical superfoods, phytonutrients, digestive enzymes, and probiotics.

You'll find a broad spectrum of naturally occurring phytonutrients and antioxidants in our greens superfood powder. These nutrients work to combat oxidative stress and support cellular health to give the body what it needs to function optimally every day. The 8 organic grasses and greens in Opti-Greens 50 alone deliver the nutrients of a 2-oz shot of juiced greens!

Along with the grasses, Opti-Greens 50 is packed with carotenoids and bioflavonoids in every scoop. These compounds can help support overall health and wellness.

To help break down and digest food, Opti-Greens 50 also includes a digestive enzyme and probiotic. Each serving provides over 5 billion CFUs (colony-forming units) from 10 different strains of good bacteria.

This combination in our green superfood powder can help support digestion and overall gut health. Many people even report relief from bloating and indigestion, both of which can be signs of poor digestion.

Lastly, Opti-Greens 50 can help support a healthy glycemic response from food through its Glycemic Balance Blend. Balancing this can help support more stable energy levels, avoiding the highs and lows from spikes and crashes. With more balanced blood sugar levels, improved natural energy can be more noticeable.

Who knew a green superfood powder could help so much?

It doesn't matter if you're exercising daily and working toward a fitness goal, or you're just trying to stay healthy ... Opti-Greens 50 provides key nutrients to help you feel your best all year long!*

• Gluten-Free
• Non-GMO
• No Artificial Flavors","Super Offer",,No,impact,,https://1stphorm.com/products/opti-greens-50,https://1stphorm.com/products/opti-greens-50,https://1stphorm.com/products/opti-greens-50,,https://brandlogos.org/api/get/images/?brand=1stphorm.com&size=[size]&format=[format]&token=cc972142076bfac9456c4e66e4d2bf2cfe4efe9546f29124ffb02f3de22a7229&domain=nectarly.us,Deal,1stphorm.com,https://1stphorm.com/,,Nutrition,,,,"United States of America",US,en,1
39417062,"Probiotic - Top Converting Probiotic Supplement","Probiotic Supplement for Digestive & Gut Health Support

1st Phorm Probiotic is a probiotic supplement formulated to help support digestive health. It delivers beneficial bacteria that play an important role in gut balance and overall wellness.

Our probiotic supplement is designed to help support:

Gut Balance & Digestive Health
Digestion & Nutrient Absorption
Immune & Metabolic Function
Overall Wellness","Great Value",,No,impact,,https://1stphorm.com/products/probiotic,https://1stphorm.com/products/probiotic,https://1stphorm.com/products/probiotic,,https://brandlogos.org/api/get/images/?brand=1stphorm.com&size=[size]&format=[format]&token=cc972142076bfac9456c4e66e4d2bf2cfe4efe9546f29124ffb02f3de22a7229&domain=nectarly.us,Deal,1stphorm.com,https://1stphorm.com/,,Nutrition,,,,"United States of America",US,en,1
39417065,"Plant-Based Protein Powder - 1st Phorm Vegan Power Pro",,"Super Offer",,No,impact,,https://1stphorm.com/products/vegan-power-pro,https://1stphorm.com/products/vegan-power-pro,https://1stphorm.com/products/vegan-power-pro,,https://brandlogos.org/api/get/images/?brand=1stphorm.com&size=[size]&format=[format]&token=cc972142076bfac9456c4e66e4d2bf2cfe4efe9546f29124ffb02f3de22a7229&domain=nectarly.us,Deal,1stphorm.com,https://1stphorm.com/,,Nutrition,,,,"United States of America",US,en,0
39417066,"Superfood Reds Powder - 1st Phorm Opti-Reds 50",,"Best Offer",,No,impact,,https://1stphorm.com/products/opti-reds-50,https://1stphorm.com/products/opti-reds-50,https://1stphorm.com/products/opti-reds-50,,https://brandlogos.org/api/get/images/?brand=1stphorm.com&size=[size]&format=[format]&token=cc972142076bfac9456c4e66e4d2bf2cfe4efe9546f29124ffb02f3de22a7229&domain=nectarly.us,Deal,1stphorm.com,https://1stphorm.com/,,Nutrition,,,,"United States of America",US,la,0
39417067,"Top Converting Fat Loss Supplement - 1DB & Thyro-Drive",,"Great Value",,No,impact,,https://1stphorm.com/products/1-db-thyro-drive,https://1stphorm.com/products/1-db-thyro-drive,https://1stphorm.com/products/1-db-thyro-drive,,https://brandlogos.org/api/get/images/?brand=1stphorm.com&size=[size]&format=[format]&token=cc972142076bfac9456c4e66e4d2bf2cfe4efe9546f29124ffb02f3de22a7229&domain=nectarly.us,Deal,1stphorm.com,https://1stphorm.com/,,Nutrition,,,,"United States of America",US,en,0
39417068,"Stress Support Supplement - Core-21",,"Great Value",,No,impact,,https://1stphorm.com/products/c-21,https://1stphorm.com/products/c-21,https://1stphorm.com/products/c-21,,https://brandlogos.org/api/get/images/?brand=1stphorm.com&size=[size]&format=[format]&token=cc972142076bfac9456c4e66e4d2bf2cfe4efe9546f29124ffb02f3de22a7229&domain=nectarly.us,Deal,1stphorm.com,https://1stphorm.com/,,Nutrition,,,,"United States of America",US,en,0
39417069,"Electrolyte Freezer Pops","Get FREE USA Shipping when you buy 3+

The electrolyte support of a premium sports drink ... the nostalgia of a summer freeze pop ... and zero sugar.  Pull one out of the freezer and get back to it.

You remember the sound.  That snap of a frozen tube on a hot day, and the race to finish it before it ran down your arm.  Rocket Pop on the Fourth.  Watermelon in the backyard.  We took that feeling and put real work into making a real electrolyte support popsicle for proper hydration and key electrolyte replenishment.

150mg Sodium
50mg Potassium
Only 15 Calories
Zero Sugar

It does a better job than the sports drink in the cooler with a cleaner label.  It's a premium hydration drink ... except we froze it, loaded it with the electrolytes, and left the added sugar out.  There's 150mg of sodium and 50mg of potassium per pop.  Other hydration popsicles give you a rounding error of electrolytes.  That is what your body actually loses when it's hot and you are working.

Grab one out of the freezer, or toss a box in the cooler, and you are done.  Every pop is individually sealed, so it travels wherever the day takes you.

Hydration was never supposed to be complicated.  So we made it cold, clean, and easy.

Electrolyte Freezer Pops earn their spot on the job site when the heat index climbs, and plain water stops cutting it.  Keep a box in the break room freezer for the crew when they need it most.

Or enjoy them with your kids on the sideline after the final whistle, when a whole team needs to cool down and refuel fast ... without a sugar bomb sending everybody sideways an hour later.

Have one while you're in the yard on one of those days when the thermometer is climbing so high that the shade quit working.  Hand one to every kid and every adult in the yard ... and nobody argues.

Anywhere the day runs hot ... exercise, travel, outdoor work, or just a brutal afternoon in the sun … these are your summer go-to when it is time to cool down and refuel fast. 

Keep the freezer stocked and stay ahead of the heat.

Each 20ct pack includes 4 of each flavor below:

Watermelon
Grape
Cherry Lime
Blue Raspberry
Rocket Pop","Save Big",,No,impact,,https://1stphorm.com/products/electrolyte-freezer-pops,https://1stphorm.com/products/electrolyte-freezer-pops,https://1stphorm.com/products/electrolyte-freezer-pops,,https://brandlogos.org/api/get/images/?brand=1stphorm.com&size=[size]&format=[format]&token=cc972142076bfac9456c4e66e4d2bf2cfe4efe9546f29124ffb02f3de22a7229&domain=nectarly.us,Deal,1stphorm.com,https://1stphorm.com/,,Nutrition,,,,"United States of America",US,en,1
39465507,"123.live - Sale Rubrik","Bis zu -50 % auf Mode, Deko, Schmuck, Haus & Garten und Uhren. Jetzt reduzierte Lieblingsstücke sichern, solange der Vorrat reicht!","-50 % reduziert",,No,awin,,https://www.123.live/sale/,https://www.123.live/sale/,https://www.123.live/sale/,,https://brandlogos.org/api/get/images/?brand=1-2-3.tv&size=[size]&format=[format]&token=ea31716127f2be60bbed90875070af19d52f8c4976aba297ad40a25113c0c956&domain=nectarly.us,Deal,1-2-3.tv,https://www.1-2-3.tv/,,"Womens Clothing,Mens Clothing,Watches,Jewellery,Fashion Accessories,Furniture and Decor,Gardening Supplies",2026-07-09,2026-12-31,,Germany,DE,de,0
39475180,"20% Off Sitewide with code WELCOME20, Save up to $30, Autoship NOT required.","20% Off Sitewide with code WELCOME20, Exclusions Apply, Save up to $30, Autoship NOT required. Unlimited uses","20% off",WELCOME20,No,flexoffers,,https://www.1800petmeds.com/,https://www.1800petmeds.com/,https://www.1800petmeds.com/,,https://brandlogos.org/api/get/images/?brand=1800petmeds.com&size=[size]&format=[format]&token=b061905397e44b387a5590ab545c592b6c8b028195527fb54c787caae0d5b4fa&domain=nectarly.us,Code,1800petmeds.com,https://www.1800petmeds.com/,"Pets and Animal Services","Pet Supplies",2025-04-29,2027-01-01,,"United States of America",US,en,1
39475182,"Trusted by 11 million pet parents for 29 years - meds, food & more in one place.","Trusted by 11 million pet parents for 29 years - meds, food & more in one place.","Hot Offer",,No,flexoffers,,https://www.1800petmeds.com/,https://www.1800petmeds.com/,https://www.1800petmeds.com/,,https://brandlogos.org/api/get/images/?brand=1800petmeds.com&size=[size]&format=[format]&token=b061905397e44b387a5590ab545c592b6c8b028195527fb54c787caae0d5b4fa&domain=nectarly.us,Deal,1800petmeds.com,https://www.1800petmeds.com/,"Pets and Animal Services","Pet Supplies",2025-10-07,,,"United States of America",US,en,1
39475186,"NexGard PLUS CHEWS for Dogs with Protection from Flea & Tick and Heartworm Medication All-in-One at PetMeds!","NexGard® PLUS CHEWS for Dogs with Protection from Flea & Tick and Heartworm Medication All-in-One at PetMeds!","Save Big",,No,flexoffers,,https://www.1800petmeds.com/nexgard%C2%AE+plus+chews+for+dogs-prod13345.html,https://www.1800petmeds.com/nexgard%C2%AE+plus+chews+for+dogs-prod13345.html,https://www.1800petmeds.com/nexgard%C2%AE+plus+chews+for+dogs-prod13345.html,,https://brandlogos.org/api/get/images/?brand=1800petmeds.com&size=[size]&format=[format]&token=b061905397e44b387a5590ab545c592b6c8b028195527fb54c787caae0d5b4fa&domain=nectarly.us,Deal,1800petmeds.com,https://www.1800petmeds.com/,"Pets and Animal Services","Pet Supplies",2023-08-30,,,"United States of America",US,en,1
39476838,"Up to 50%* off Website Builder plans from 123 Reg!","Up to 50%* off Website Builder plans from 123 Reg!","Super Offer",,No,cj,,https://click.123-reg.co.uk/affiliate?,https://click.123-reg.co.uk/affiliate?,https://click.123-reg.co.uk/affiliate?,,https://brandlogos.org/api/get/images/?brand=123-reg.co.uk&size=[size]&format=[format]&token=4d6ba2aa18a69429ffc72c0c9330df3b90b1b0b9d15007a3c977c4bbcebbff08&domain=nectarly.us,Deal,123-reg.co.uk,https://www.123-reg.co.uk/,"Domain Registrations","Website Development",2026-07-10,2027-01-31,,"United Kingdom",GB,en,0
39476841,"Fast, reliable Managed WordPress Hosting starting at £3.99*/mo","Fast, reliable Managed WordPress Hosting starting at £3.99*/mo","Best Offer",,No,cj,,https://click.123-reg.co.uk/affiliate?,https://click.123-reg.co.uk/affiliate?,https://click.123-reg.co.uk/affiliate?,,https://brandlogos.org/api/get/images/?brand=123-reg.co.uk&size=[size]&format=[format]&token=4d6ba2aa18a69429ffc72c0c9330df3b90b1b0b9d15007a3c977c4bbcebbff08&domain=nectarly.us,Deal,123-reg.co.uk,https://www.123-reg.co.uk/,"Domain Registrations","Web Hosting",2026-07-10,2027-01-31,,"United Kingdom",GB,en,0
39477368,"Gratis verzending vanaf €69","Gratis verzending vanaf €69","Beste aanbieding",,No,brandreward,,https://www.1001hobbies.nl/,https://www.1001hobbies.nl/,https://www.1001hobbies.nl/,http://www.brandreward.com/img/adv_logo/fr-125614184727.jpeg,https://brandlogos.org/api/get/images/?brand=1001hobbies.nl&size=[size]&format=[format]&token=b2f54a73a88591773c5e8922c0c360baf7d08c21340649c38e777ac9edfe136d&domain=nectarly.us,Deal,1001hobbies.nl,https://www.1001hobbies.nl/,,,2026-07-08,2026-12-31,,Netherlands,NL,nl,0
39479283,"Der Sommer-Gutschein von 100% Pure ist da!","Der Sommer-Gutschein von 100% Pure ist da!",Super-Angebot,PrAw403,No,ecomnia-DE,,https://www.100percentpure.de/,https://www.100percentpure.de/,https://www.100percentpure.de/,,https://brandlogos.org/api/get/images/?brand=100percentpure.de&size=[size]&format=[format]&token=aefe0c33f96a506efd9e3c4a6181cd9325218b13d8879c18571bcc15a657b128&domain=nectarly.us,Code,100percentpure.de,https://www.100percentpure.de/,,"Makeup Products",2026-06-30,2026-09-30,,Germany,DE,de,1
39479284,"Der Sommer-Gutschein von 100% Pure ist da!","Der Sommer-Gutschein von 100% Pure ist da!","Heißes Angebot",PrAw718,No,ecomnia-DE,,https://www.100percentpure.de/,https://www.100percentpure.de/,https://www.100percentpure.de/,,https://brandlogos.org/api/get/images/?brand=100percentpure.de&size=[size]&format=[format]&token=aefe0c33f96a506efd9e3c4a6181cd9325218b13d8879c18571bcc15a657b128&domain=nectarly.us,Code,100percentpure.de,https://www.100percentpure.de/,,"Makeup Products",2026-06-30,2026-09-30,,Germany,DE,de,1
39534739,"Organized By Jenny – 1THRIVE Valentine's Sale","Save 15% on orders of $50 or more! Valid until February 17th at 9AM EST.","save 15%",ORGANIZEDBYJENNY,No,awin,,https://1thrive.com,https://1thrive.com,https://1thrive.com,,https://brandlogos.org/api/get/images/?brand=1thrive.com&size=[size]&format=[format]&token=24dacee8727934726c6be81a5e8cbb217dadcdb6fce172067122ed7f35c89280&domain=nectarly.us,Code,1thrive.com,https://1thrive.com/,,"Gift Items",2021-02-02,2030-02-17,,"United States of America",US,en,1
39774012,"Promo26k (available Until 30-12-2026) : Valable Sur Tout Le Site (hors Bijoux Déjà En Promo), Dès 59€ D'achats.","PROMO26K (Available until 30-12-2026) : Valable sur tout le site (hors bijoux déjà en promo), dès 59€ d'achats.","Économisez gros",PROMO26K,No,linkbux,,https://www.1001-bijoux.fr,https://www.1001-bijoux.fr,https://www.1001-bijoux.fr,,https://brandlogos.org/api/get/images/?brand=1001-bijoux.fr&size=[size]&format=[format]&token=3b15dfa5c70b6cc01cd878a2e4d846bd8d7ce55c4d6e6b61110527b6f4766475&domain=nectarly.us,Code,1001-bijoux.fr,https://www.1001-bijoux.fr/,"Department stores",Jewellery,,2026-10-07,,France,FR,fr,1
39986146,VT1GB,"Free 1GB Data Boost (applied when SIM activated)","Save Big",VT1GB,No,tradetracker,,https://www.1pmobile.com/order-your-sim,https://www.1pmobile.com/order-your-sim,https://www.1pmobile.com/order-your-sim,,https://brandlogos.org/api/get/images/?brand=1pmobile.com&size=[size]&format=[format]&token=cb28956783b7aa4b3d50352e96cf95d69866be12b6259a2d58f36a93339a6fbb&domain=nectarly.us,Code,1pmobile.com,https://www.1pmobile.com/,,"Mobile Recharge",2024-07-25,2027-04-30,,"United Kingdom",GB,en,1
39986147,VT25GB,"Free 25GB Data Boost (applied when SIM activated)","Great Value",VT25GB,No,tradetracker,,https://www.1pmobile.com/order-your-sim,https://www.1pmobile.com/order-your-sim,https://www.1pmobile.com/order-your-sim,,https://brandlogos.org/api/get/images/?brand=1pmobile.com&size=[size]&format=[format]&token=cb28956783b7aa4b3d50352e96cf95d69866be12b6259a2d58f36a93339a6fbb&domain=nectarly.us,Code,1pmobile.com,https://www.1pmobile.com/,,"Mobile Recharge",2024-07-25,2027-04-30,,"United Kingdom",GB,en,1
39986148,VT2GB,"Free 2GB Data Boost (applied when SIM activated)","Hot Offer",VT2GB,No,tradetracker,,https://www.1pmobile.com/order-your-sim,https://www.1pmobile.com/order-your-sim,https://www.1pmobile.com/order-your-sim,,https://brandlogos.org/api/get/images/?brand=1pmobile.com&size=[size]&format=[format]&token=cb28956783b7aa4b3d50352e96cf95d69866be12b6259a2d58f36a93339a6fbb&domain=nectarly.us,Code,1pmobile.com,https://www.1pmobile.com/,,"Mobile Recharge",2024-07-25,2027-04-30,,"United Kingdom",GB,en,1
39986149,VT50GB,"Free 50GB Data Boost (applied when SIM activated)","Super Offer",VT50GB,No,tradetracker,,https://www.1pmobile.com/order-your-sim,https://www.1pmobile.com/order-your-sim,https://www.1pmobile.com/order-your-sim,,https://brandlogos.org/api/get/images/?brand=1pmobile.com&size=[size]&format=[format]&token=cb28956783b7aa4b3d50352e96cf95d69866be12b6259a2d58f36a93339a6fbb&domain=nectarly.us,Code,1pmobile.com,https://www.1pmobile.com/,,"Mobile Recharge",2024-07-25,2027-04-30,,"United Kingdom",GB,en,1
39986270,"Pack Todos Informes de ADN","24Genetics all in one con 100€ de descuento","100€ descuento",,No,tradetracker,,https://24genetics.es/all-in-one/,https://24genetics.es/all-in-one/,https://24genetics.es/all-in-one/,,https://brandlogos.org/api/get/images/?brand=24genetics.com&size=[size]&format=[format]&token=7cbce92fda97683e1f75a19125d4b4d335be0a7d33f9e6a544ae1d182bca1034&domain=nectarly.us,Deal,24genetics.com,https://24genetics.com/,,"Medical Supplies",2025-04-07,2027-03-31,,"Spain,United States of America,United Kingdom","ES,US,GB",es,0
40113011,"20-Hour NMLS Approved Mortgage Course Online","20-Hour NMLS Approved CourseFree Exam Prep Course Included1,000+ Free Practice QuestionsFree NMLS Hours ReportingOnline Videos plus E-BookBonus State Law Course IncludedBonus Marketing Videos IncludedLifetime Access to Course VideosLabels: $189 - Best Mlo Course Online,","Great Value",,No,brandreward,,https://24houredu.com/,https://24houredu.com/,https://24houredu.com/,,https://brandlogos.org/api/get/images/?brand=24houredu.com&size=[size]&format=[format]&token=02f9ad53874270377b466e85b64de4931acce9fe31cb5b35bc48beb9819ebd15&domain=nectarly.us,Deal,24houredu.com,https://24houredu.com/,,"Training Courses",2026-08-04,,,"multi country",,en,1
40115978,"10% Gutschein","10% Rabatt für das komplette Sortiment","10% rabatt",awin-10,No,awin,,https://www.1a-geschenkeshop.de/,https://www.1a-geschenkeshop.de/,https://www.1a-geschenkeshop.de/,,https://brandlogos.org/api/get/images/?brand=1a-geschenkeshop.de&size=[size]&format=[format]&token=7c279f001a3e404d10e52d75b21dff2c56c20a2a964b9bb4fb7c4a2d8d20eb8e&domain=nectarly.us,Code,1a-geschenkeshop.de,https://www.1a-geschenkeshop.de/,,"Gift Items",2026-01-22,2026-12-30,,Germany,DE,de,1
40116002,"10€ Gutschein für Neukunden","Werden Sie ein Teil der 123.live Familie und erhalten Sie bei ihrer Neuanmeldung einen 10 € Gutschein* als Willkommensgeschenk!  Einfach den Code 123020 beim Kauf in das Gutscheinfeld einfügen oder den Button klicken und den Code kopieren.",Mega-Rabatt,123020,No,awin,,https://www.123.live/gutscheine,https://www.123.live/gutscheine,https://www.123.live/gutscheine,,https://brandlogos.org/api/get/images/?brand=1-2-3.tv&size=[size]&format=[format]&token=ea31716127f2be60bbed90875070af19d52f8c4976aba297ad40a25113c0c956&domain=nectarly.us,Code,1-2-3.tv,https://www.1-2-3.tv/,,"Gift Cards",2025-02-07,2027-02-09,,Germany,DE,de,1
40160538,"Sign Up Now and Save 50% OFF Individual Offer!","Sign up now and save 50% off Individual Offer!","save 50%",HONEY23,No,linkbux,,https://1password.com,https://1password.com,https://1password.com,,https://brandlogos.org/api/get/images/?brand=1password.com&size=[size]&format=[format]&token=25b53c2d5c6cb1ea6a7ea4ca6434e1e0ce1f40734bd446e56559a9f0ef311f0c&domain=nectarly.us,Code,1password.com,https://1password.com/,Others,Softwares,,2026-10-07,,"multi country",,en,1
40160539,"Enjoy 25% OFF First Year of a 1Password Individual Account!","Enjoy 25% off first year of a 1Password Individual Account!","25% off",HONEY22,No,linkbux,,https://1password.com,https://1password.com,https://1password.com,,https://brandlogos.org/api/get/images/?brand=1password.com&size=[size]&format=[format]&token=25b53c2d5c6cb1ea6a7ea4ca6434e1e0ce1f40734bd446e56559a9f0ef311f0c&domain=nectarly.us,Code,1password.com,https://1password.com/,Others,Softwares,,2026-10-07,,"multi country",,en,1
40211761,exclusive20,"20% amount offDiscount Percent: 20,","Great Value",,No,brandreward,,https://www.linnerlife.com/,https://www.linnerlife.com/,https://www.linnerlife.com/,,https://brandlogos.org/api/get/images/?brand=1001canvas.com&size=[size]&format=[format]&token=66f2e9d34e70de3005112b34edf06f3750d4d0d16086339919c0bf86d3fa65d4&domain=nectarly.us,Deal,1001canvas.com,https://1001canvas.com/,Other,,,,,"multi country",,en,1
40212457,"20% Off","20% off promotionDiscount Percent: 20,","20% off",,No,brandreward,,https://www.linnerlife.com/,https://www.linnerlife.com/,https://www.linnerlife.com/,,https://brandlogos.org/api/get/images/?brand=1001canvas.com&size=[size]&format=[format]&token=66f2e9d34e70de3005112b34edf06f3750d4d0d16086339919c0bf86d3fa65d4&domain=nectarly.us,Deal,1001canvas.com,https://1001canvas.com/,Other,,,,,"multi country",,en,1
40212458,"15% off","15% amount offDiscount Percent: 15,","15% off",,No,brandreward,,https://www.linnerlife.com/,https://www.linnerlife.com/,https://www.linnerlife.com/,,https://brandlogos.org/api/get/images/?brand=1001canvas.com&size=[size]&format=[format]&token=66f2e9d34e70de3005112b34edf06f3750d4d0d16086339919c0bf86d3fa65d4&domain=nectarly.us,Deal,1001canvas.com,https://1001canvas.com/,Other,,,,,"multi country",,en,1
40212459,"$40 off","$40 off on $59 order or aboveDiscount Amount: 40.00,","$40 off",,No,brandreward,,https://www.linnerlife.com/,https://www.linnerlife.com/,https://www.linnerlife.com/,,https://brandlogos.org/api/get/images/?brand=1001canvas.com&size=[size]&format=[format]&token=66f2e9d34e70de3005112b34edf06f3750d4d0d16086339919c0bf86d3fa65d4&domain=nectarly.us,Deal,1001canvas.com,https://1001canvas.com/,Other,,,,,"multi country",,en,1
40212460,"$40 off discount","$40 direct off on the amountDiscount Amount: 40.00,","$40 off",,No,brandreward,,https://www.linnerlife.com/,https://www.linnerlife.com/,https://www.linnerlife.com/,,https://brandlogos.org/api/get/images/?brand=1001canvas.com&size=[size]&format=[format]&token=66f2e9d34e70de3005112b34edf06f3750d4d0d16086339919c0bf86d3fa65d4&domain=nectarly.us,Deal,1001canvas.com,https://1001canvas.com/,Other,,,,,"multi country",,en,1
40212461,"Mars 20% off","LINNER Mars OTC Hearing Aids 20% offDiscount Percent: 20,","20% off",,No,brandreward,,https://www.linnerlife.com/,https://www.linnerlife.com/,https://www.linnerlife.com/,,https://brandlogos.org/api/get/images/?brand=1001canvas.com&size=[size]&format=[format]&token=66f2e9d34e70de3005112b34edf06f3750d4d0d16086339919c0bf86d3fa65d4&domain=nectarly.us,Deal,1001canvas.com,https://1001canvas.com/,Other,,,,,"multi country",,en,1
40212462,"Mercury 20% off","Mercury 20% offDiscount Percent: 20,","20% off",,No,brandreward,,https://www.linnerlife.com/,https://www.linnerlife.com/,https://www.linnerlife.com/,,https://brandlogos.org/api/get/images/?brand=1001canvas.com&size=[size]&format=[format]&token=66f2e9d34e70de3005112b34edf06f3750d4d0d16086339919c0bf86d3fa65d4&domain=nectarly.us,Deal,1001canvas.com,https://1001canvas.com/,Other,,,,,"multi country",,en,1
40212463,"Saturn 15% off","15% off on LINNER Saturn OTC Hearing AidsDiscount Percent: 20,","15% off",,No,brandreward,,https://www.linnerlife.com/,https://www.linnerlife.com/,https://www.linnerlife.com/,,https://brandlogos.org/api/get/images/?brand=1001canvas.com&size=[size]&format=[format]&token=66f2e9d34e70de3005112b34edf06f3750d4d0d16086339919c0bf86d3fa65d4&domain=nectarly.us,Deal,1001canvas.com,https://1001canvas.com/,Other,,,,,"multi country",,en,1
40213646,"Special Offer - 30% OFF eSeller Package","Discount Percent: 30,","30% off",,No,brandreward,,https://www.1stformations.co.uk/,https://www.1stformations.co.uk/,https://www.1stformations.co.uk/,,https://brandlogos.org/api/get/images/?brand=1stformations.co.uk&size=[size]&format=[format]&token=edb0d7ecbb35b9ec8260a180f2e4db25f90ce8ec768f64c8481d0477538bffc7&domain=nectarly.us,Deal,1stformations.co.uk,https://www.1stformations.co.uk/,,"Website Development",,,,"United Kingdom",GB,en,1
40214086,"Special Offer - 33% OFF Prestige Package","Discount Percent: 33,","33% off",,No,brandreward,,https://www.1stformations.co.uk/,https://www.1stformations.co.uk/,https://www.1stformations.co.uk/,,https://brandlogos.org/api/get/images/?brand=1stformations.co.uk&size=[size]&format=[format]&token=edb0d7ecbb35b9ec8260a180f2e4db25f90ce8ec768f64c8481d0477538bffc7&domain=nectarly.us,Deal,1stformations.co.uk,https://www.1stformations.co.uk/,,,,,,"United Kingdom",GB,en,1
40214087,"Special Offer - 33% OFF All Incusive Package","Discount Percent: 33,","33% off",,No,brandreward,,https://www.1stformations.co.uk/,https://www.1stformations.co.uk/,https://www.1stformations.co.uk/,,https://brandlogos.org/api/get/images/?brand=1stformations.co.uk&size=[size]&format=[format]&token=edb0d7ecbb35b9ec8260a180f2e4db25f90ce8ec768f64c8481d0477538bffc7&domain=nectarly.us,Deal,1stformations.co.uk,https://www.1stformations.co.uk/,,Events,,,,"United Kingdom",GB,en,1
40214987,"Save $5-$20 Off Sitewide at PetMeds with code:","Save $5-$20 Off Sitewide at PetMeds with code:  -- AutoShip not required -- Tiered Promo: $5 off orders of $0-$120, $10 off orders $120-$170, $15 off orders $170-$220, $20 off orders $220+","save $5",PETS,No,brandreward,,https://www.1800petmeds.com/,https://www.1800petmeds.com/,https://www.1800petmeds.com/,http://www.brandreward.com/img/adv_logo/us-15285942110.png,https://brandlogos.org/api/get/images/?brand=1800petmeds.com&size=[size]&format=[format]&token=b061905397e44b387a5590ab545c592b6c8b028195527fb54c787caae0d5b4fa&domain=nectarly.us,Code,1800petmeds.com,https://www.1800petmeds.com/,"Online Services","Pet Supplies",2025-03-27,,,"United States of America",US,en,2
40217798,"Mars 20%off text link","save 20% on LINNER MarsDiscount Percent: 20,","20% off",MARS20,No,brandreward,,https://www.linnerlife.com/,https://www.linnerlife.com/,https://www.linnerlife.com/,,https://brandlogos.org/api/get/images/?brand=1001canvas.com&size=[size]&format=[format]&token=66f2e9d34e70de3005112b34edf06f3750d4d0d16086339919c0bf86d3fa65d4&domain=nectarly.us,Code,1001canvas.com,https://1001canvas.com/,Other,,2024-09-12,,,"multi country",,en,2
40217800,"Mercury 20%off text link","save 20% on LINNER MercuryLabels: Mercury,hearing Aids,20% Off, Discount Percent: 20,","20% off",MERCURY20,No,brandreward,,https://www.linnerlife.com/,https://www.linnerlife.com/,https://www.linnerlife.com/,,https://brandlogos.org/api/get/images/?brand=1001canvas.com&size=[size]&format=[format]&token=66f2e9d34e70de3005112b34edf06f3750d4d0d16086339919c0bf86d3fa65d4&domain=nectarly.us,Code,1001canvas.com,https://1001canvas.com/,Other,,2024-09-12,,,"multi country",,en,2
40217802,"SATURN 15%off text link","save 15% on LINNER SaturnLabels: Saturn,15% Off,hearing Aids, Discount Percent: 20,","15% off",SATURN15,No,brandreward,,https://www.linnerlife.com/,https://www.linnerlife.com/,https://www.linnerlife.com/,,https://brandlogos.org/api/get/images/?brand=1001canvas.com&size=[size]&format=[format]&token=66f2e9d34e70de3005112b34edf06f3750d4d0d16086339919c0bf86d3fa65d4&domain=nectarly.us,Code,1001canvas.com,https://1001canvas.com/,Other,,2024-09-12,,,"multi country",,en,2
40218551,"$40 off LINNER Hearing Aids","$40 offLabels: Hearing Aids,$40 Off, Discount Amount: 40.00,","$40 off",AID40,No,brandreward,,https://www.linnerlife.com/,https://www.linnerlife.com/,https://www.linnerlife.com/,,https://brandlogos.org/api/get/images/?brand=1001canvas.com&size=[size]&format=[format]&token=66f2e9d34e70de3005112b34edf06f3750d4d0d16086339919c0bf86d3fa65d4&domain=nectarly.us,Code,1001canvas.com,https://1001canvas.com/,Other,,2024-08-08,,,"multi country",,en,2
40218730,LINNER,"Purchase LINNER OTC Hearing Aids now! Top-rated and award-winningLabels: Hearing Aids,","Best Offer",,No,brandreward,,https://www.linnerlife.com/,https://www.linnerlife.com/,https://www.linnerlife.com/,,https://brandlogos.org/api/get/images/?brand=1001canvas.com&size=[size]&format=[format]&token=66f2e9d34e70de3005112b34edf06f3750d4d0d16086339919c0bf86d3fa65d4&domain=nectarly.us,Deal,1001canvas.com,https://1001canvas.com/,Other,,2024-07-23,,,"multi country",,en,1
40219853,"Exclusive New Customer Offer: Get 20% Off Up to $30 Sitewide at PetMeds with code:","Exclusive New Customer Offer: Get 20% Off Up to $30 Sitewide at PetMeds with code:  -- Autoship NOT required, New customers only, Exclusions Apply","20% off",NTF,No,brandreward,,https://www.1800petmeds.com/,https://www.1800petmeds.com/,https://www.1800petmeds.com/,http://www.brandreward.com/img/adv_logo/us-15285942110.png,https://brandlogos.org/api/get/images/?brand=1800petmeds.com&size=[size]&format=[format]&token=b061905397e44b387a5590ab545c592b6c8b028195527fb54c787caae0d5b4fa&domain=nectarly.us,Code,1800petmeds.com,https://www.1800petmeds.com/,"Online Services","Pet Supplies,Medical Supplies",2024-04-18,,,"United States of America",US,en,2
40219854,"Save 35% Off Sitewide up to $20 with Autoship at PetMeds with code:","Save 35% Off Sitewide up to $20 with Autoship at PetMeds with code:  -- valid through 12/31/24 -- Exclusions Apply, Autoship Required, Stackable, 1 use per customer","save 35%",AUTO35,No,brandreward,,https://www.1800petmeds.com/,https://www.1800petmeds.com/,https://www.1800petmeds.com/,http://www.brandreward.com/img/adv_logo/us-15285942110.png,https://brandlogos.org/api/get/images/?brand=1800petmeds.com&size=[size]&format=[format]&token=b061905397e44b387a5590ab545c592b6c8b028195527fb54c787caae0d5b4fa&domain=nectarly.us,Code,1800petmeds.com,https://www.1800petmeds.com/,"Online Services","Pet Supplies,Medical Supplies",2024-04-18,,,"United States of America",US,en,2
40220095,"Save 35% off with Autoship at PetMeds with code:","Save 35% off with Autoship at PetMeds with code:  - evergreen offer - excluding Merck products","save 35%",FOOD35,No,brandreward,,https://www.1800petmeds.com/,https://www.1800petmeds.com/,https://www.1800petmeds.com/,http://www.brandreward.com/img/adv_logo/us-15285942110.png,https://brandlogos.org/api/get/images/?brand=1800petmeds.com&size=[size]&format=[format]&token=b061905397e44b387a5590ab545c592b6c8b028195527fb54c787caae0d5b4fa&domain=nectarly.us,Code,1800petmeds.com,https://www.1800petmeds.com/,"Online Services","Pet Supplies,Medical Supplies",2024-04-04,,,"United States of America",US,en,2
40221468,"NexGard PLUS CHEWS for Dogs with Protection from Flea & Tick and Heartworm Medication All-in-One at PetMeds!","NexGard® PLUS CHEWS for Dogs with Protection from Flea & Tick and Heartworm Medication All-in-One at PetMeds!","Save Big",,No,brandreward,,https://www.1800petmeds.com/nexgard%C2%AE+plus+chews+for+dogs-prod13345.html,https://www.1800petmeds.com/nexgard%C2%AE+plus+chews+for+dogs-prod13345.html,https://www.1800petmeds.com/nexgard%C2%AE+plus+chews+for+dogs-prod13345.html,http://www.brandreward.com/img/adv_logo/us-15285942110.png,https://brandlogos.org/api/get/images/?brand=1800petmeds.com&size=[size]&format=[format]&token=b061905397e44b387a5590ab545c592b6c8b028195527fb54c787caae0d5b4fa&domain=nectarly.us,Deal,1800petmeds.com,https://www.1800petmeds.com/,"Online Services","Pet Supplies",2023-08-30,,,"United States of America",US,en,1
40222810,"Company Addresses explained","Company Addresses explained - guide to assist new customers in understanding the difference between the various addresses used in company formationLabels: Address Services,top Link,","Hot Offer",,No,brandreward,,https://www.1stformations.co.uk/company-address-guide/,https://www.1stformations.co.uk/company-address-guide/,https://www.1stformations.co.uk/company-address-guide/,,https://brandlogos.org/api/get/images/?brand=1stformations.co.uk&size=[size]&format=[format]&token=edb0d7ecbb35b9ec8260a180f2e4db25f90ce8ec768f64c8481d0477538bffc7&domain=nectarly.us,Deal,1stformations.co.uk,https://www.1stformations.co.uk/,,,2020-09-29,,,"United Kingdom",GB,en,1
40222813,"All Inclusive Package","All Inclusive Package - The ultimate company formation package, providing a limited company, registered office, service address, business mail forwarding address, VAT & PAYE Registration, GDPR Compliance Package and 1st Formations will act as your company secretaryLabels: Packages,top Link,all Inclusive Package,","Save Big",,No,brandreward,,https://www.1stformations.co.uk/package/all-inclusive/,https://www.1stformations.co.uk/package/all-inclusive/,https://www.1stformations.co.uk/package/all-inclusive/,,https://brandlogos.org/api/get/images/?brand=1stformations.co.uk&size=[size]&format=[format]&token=edb0d7ecbb35b9ec8260a180f2e4db25f90ce8ec768f64c8481d0477538bffc7&domain=nectarly.us,Deal,1stformations.co.uk,https://www.1stformations.co.uk/,,"Consultation Service",2021-04-20,,,"United Kingdom",GB,en,1
40222814,"LLP Package","LLP Package - ideal for any type of professions that would normally operate as a traditional partnership, but whose members require limited liabilityLabels: Packages,llp Package,","Save Big",,No,brandreward,,https://www.1stformations.co.uk/package/llp/,https://www.1stformations.co.uk/package/llp/,https://www.1stformations.co.uk/package/llp/,,https://brandlogos.org/api/get/images/?brand=1stformations.co.uk&size=[size]&format=[format]&token=edb0d7ecbb35b9ec8260a180f2e4db25f90ce8ec768f64c8481d0477538bffc7&domain=nectarly.us,Deal,1stformations.co.uk,https://www.1stformations.co.uk/,,,2022-08-15,,,"United Kingdom",GB,en,1
40222815,"Service Address","Service Address - available to all company directors, LLP members, shareholders, secretaries and persons with significant control (PSCs)Labels: Address Services,top Link,","Save Big",,No,brandreward,,https://www.1stformations.co.uk/service-address-service/,https://www.1stformations.co.uk/service-address-service/,https://www.1stformations.co.uk/service-address-service/,,https://brandlogos.org/api/get/images/?brand=1stformations.co.uk&size=[size]&format=[format]&token=edb0d7ecbb35b9ec8260a180f2e4db25f90ce8ec768f64c8481d0477538bffc7&domain=nectarly.us,Deal,1stformations.co.uk,https://www.1stformations.co.uk/,,,2020-09-29,,,"United Kingdom",GB,en,1
40255513,"123.live - Sale Rubrik","Bis zu -50 % auf Mode, Deko, Schmuck, Haus & Garten und Uhren. Jetzt reduzierte Lieblingsstücke sichern, solange der Vorrat reicht!","-50 % reduziert",,No,brandreward,,https://www.1-2-3.tv/,https://www.1-2-3.tv/,https://www.1-2-3.tv/,http://www.brandreward.com/img/adv_logo/de-38324048309.png,https://brandlogos.org/api/get/images/?brand=1-2-3.tv&size=[size]&format=[format]&token=ea31716127f2be60bbed90875070af19d52f8c4976aba297ad40a25113c0c956&domain=nectarly.us,Deal,1-2-3.tv,https://www.1-2-3.tv/,"Education,Buy & Sell","Jewellery,Watches",2026-07-09,2026-12-31,,Germany,DE,de,0
40255827,"10% Gutschein + Kostenlose Lieferung","Der Sommer-Gutschein von 100% Pure ist da!",Mega-Rabatt,PrAw718,No,brandreward,,https://www.100percentpure.de/,https://www.100percentpure.de/,https://www.100percentpure.de/,http://www.brandreward.com/img/adv_logo/us-2247771980.png,https://brandlogos.org/api/get/images/?brand=100percentpure.de&size=[size]&format=[format]&token=aefe0c33f96a506efd9e3c4a6181cd9325218b13d8879c18571bcc15a657b128&domain=nectarly.us,Code,100percentpure.de,https://www.100percentpure.de/,,"Makeup Products",2026-06-30,2026-09-30,,Germany,DE,de,1
40255828,"6 € Gutschein + Kostenlose Lieferung","Der Sommer-Gutschein von 100% Pure ist da!",Top-Angebot,PrAw403,No,brandreward,,https://www.100percentpure.de/,https://www.100percentpure.de/,https://www.100percentpure.de/,http://www.brandreward.com/img/adv_logo/us-2247771980.png,https://brandlogos.org/api/get/images/?brand=100percentpure.de&size=[size]&format=[format]&token=aefe0c33f96a506efd9e3c4a6181cd9325218b13d8879c18571bcc15a657b128&domain=nectarly.us,Code,100percentpure.de,https://www.100percentpure.de/,,"Makeup Products",2026-06-30,2026-09-30,,Germany,DE,de,1
40255829,"Rabatte bis zu 40%","Rabatte bis zu 40% - Einfach durchstöbern","Heißes Angebot",,No,brandreward,,https://www.100percentpure.de/,https://www.100percentpure.de/,https://www.100percentpure.de/,http://www.brandreward.com/img/adv_logo/us-2247771980.png,https://brandlogos.org/api/get/images/?brand=100percentpure.de&size=[size]&format=[format]&token=aefe0c33f96a506efd9e3c4a6181cd9325218b13d8879c18571bcc15a657b128&domain=nectarly.us,Deal,100percentpure.de,https://www.100percentpure.de/,,"Body Care",2026-06-30,2026-09-30,,Germany,DE,de,0
40258216,"10% welcome discount","Cannot be combined with other discounts.","Best Offer",kxaz-qzhg-54,No,brandreward,,https://www.123watches.nl/,https://www.123watches.nl/,https://www.123watches.nl/,,https://brandlogos.org/api/get/images/?brand=123watches.nl&size=[size]&format=[format]&token=8ac48540d04de1d694343ea77cdef51b5ddcda586178b1bd702c103b746be110&domain=nectarly.us,Code,123watches.nl,https://www.123watches.nl/,,Watches,2026-05-07,2028-08-26,,Netherlands,NL,en,1
40258631,"SUBSCRIBE FOR 5% OFF YOUR FIRST PURCHASE","SUBSCRIBE FOR 5% OFF YOUR FIRST PURCHASE","5% off",,No,brandreward,,https://1001optometry.com.au/,https://1001optometry.com.au/,https://1001optometry.com.au/,,https://brandlogos.org/api/get/images/?brand=1001optometry.com.au&size=[size]&format=[format]&token=ea6fcef397b1244e605374eb0469c8c8372bf605bd477d4afe4c74a68eeac79b&domain=nectarly.us,Deal,1001optometry.com.au,https://1001optometry.com.au/,"Green & Eco,Gifts","Medical Supplies",2026-03-18,,,Australia,AU,en,1
40258632,"12 Month Manufacturer’s Warranty","12 Month Manufacturer’s Warranty","Save Big",,No,brandreward,,https://1001optometry.com.au/,https://1001optometry.com.au/,https://1001optometry.com.au/,,https://brandlogos.org/api/get/images/?brand=1001optometry.com.au&size=[size]&format=[format]&token=ea6fcef397b1244e605374eb0469c8c8372bf605bd477d4afe4c74a68eeac79b&domain=nectarly.us,Deal,1001optometry.com.au,https://1001optometry.com.au/,"Green & Eco,Gifts",Eyewear,2026-03-18,,,Australia,AU,en,1
40258633,"AU Free Shipping on orders over $99.99*","AU Free Shipping on orders over $99.99*","Super Offer",,No,brandreward,,https://1001optometry.com.au/,https://1001optometry.com.au/,https://1001optometry.com.au/,,https://brandlogos.org/api/get/images/?brand=1001optometry.com.au&size=[size]&format=[format]&token=ea6fcef397b1244e605374eb0469c8c8372bf605bd477d4afe4c74a68eeac79b&domain=nectarly.us,Deal,1001optometry.com.au,https://1001optometry.com.au/,"Green & Eco,Gifts",Eyewear,2026-03-18,,,Australia,AU,en,1
40258672,"Try Our Free AI Screening","Try Our Free AI Screening","Hot Offer",,No,brandreward,,https://1001optometry.com.au/,https://1001optometry.com.au/,https://1001optometry.com.au/,,https://brandlogos.org/api/get/images/?brand=1001optometry.com.au&size=[size]&format=[format]&token=ea6fcef397b1244e605374eb0469c8c8372bf605bd477d4afe4c74a68eeac79b&domain=nectarly.us,Deal,1001optometry.com.au,https://1001optometry.com.au/,"Green & Eco,Gifts","Consultation Service,Medical Supplies",2026-03-31,,,Australia,AU,en,1
40258676,"Is undiagnosed myopia hiding in your camera roll?","Is undiagnosed myopia hiding in your camera roll?","Great Value",,No,brandreward,,https://1001optometry.com.au/,https://1001optometry.com.au/,https://1001optometry.com.au/,,https://brandlogos.org/api/get/images/?brand=1001optometry.com.au&size=[size]&format=[format]&token=ea6fcef397b1244e605374eb0469c8c8372bf605bd477d4afe4c74a68eeac79b&domain=nectarly.us,Deal,1001optometry.com.au,https://1001optometry.com.au/,"Green & Eco,Gifts",Eyewear,2026-03-31,,,Australia,AU,en,1
40258677,"Free Eye Test for International Students with purchase","Free Eye Test for International Students with purchase","Great Value",,No,brandreward,,https://1001optometry.com.au/,https://1001optometry.com.au/,https://1001optometry.com.au/,,https://brandlogos.org/api/get/images/?brand=1001optometry.com.au&size=[size]&format=[format]&token=ea6fcef397b1244e605374eb0469c8c8372bf605bd477d4afe4c74a68eeac79b&domain=nectarly.us,Deal,1001optometry.com.au,https://1001optometry.com.au/,"Green & Eco,Gifts","Consultation Service",2026-03-31,,,Australia,AU,en,1
40258678,"Afterpay Available","Afterpay Available","Hot Offer",,No,brandreward,,https://1001optometry.com.au/,https://1001optometry.com.au/,https://1001optometry.com.au/,,https://brandlogos.org/api/get/images/?brand=1001optometry.com.au&size=[size]&format=[format]&token=ea6fcef397b1244e605374eb0469c8c8372bf605bd477d4afe4c74a68eeac79b&domain=nectarly.us,Deal,1001optometry.com.au,https://1001optometry.com.au/,"Green & Eco,Gifts",Eyewear,2026-03-18,,,Australia,AU,en,1
40259476,"Скидка до -30% на любимые блюда","Скидка до -30% на любимые блюда","-30% Скидка",Супер_gs,No,brandreward,,https://2-berega.ru/,https://2-berega.ru/,https://2-berega.ru/,http://www.brandreward.com/img/adv_logo_upload/0c77e2439879ffb5b7bec2706e5c6f95.png,https://brandlogos.org/api/get/images/?brand=2-berega.ru&size=[size]&format=[format]&token=fb59717066b665608781948564258f6ed538ad7103b147485e7314f5c11c89d0&domain=nectarly.us,Code,2-berega.ru,https://2-berega.ru/,,Restaurants,2026-03-16,2026-12-31,,Russia,RU,ru,1
40260045,"Четвертая пицца бесплатно!","3=4. При покупке 4х пицц акция действует на пиццу наименьшей стоимости. Акция распространяется только на пиццы 30 см. Не суммируется с другими скидками и акциями.","Супер предложение",ДляТебя,No,brandreward,,https://2-berega.ru/,https://2-berega.ru/,https://2-berega.ru/,http://www.brandreward.com/img/adv_logo_upload/0c77e2439879ffb5b7bec2706e5c6f95.png,https://brandlogos.org/api/get/images/?brand=2-berega.ru&size=[size]&format=[format]&token=fb59717066b665608781948564258f6ed538ad7103b147485e7314f5c11c89d0&domain=nectarly.us,Code,2-berega.ru,https://2-berega.ru/,,"Fast Food",2026-03-01,2026-12-31,,Russia,RU,ru,1
40261040,"Exclusive 15% Coupon At 1STOPlighting.com","15% off Sitewide with code: . Some exclusions apply.","15% off",INSIDER15,No,brandreward,,https://www.1stoplighting.com/,https://www.1stoplighting.com/,https://www.1stoplighting.com/,http://www.brandreward.com/img/adv_logo/us-96384011266.png,https://brandlogos.org/api/get/images/?brand=1stoplighting.com&size=[size]&format=[format]&token=b2cef11bd56d8bb25d3235eb313712b4df89233698c935f3792992b82aa1ec01&domain=nectarly.us,Code,1stoplighting.com,https://www.1stoplighting.com/,,,2017-02-26,2050-12-30,,"United States of America",US,en,1
40261247,"10% Gutschein","10% Rabatt für das komplette Sortiment","10% rabatt",awin-10,No,brandreward,,https://www.1a-geschenkeshop.de/,https://www.1a-geschenkeshop.de/,https://www.1a-geschenkeshop.de/,,https://brandlogos.org/api/get/images/?brand=1a-geschenkeshop.de&size=[size]&format=[format]&token=7c279f001a3e404d10e52d75b21dff2c56c20a2a964b9bb4fb7c4a2d8d20eb8e&domain=nectarly.us,Code,1a-geschenkeshop.de,https://www.1a-geschenkeshop.de/,,"Gift Items",2026-01-22,2026-12-30,,Germany,DE,de,1
40262057,"111SKIN (US Only) | Subscribe and Save > Get 20% off all year-round and never run out of your favorite skincare again.","111SKIN (US Only) | Subscribe and Save > Get 20% off all year-round and never run out of your favorite skincare again.","20% off",,No,brandreward,,https://111skin.com/,https://111skin.com/,https://111skin.com/,http://www.brandreward.com/img/adv_logo/us-795152326443.jpeg,https://brandlogos.org/api/get/images/?brand=111skin.com&size=[size]&format=[format]&token=c3f98c028c908abfe96f4b889a241efa4492fb39285abeb910c628c5728aaa21&domain=nectarly.us,Deal,111skin.com,https://111skin.com/,"Buy & Sell,B2B","Body Care",2025-09-10,2032-01-06,,"United Kingdom,United States of America","GB,US",en,0
40263809,"10% OFF on any certification and courses","Buy any course or certification from 101 Blockchains and get 10% OFF","10% off",BCHAIN10,No,brandreward,,https://101blockchains.com/,https://101blockchains.com/,https://101blockchains.com/,,https://brandlogos.org/api/get/images/?brand=101blockchains.com&size=[size]&format=[format]&token=6f2f9789f0a788f2c30620d13d41006ddc874865134221d9424050c176c7406f&domain=nectarly.us,Code,101blockchains.com,https://101blockchains.com/,,"Training Courses",2021-02-10,2050-12-30,,"multi country",,en,1
40263810,"30% OFF on any certification and courses","Buy any course or certification from 101 Blockchains and get 30% OFF","30% off",BCHAIN30,No,brandreward,,https://101blockchains.com/,https://101blockchains.com/,https://101blockchains.com/,,https://brandlogos.org/api/get/images/?brand=101blockchains.com&size=[size]&format=[format]&token=6f2f9789f0a788f2c30620d13d41006ddc874865134221d9424050c176c7406f&domain=nectarly.us,Code,101blockchains.com,https://101blockchains.com/,,"Training Courses",2021-02-10,2050-12-30,,"multi country",,en,1
40263811,"20% OFF on any certification and courses","Buy any course or certification from 101 Blockchains and get 20% OFF","20% off",BCHAIN20,No,brandreward,,https://101blockchains.com/,https://101blockchains.com/,https://101blockchains.com/,,https://brandlogos.org/api/get/images/?brand=101blockchains.com&size=[size]&format=[format]&token=6f2f9789f0a788f2c30620d13d41006ddc874865134221d9424050c176c7406f&domain=nectarly.us,Code,101blockchains.com,https://101blockchains.com/,,"Training Courses",2021-02-10,2050-12-30,,"multi country",,en,1
40264704,"111 Skin (us Only)| Reset & Replenish Your Skin Take Our Skincare Quiz for Recommendations Tailored Precisely to Your Needs.",,"Super Offer",,No,brandreward,,https://111skin.com/,https://111skin.com/,https://111skin.com/,http://www.brandreward.com/img/adv_logo/us-795152326443.jpeg,https://brandlogos.org/api/get/images/?brand=111skin.com&size=[size]&format=[format]&token=c3f98c028c908abfe96f4b889a241efa4492fb39285abeb910c628c5728aaa21&domain=nectarly.us,Deal,111skin.com,https://111skin.com/,"Buy & Sell,B2B","Personal Care Appliances",2025-07-09,2031-07-08,,"United Kingdom,United States of America","GB,US",en,0
40265266,"20% Off on 1001canvas paint by numbers","Use code  to get 20% off","20% off",CANVAS20,No,brandreward,,https://www.linnerlife.com/,https://www.linnerlife.com/,https://www.linnerlife.com/,,https://brandlogos.org/api/get/images/?brand=1001canvas.com&size=[size]&format=[format]&token=66f2e9d34e70de3005112b34edf06f3750d4d0d16086339919c0bf86d3fa65d4&domain=nectarly.us,Code,1001canvas.com,https://1001canvas.com/,,"Arts and Crafts",2025-08-04,2026-09-30,,"multi country",,en,1
40266092,"111SKIN | Subscribe and Save > Get 20% Off All Year-Round and Never Run Out Of Your Favourite Skincare Again!",,"20% off",,No,brandreward,,https://111skin.com/,https://111skin.com/,https://111skin.com/,http://www.brandreward.com/img/adv_logo/us-795152326443.jpeg,https://brandlogos.org/api/get/images/?brand=111skin.com&size=[size]&format=[format]&token=c3f98c028c908abfe96f4b889a241efa4492fb39285abeb910c628c5728aaa21&domain=nectarly.us,Deal,111skin.com,https://111skin.com/,"Buy & Sell,B2B","Personal Care Appliances",2025-09-10,2031-09-09,,"United Kingdom,United States of America","GB,US",en,0
40266093,"111SKIN | Subscribe and Save > Get 20% Off All Year-Round and Never Run Out Of Your Favorite Skincare Again!",,"20% off",,No,brandreward,,https://111skin.com/,https://111skin.com/,https://111skin.com/,http://www.brandreward.com/img/adv_logo/us-795152326443.jpeg,https://brandlogos.org/api/get/images/?brand=111skin.com&size=[size]&format=[format]&token=c3f98c028c908abfe96f4b889a241efa4492fb39285abeb910c628c5728aaa21&domain=nectarly.us,Deal,111skin.com,https://111skin.com/,"Buy & Sell,B2B","Personal Care Appliances",2025-09-10,2031-09-09,,"United Kingdom,United States of America","GB,US",en,0
40267915,"111SKIN (US Only) | Join the 111SKIN V1P Loyalty Program > Unlock endless rewards with every purchase – sign up today!","111SKIN (US Only) | Join the 111SKIN V1P Loyalty Program > Unlock endless rewards with every purchase – sign up today!","Best Offer",,No,brandreward,,https://111skin.com/,https://111skin.com/,https://111skin.com/,http://www.brandreward.com/img/adv_logo/us-795152326443.jpeg,https://brandlogos.org/api/get/images/?brand=111skin.com&size=[size]&format=[format]&token=c3f98c028c908abfe96f4b889a241efa4492fb39285abeb910c628c5728aaa21&domain=nectarly.us,Deal,111skin.com,https://111skin.com/,"Buy & Sell,B2B","Personal Care Appliances,Gift Items",2025-07-09,2031-07-09,,"United Kingdom,United States of America","GB,US",en,0
40267916,"111SKIN (US Only) | Mix & Mask > Save 20% + Get a Complimentary Travel Pouch When You Create a Set of 7 Masks!","111SKIN (US Only) | Mix & Mask > Save 20% + Get a Complimentary Travel Pouch When You Create a Set of 7 Masks!","save 20%",,No,brandreward,,https://111skin.com/,https://111skin.com/,https://111skin.com/,http://www.brandreward.com/img/adv_logo/us-795152326443.jpeg,https://brandlogos.org/api/get/images/?brand=111skin.com&size=[size]&format=[format]&token=c3f98c028c908abfe96f4b889a241efa4492fb39285abeb910c628c5728aaa21&domain=nectarly.us,Deal,111skin.com,https://111skin.com/,"Buy & Sell,B2B","Personal Care Appliances,Gift Items",2025-07-09,2031-07-09,,"United Kingdom,United States of America","GB,US",en,0
40267917,"111SKIN (US Only) | New Customer Offer > Get 15% Off Your First Order (With Email Signup)","111SKIN (US Only) | New Customer Offer > Get 15% Off Your First Order (With Email Signup)","15% off",,No,brandreward,,https://111skin.com/,https://111skin.com/,https://111skin.com/,http://www.brandreward.com/img/adv_logo/us-795152326443.jpeg,https://brandlogos.org/api/get/images/?brand=111skin.com&size=[size]&format=[format]&token=c3f98c028c908abfe96f4b889a241efa4492fb39285abeb910c628c5728aaa21&domain=nectarly.us,Deal,111skin.com,https://111skin.com/,"Buy & Sell,B2B","Personal Care Appliances,Gift Items",2025-07-09,2031-07-09,,"United Kingdom,United States of America","GB,US",en,0
40267918,"111SKIN (US Only) | Get Two Complimentary Samples with Every Order","111SKIN (US Only) | Get Two Complimentary Samples with Every Order","Hot Offer",,No,brandreward,,https://111skin.com/,https://111skin.com/,https://111skin.com/,http://www.brandreward.com/img/adv_logo/us-795152326443.jpeg,https://brandlogos.org/api/get/images/?brand=111skin.com&size=[size]&format=[format]&token=c3f98c028c908abfe96f4b889a241efa4492fb39285abeb910c628c5728aaa21&domain=nectarly.us,Deal,111skin.com,https://111skin.com/,"Buy & Sell,B2B","Personal Care Appliances,Gift Items",2025-07-09,2031-07-09,,"United Kingdom,United States of America","GB,US",en,0
40268362,"111 Skin (us Only) | Join the 111 Skin V1 P Loyalty Program Unlock Endless Rewards with Every Purchase – Sign up Today!",,"Great Value",,No,brandreward,,https://111skin.com/,https://111skin.com/,https://111skin.com/,http://www.brandreward.com/img/adv_logo/us-795152326443.jpeg,https://brandlogos.org/api/get/images/?brand=111skin.com&size=[size]&format=[format]&token=c3f98c028c908abfe96f4b889a241efa4492fb39285abeb910c628c5728aaa21&domain=nectarly.us,Deal,111skin.com,https://111skin.com/,"Buy & Sell,B2B","Personal Care Appliances,Gift Items",2025-07-09,2031-07-08,,"United Kingdom,United States of America","GB,US",en,0
40268363,"111 Skin (us Only) | Mix & Mask Save 20% Plus Get a Complimentary Travel Pouch when You Create a Set of 7 Masks!",,"20% off",,No,brandreward,,https://111skin.com/,https://111skin.com/,https://111skin.com/,http://www.brandreward.com/img/adv_logo/us-795152326443.jpeg,https://brandlogos.org/api/get/images/?brand=111skin.com&size=[size]&format=[format]&token=c3f98c028c908abfe96f4b889a241efa4492fb39285abeb910c628c5728aaa21&domain=nectarly.us,Deal,111skin.com,https://111skin.com/,"Buy & Sell,B2B","Personal Care Appliances,Gift Items",2025-07-09,2031-07-08,,"United Kingdom,United States of America","GB,US",en,0
40268364,"111 Skin (us Only) | New Customer Offer Get 15% Off Your First Order (with Email Signup)!",,"15% off",,No,brandreward,,https://111skin.com/,https://111skin.com/,https://111skin.com/,http://www.brandreward.com/img/adv_logo/us-795152326443.jpeg,https://brandlogos.org/api/get/images/?brand=111skin.com&size=[size]&format=[format]&token=c3f98c028c908abfe96f4b889a241efa4492fb39285abeb910c628c5728aaa21&domain=nectarly.us,Deal,111skin.com,https://111skin.com/,"Buy & Sell,B2B","Personal Care Appliances,Gift Items",2025-07-09,2031-07-08,,"United Kingdom,United States of America","GB,US",en,0
40268365,"111 Skin (us Only) | Get Two Complimentary Samples with Every Order!",,"Great Value",,No,brandreward,,https://111skin.com/,https://111skin.com/,https://111skin.com/,http://www.brandreward.com/img/adv_logo/us-795152326443.jpeg,https://brandlogos.org/api/get/images/?brand=111skin.com&size=[size]&format=[format]&token=c3f98c028c908abfe96f4b889a241efa4492fb39285abeb910c628c5728aaa21&domain=nectarly.us,Deal,111skin.com,https://111skin.com/,"Buy & Sell,B2B","Personal Care Appliances,Gift Items",2025-07-09,2031-07-08,,"United Kingdom,United States of America","GB,US",en,0
40268517,"111SKIN | Join the 111SKIN V1P Loyalty Program | Unlock endless rewards with every purchase – sign up today!","111SKIN | Join the 111SKIN V1P Loyalty Program | Unlock endless rewards with every purchase – sign up today!","Super Offer",,No,brandreward,,https://111skin.com/,https://111skin.com/,https://111skin.com/,http://www.brandreward.com/img/adv_logo/us-795152326443.jpeg,https://brandlogos.org/api/get/images/?brand=111skin.com&size=[size]&format=[format]&token=c3f98c028c908abfe96f4b889a241efa4492fb39285abeb910c628c5728aaa21&domain=nectarly.us,Deal,111skin.com,https://111skin.com/,"Buy & Sell,B2B","Personal Care Appliances,Gift Items",2025-06-26,2031-07-09,,"United Kingdom,United States of America","GB,US",en,0
40268915,"24 Stunden Deals | Top-Angebote zu attraktiven Festpreisen","Entdecken Sie jetzt die 24-Stunden-Deals von 123.live – täglich neue Highlights zu besonders attraktiven Festpreisen!",Schnäppchen,,No,brandreward,,https://www.1-2-3.tv/,https://www.1-2-3.tv/,https://www.1-2-3.tv/,http://www.brandreward.com/img/adv_logo/de-38324048309.png,https://brandlogos.org/api/get/images/?brand=1-2-3.tv&size=[size]&format=[format]&token=ea31716127f2be60bbed90875070af19d52f8c4976aba297ad40a25113c0c956&domain=nectarly.us,Deal,1-2-3.tv,https://www.1-2-3.tv/,"Education,Buy & Sell","Smart Devices",2025-05-19,2027-12-31,,Germany,DE,de,0
40268917,"Exklusiv bei 123.live | Entdecken Sie Jutta Niedhardt Cosmetics","Pflege & Cremes von Jutta Niedhardt exklusiv bei 123.live: entdecken Sie hochwertige Pflegeprodukte für sichtbar strahlende und gepflegte Haut!",Mega-Rabatt,,No,brandreward,,https://www.1-2-3.tv/,https://www.1-2-3.tv/,https://www.1-2-3.tv/,http://www.brandreward.com/img/adv_logo/de-38324048309.png,https://brandlogos.org/api/get/images/?brand=1-2-3.tv&size=[size]&format=[format]&token=ea31716127f2be60bbed90875070af19d52f8c4976aba297ad40a25113c0c956&domain=nectarly.us,Deal,1-2-3.tv,https://www.1-2-3.tv/,"Education,Buy & Sell","Body Care",2025-05-19,2027-12-31,,Germany,DE,de,0
40269238,"111 Skin | Get Two Complimentary Samples with Every Order!",,"Save Big",,No,brandreward,,https://111skin.com/,https://111skin.com/,https://111skin.com/,http://www.brandreward.com/img/adv_logo/us-795152326443.jpeg,https://brandlogos.org/api/get/images/?brand=111skin.com&size=[size]&format=[format]&token=c3f98c028c908abfe96f4b889a241efa4492fb39285abeb910c628c5728aaa21&domain=nectarly.us,Deal,111skin.com,https://111skin.com/,"Buy & Sell,B2B","Personal Care Appliances",2025-04-16,2031-04-17,,"United Kingdom,United States of America","GB,US",en,0
40269239,"111 Skin | Mix and Mask Save 20% Plus Get a Complimentary Travel Pouch when You Create a Set of 7 Masks!",,"20% off",,No,brandreward,,https://111skin.com/,https://111skin.com/,https://111skin.com/,http://www.brandreward.com/img/adv_logo/us-795152326443.jpeg,https://brandlogos.org/api/get/images/?brand=111skin.com&size=[size]&format=[format]&token=c3f98c028c908abfe96f4b889a241efa4492fb39285abeb910c628c5728aaa21&domain=nectarly.us,Deal,111skin.com,https://111skin.com/,"Buy & Sell,B2B","Personal Care Appliances",2025-04-16,2031-04-17,,"United Kingdom,United States of America","GB,US",en,0
40269240,"111 Skin | New Customer Offer Get 15% Off Your First Order (With Email Signup)!",,"15% off",,No,brandreward,,https://111skin.com/,https://111skin.com/,https://111skin.com/,http://www.brandreward.com/img/adv_logo/us-795152326443.jpeg,https://brandlogos.org/api/get/images/?brand=111skin.com&size=[size]&format=[format]&token=c3f98c028c908abfe96f4b889a241efa4492fb39285abeb910c628c5728aaa21&domain=nectarly.us,Deal,111skin.com,https://111skin.com/,"Buy & Sell,B2B","Personalized Gifts",2025-04-16,2031-04-17,,"United Kingdom,United States of America","GB,US",en,0
40269306,"111SKIN | New Customer Offer > Get 15% Off Your First Order (With Email Signup)","111SKIN | New Customer Offer > Get 15% Off Your First Order (With Email Signup)","15% off",,No,brandreward,,https://111skin.com/,https://111skin.com/,https://111skin.com/,http://www.brandreward.com/img/adv_logo/us-795152326443.jpeg,https://brandlogos.org/api/get/images/?brand=111skin.com&size=[size]&format=[format]&token=c3f98c028c908abfe96f4b889a241efa4492fb39285abeb910c628c5728aaa21&domain=nectarly.us,Deal,111skin.com,https://111skin.com/,"Buy & Sell,B2B","Personalized Gifts",2025-04-16,2031-07-09,,"United Kingdom,United States of America","GB,US",en,0
40269307,"111SKIN | Get Two Complimentary Samples with Every Order","111SKIN | Get Two Complimentary Samples with Every Order","Super Offer",,No,brandreward,,https://111skin.com/,https://111skin.com/,https://111skin.com/,http://www.brandreward.com/img/adv_logo/us-795152326443.jpeg,https://brandlogos.org/api/get/images/?brand=111skin.com&size=[size]&format=[format]&token=c3f98c028c908abfe96f4b889a241efa4492fb39285abeb910c628c5728aaa21&domain=nectarly.us,Deal,111skin.com,https://111skin.com/,"Buy & Sell,B2B","Personal Care Appliances",2025-04-16,2031-07-09,,"United Kingdom,United States of America","GB,US",en,0
40269308,"111SKIN | Mix & Mask > Save 20% + Get a Complimentary Travel Pouch When You Create a Set of 7 Masks!","111SKIN | Mix & Mask > Save 20% + Get a Complimentary Travel Pouch When You Create a Set of 7 Masks!","save 20%",,No,brandreward,,https://111skin.com/,https://111skin.com/,https://111skin.com/,http://www.brandreward.com/img/adv_logo/us-795152326443.jpeg,https://brandlogos.org/api/get/images/?brand=111skin.com&size=[size]&format=[format]&token=c3f98c028c908abfe96f4b889a241efa4492fb39285abeb910c628c5728aaa21&domain=nectarly.us,Deal,111skin.com,https://111skin.com/,"Buy & Sell,B2B","Personal Care Appliances",2025-04-16,2031-07-09,,"United Kingdom,United States of America","GB,US",en,0
40270656,"123.live |  € Gutschein für Ihre Empfehlung","Als Dankeschön schreiben wir Ihrem Kundenkonto 10 Euro für jede Empfehlung gut. Natürlich profitiert auch Ihr Freund von der Aktion: Jeder von Ihnen neu geworbene Kunde bekommt einen Einkaufsgutschein über 10 Euro, den er sofort einlösen kann.",Mega-Rabatt,,No,brandreward,,https://www.1-2-3.tv/,https://www.1-2-3.tv/,https://www.1-2-3.tv/,http://www.brandreward.com/img/adv_logo/de-38324048309.png,https://brandlogos.org/api/get/images/?brand=1-2-3.tv&size=[size]&format=[format]&token=ea31716127f2be60bbed90875070af19d52f8c4976aba297ad40a25113c0c956&domain=nectarly.us,Deal,1-2-3.tv,https://www.1-2-3.tv/,"Education,Buy & Sell","Gift Cards",2025-02-06,2027-02-09,,Germany,DE,de,0
40270657,"10€ Gutschein für Neukunden","Werden Sie ein Teil der 123.live Familie und erhalten Sie bei ihrer Neuanmeldung einen 10 € Gutschein* als Willkommensgeschenk!  Einfach den Code  beim Kauf in das Gutscheinfeld einfügen oder den Button klicken und den Code kopieren.",Schnäppchen,123020,No,brandreward,,https://www.1-2-3.tv/,https://www.1-2-3.tv/,https://www.1-2-3.tv/,http://www.brandreward.com/img/adv_logo/de-38324048309.png,https://brandlogos.org/api/get/images/?brand=1-2-3.tv&size=[size]&format=[format]&token=ea31716127f2be60bbed90875070af19d52f8c4976aba297ad40a25113c0c956&domain=nectarly.us,Code,1-2-3.tv,https://www.1-2-3.tv/,"Education,Buy & Sell","Gift Cards",2025-02-06,2027-02-09,,Germany,DE,de,1
40273367,"Save Up To 20% Off Designer Lighting from Capitol Lighting","Save Up To 20% Off Designer Lighting from Capitol Lighting","save 20%",,No,brandreward,,https://www.1800lighting.com/,https://www.1800lighting.com/,https://www.1800lighting.com/,http://www.brandreward.com/img/adv_logo/us-54389366233.jpeg,https://brandlogos.org/api/get/images/?brand=1800lighting.com&size=[size]&format=[format]&token=c08fd500ce324c098b120fd52511fa50b292217b2a82ee10012603650800f889&domain=nectarly.us,Deal,1800lighting.com,https://www.1800lighting.com/,Health,,2021-07-02,2030-09-11,,"United States of America",US,en,0
40273602,"Free 25GB SIM Data Boost","Free 25GB Data Boost (applied when SIM activated)","Best Offer",VASB25,No,brandreward,,https://www.1pmobile.com/,https://www.1pmobile.com/,https://www.1pmobile.com/,http://www.brandreward.com/img/adv_logo/uk-241167004535.png,https://brandlogos.org/api/get/images/?brand=1pmobile.com&size=[size]&format=[format]&token=cb28956783b7aa4b3d50352e96cf95d69866be12b6259a2d58f36a93339a6fbb&domain=nectarly.us,Code,1pmobile.com,https://www.1pmobile.com/,,,2024-07-25,2050-12-30,,"United Kingdom",GB,en,1
40273611,"Free 50GB SIM Data Boost","Free 50GB Data Boost (applied when SIM activated)","Best Offer",VASB50,No,brandreward,,https://www.1pmobile.com/,https://www.1pmobile.com/,https://www.1pmobile.com/,http://www.brandreward.com/img/adv_logo/uk-241167004535.png,https://brandlogos.org/api/get/images/?brand=1pmobile.com&size=[size]&format=[format]&token=cb28956783b7aa4b3d50352e96cf95d69866be12b6259a2d58f36a93339a6fbb&domain=nectarly.us,Code,1pmobile.com,https://www.1pmobile.com/,,"Mobile Recharge",2024-07-25,2050-12-30,,"United Kingdom",GB,en,1
40274753,"10% off site wide at 123RF","10% off site wide at 123RF.com","10% off",AW10OFF,No,brandreward,,https://www.123rf.com/,https://www.123rf.com/,https://www.123rf.com/,http://www.brandreward.com/img/adv_logo/us-25338943247.png,https://brandlogos.org/api/get/images/?brand=123rf.com&size=[size]&format=[format]&token=77f963e27a67406b7f54e9b7a4a859a3d00d3d13b7c9a5b6cade8e8c6acec213&domain=nectarly.us,Code,123rf.com,https://www.123rf.com/,,Graphics,2024-04-01,2027-01-30,,"multi country",,en,1
40274902,"Discover up To 60% Off in Our Archive Sale!",,"60% off",,No,brandreward,,https://14daymanicure.com/,https://14daymanicure.com/,https://14daymanicure.com/,http://www.brandreward.com/img/adv_logo/uk-993139497537.png,https://brandlogos.org/api/get/images/?brand=14daymanicure.com&size=[size]&format=[format]&token=1762f70f056e479b43ce2a3fa9f4e3f77dec67a71f8dd32d19db4ca13638f66c&domain=nectarly.us,Deal,14daymanicure.com,https://14daymanicure.com/,"Buy & Sell",,2024-04-10,2030-04-09,,"Ireland,United Kingdom","IE,GB",en,0
40274905,"Archive Sale - 80% OFF","Discover up to 80% OFF in our  Sale! Use code  for extra 20% on already discounted lines!","80% off",CLEARANCE,No,brandreward,,https://14daymanicure.com/,https://14daymanicure.com/,https://14daymanicure.com/,http://www.brandreward.com/img/adv_logo/uk-993139497537.png,https://brandlogos.org/api/get/images/?brand=14daymanicure.com&size=[size]&format=[format]&token=1762f70f056e479b43ce2a3fa9f4e3f77dec67a71f8dd32d19db4ca13638f66c&domain=nectarly.us,Code,14daymanicure.com,https://14daymanicure.com/,"Buy & Sell","Fashion Accessories",2024-04-10,2030-06-25,,"Ireland,United Kingdom","IE,GB",en,1
40275033,"123.live | Unsere Stars des Tages. Schnäppchen zu Tiefpreisen!","Unsere Stars des Tages. Schnäppchen zu Tiefpreisen",Mega-Rabatt,,No,brandreward,,https://www.1-2-3.tv/,https://www.1-2-3.tv/,https://www.1-2-3.tv/,http://www.brandreward.com/img/adv_logo/de-38324048309.png,https://brandlogos.org/api/get/images/?brand=1-2-3.tv&size=[size]&format=[format]&token=ea31716127f2be60bbed90875070af19d52f8c4976aba297ad40a25113c0c956&domain=nectarly.us,Deal,1-2-3.tv,https://www.1-2-3.tv/,"Education,Buy & Sell",,2024-03-21,2027-03-27,,Germany,DE,de,0
40275342,"20% off site wide at 123RF","20% off all plans only at 123RF.com","20% off",offers123rf20,No,brandreward,,https://www.123rf.com/,https://www.123rf.com/,https://www.123rf.com/,http://www.brandreward.com/img/adv_logo/us-25338943247.png,https://brandlogos.org/api/get/images/?brand=123rf.com&size=[size]&format=[format]&token=77f963e27a67406b7f54e9b7a4a859a3d00d3d13b7c9a5b6cade8e8c6acec213&domain=nectarly.us,Code,123rf.com,https://www.123rf.com/,,Graphics,2024-02-07,2038-12-30,,"multi country",,en,1
40275349,"Save on Your First Order with 1-800 Contacts!",,"Best Offer",,No,brandreward,,https://www.1800contacts.com/,https://www.1800contacts.com/,https://www.1800contacts.com/,http://www.brandreward.com/img/adv_logo/us-77586080103.png,https://brandlogos.org/api/get/images/?brand=1800contacts.com&size=[size]&format=[format]&token=180637bbf39f45d39c1177a868e159967b56980e921d31276cd7a35664799cb2&domain=nectarly.us,Deal,1800contacts.com,https://www.1800contacts.com/,"Gifts,B2B","Medical Supplies",2023-11-20,2029-11-19,,"United States of America",US,en,0
40275794,"New Customers Save 20% Off Designer Lighting from Capitol Lighting","New Customers Save 20% Off Designer Lighting from Capitol Lighting","save 20%",,No,brandreward,,https://www.1800lighting.com/,https://www.1800lighting.com/,https://www.1800lighting.com/,http://www.brandreward.com/img/adv_logo/us-54389366233.jpeg,https://brandlogos.org/api/get/images/?brand=1800lighting.com&size=[size]&format=[format]&token=c08fd500ce324c098b120fd52511fa50b292217b2a82ee10012603650800f889&domain=nectarly.us,Deal,1800lighting.com,https://www.1800lighting.com/,Health,,2021-07-02,2027-10-21,,"United States of America",US,en,0
40275971,"Check out 1-800 Lighting's Brilliant Home Digital Catalog!",,"Great Value",,No,brandreward,,https://www.1800lighting.com/,https://www.1800lighting.com/,https://www.1800lighting.com/,http://www.brandreward.com/img/adv_logo/us-54389366233.jpeg,https://brandlogos.org/api/get/images/?brand=1800lighting.com&size=[size]&format=[format]&token=c08fd500ce324c098b120fd52511fa50b292217b2a82ee10012603650800f889&domain=nectarly.us,Deal,1800lighting.com,https://www.1800lighting.com/,Health,,2024-01-15,2030-01-14,,"United States of America",US,en,0
40276753,"Easy Gel Manis For Everyone, and No Appointment Needed. Get Your At-Home Gel Manicure Kit Today!",,"Best Offer",,No,brandreward,,https://14daymanicure.com/,https://14daymanicure.com/,https://14daymanicure.com/,http://www.brandreward.com/img/adv_logo/uk-993139497537.png,https://brandlogos.org/api/get/images/?brand=14daymanicure.com&size=[size]&format=[format]&token=1762f70f056e479b43ce2a3fa9f4e3f77dec67a71f8dd32d19db4ca13638f66c&domain=nectarly.us,Deal,14daymanicure.com,https://14daymanicure.com/,"Buy & Sell","Spas Saloons and Parlors",2023-09-01,2029-08-31,,"Ireland,United Kingdom","IE,GB",en,0
40276754,"Save Up To 50% With Our Bundles Today!",,"save 50%",,No,brandreward,,https://14daymanicure.com/,https://14daymanicure.com/,https://14daymanicure.com/,http://www.brandreward.com/img/adv_logo/uk-993139497537.png,https://brandlogos.org/api/get/images/?brand=14daymanicure.com&size=[size]&format=[format]&token=1762f70f056e479b43ce2a3fa9f4e3f77dec67a71f8dd32d19db4ca13638f66c&domain=nectarly.us,Deal,14daymanicure.com,https://14daymanicure.com/,"Buy & Sell",,2023-08-31,2029-08-30,,"Ireland,United Kingdom","IE,GB",en,0
40276755,"Shop Our Best Sellers - 14 Day Manicure!",,"Best Offer",,No,brandreward,,https://14daymanicure.com/,https://14daymanicure.com/,https://14daymanicure.com/,http://www.brandreward.com/img/adv_logo/uk-993139497537.png,https://brandlogos.org/api/get/images/?brand=14daymanicure.com&size=[size]&format=[format]&token=1762f70f056e479b43ce2a3fa9f4e3f77dec67a71f8dd32d19db4ca13638f66c&domain=nectarly.us,Deal,14daymanicure.com,https://14daymanicure.com/,"Buy & Sell",,2023-08-31,2029-08-30,,"Ireland,United Kingdom","IE,GB",en,0
40276756,"Free Shipping on Orders Over €80 / £70! - Shop Now!",,"Super Offer",,No,brandreward,,https://14daymanicure.com/,https://14daymanicure.com/,https://14daymanicure.com/,http://www.brandreward.com/img/adv_logo/uk-993139497537.png,https://brandlogos.org/api/get/images/?brand=14daymanicure.com&size=[size]&format=[format]&token=1762f70f056e479b43ce2a3fa9f4e3f77dec67a71f8dd32d19db4ca13638f66c&domain=nectarly.us,Deal,14daymanicure.com,https://14daymanicure.com/,"Buy & Sell",,2023-08-31,2029-08-30,,"Ireland,United Kingdom","IE,GB",en,0
40277295,"Free 10GB SIM data Boost","Free 10GB Data Boost (applied when SIM activated)","Best Offer",VASB10GB,No,brandreward,,https://www.1pmobile.com/,https://www.1pmobile.com/,https://www.1pmobile.com/,http://www.brandreward.com/img/adv_logo/uk-241167004535.png,https://brandlogos.org/api/get/images/?brand=1pmobile.com&size=[size]&format=[format]&token=cb28956783b7aa4b3d50352e96cf95d69866be12b6259a2d58f36a93339a6fbb&domain=nectarly.us,Code,1pmobile.com,https://www.1pmobile.com/,,,2023-05-31,2050-12-30,,"United Kingdom",GB,en,1
40277669,"Big Data With Unlimited Calls And Texts With Fast 4G & 5G Data - Order Now","Big Data With Unlimited Calls And Texts With Fast 4G & 5G Data - Order Now","Save Big",,No,brandreward,,https://www.1pmobile.com/,https://www.1pmobile.com/,https://www.1pmobile.com/,http://www.brandreward.com/img/adv_logo/uk-241167004535.png,https://brandlogos.org/api/get/images/?brand=1pmobile.com&size=[size]&format=[format]&token=cb28956783b7aa4b3d50352e96cf95d69866be12b6259a2d58f36a93339a6fbb&domain=nectarly.us,Deal,1pmobile.com,https://www.1pmobile.com/,,"Mobile Recharge",2022-12-05,2050-12-05,,"United Kingdom",GB,en,0
40277757,"Free £5 top-up credit","Free £5 top-up credit (applied when SIM activated)","Super Offer",VA5TU,No,brandreward,,https://www.1pmobile.com/,https://www.1pmobile.com/,https://www.1pmobile.com/,http://www.brandreward.com/img/adv_logo/uk-241167004535.png,https://brandlogos.org/api/get/images/?brand=1pmobile.com&size=[size]&format=[format]&token=cb28956783b7aa4b3d50352e96cf95d69866be12b6259a2d58f36a93339a6fbb&domain=nectarly.us,Code,1pmobile.com,https://www.1pmobile.com/,,,2023-02-07,2050-12-30,,"United Kingdom",GB,en,1
40277758,"Free 2GB SIM Data Boost","Free 2GB Data Boost (applied when SIM activated)","Save Big",VA2GB,No,brandreward,,https://www.1pmobile.com/,https://www.1pmobile.com/,https://www.1pmobile.com/,http://www.brandreward.com/img/adv_logo/uk-241167004535.png,https://brandlogos.org/api/get/images/?brand=1pmobile.com&size=[size]&format=[format]&token=cb28956783b7aa4b3d50352e96cf95d69866be12b6259a2d58f36a93339a6fbb&domain=nectarly.us,Code,1pmobile.com,https://www.1pmobile.com/,,"Mobiles and Tablets",2023-02-07,2050-12-30,,"United Kingdom",GB,en,1
40277759,"Free 1GB SIM Data Boost","Free 1GB Data Boost (applied when SIM activated)","Hot Offer",VA1GB,No,brandreward,,https://www.1pmobile.com/,https://www.1pmobile.com/,https://www.1pmobile.com/,http://www.brandreward.com/img/adv_logo/uk-241167004535.png,https://brandlogos.org/api/get/images/?brand=1pmobile.com&size=[size]&format=[format]&token=cb28956783b7aa4b3d50352e96cf95d69866be12b6259a2d58f36a93339a6fbb&domain=nectarly.us,Code,1pmobile.com,https://www.1pmobile.com/,,"Mobiles and Tablets",2023-02-07,2050-12-31,,"United Kingdom",GB,en,1
40277767,"Order Now And Receive UK's Lowest Rate For Calls, Texts, And Data","Order Now And Receive UK's Lowest Rate For Calls, Texts, And Data","Hot Offer",,No,brandreward,,https://www.1pmobile.com/,https://www.1pmobile.com/,https://www.1pmobile.com/,http://www.brandreward.com/img/adv_logo/uk-241167004535.png,https://brandlogos.org/api/get/images/?brand=1pmobile.com&size=[size]&format=[format]&token=cb28956783b7aa4b3d50352e96cf95d69866be12b6259a2d58f36a93339a6fbb&domain=nectarly.us,Deal,1pmobile.com,https://www.1pmobile.com/,,"Mobiles and Tablets",2022-11-29,2050-11-30,,"United Kingdom",GB,en,0
40279509,"Free Ground Shipping on Most Orders Over $49* See Site for Details!",,"Save Big",,No,brandreward,,https://www.1800lighting.com/,https://www.1800lighting.com/,https://www.1800lighting.com/,http://www.brandreward.com/img/adv_logo/us-54389366233.jpeg,https://brandlogos.org/api/get/images/?brand=1800lighting.com&size=[size]&format=[format]&token=c08fd500ce324c098b120fd52511fa50b292217b2a82ee10012603650800f889&domain=nectarly.us,Deal,1800lighting.com,https://www.1800lighting.com/,Health,,2021-11-08,2027-11-07,,"United States of America",US,en,0
40279685,"New Customers Save 15% Off Designer Lighting from Capitol Lighting!",,"save 15%",,No,brandreward,,https://www.1800lighting.com/,https://www.1800lighting.com/,https://www.1800lighting.com/,http://www.brandreward.com/img/adv_logo/us-54389366233.jpeg,https://brandlogos.org/api/get/images/?brand=1800lighting.com&size=[size]&format=[format]&token=c08fd500ce324c098b120fd52511fa50b292217b2a82ee10012603650800f889&domain=nectarly.us,Deal,1800lighting.com,https://www.1800lighting.com/,Health,,2021-07-02,2027-07-14,,"United States of America",US,en,0
40279686,"Save Up To 15% Off Designer Lighting from Capitol Lighting!",,"save 15%",,No,brandreward,,https://www.1800lighting.com/,https://www.1800lighting.com/,https://www.1800lighting.com/,http://www.brandreward.com/img/adv_logo/us-54389366233.jpeg,https://brandlogos.org/api/get/images/?brand=1800lighting.com&size=[size]&format=[format]&token=c08fd500ce324c098b120fd52511fa50b292217b2a82ee10012603650800f889&domain=nectarly.us,Deal,1800lighting.com,https://www.1800lighting.com/,Health,,2021-07-02,2027-07-14,,"United States of America",US,en,0
40341757,"15% off First Time AutoShip with code BRAVECTO15.","15% off First Time AutoShip with code BRAVECTO15. Max savings amount to $50. Covered Products: Bravecto Dog Chew, Bravecto Dog Topical, Bravecto Cat Topical & Bravecto Plus. EXCLUDES: Bravecto 1-Month products.","15% off",BRAVECTO15,No,digidip,,https://www.1800petmeds.com/,https://www.1800petmeds.com/,https://www.1800petmeds.com/,,https://brandlogos.org/api/get/images/?brand=1800petmeds.com&size=[size]&format=[format]&token=b061905397e44b387a5590ab545c592b6c8b028195527fb54c787caae0d5b4fa&domain=nectarly.us,Code,1800petmeds.com,https://www.1800petmeds.com/,,,2026-08-01,2027-01-01,,"United States of America",US,en,1
40344819,"15% off First Time AutoShip with code BRAVECTO15.","15% off First Time AutoShip with code BRAVECTO15. Max savings amount to $50. Covered Products: Bravecto Dog Chew, Bravecto Dog Topical, Bravecto Cat Topical & Bravecto Plus. EXCLUDES: Bravecto 1-Month products.","15% off",BRAVECTO15,No,pepperjam,,https://www.1800petmeds.com/bravecto.html,https://www.1800petmeds.com/bravecto.html,https://www.1800petmeds.com/bravecto.html,,https://brandlogos.org/api/get/images/?brand=1800petmeds.com&size=[size]&format=[format]&token=b061905397e44b387a5590ab545c592b6c8b028195527fb54c787caae0d5b4fa&domain=nectarly.us,Code,1800petmeds.com,https://www.1800petmeds.com/,,,2026-08-01,2027-01-01,,"United States of America",US,en,1
40384367,"15% off First Time AutoShip with code .","15% off First Time AutoShip with code . Max savings amount to $50. Covered Products: Bravecto Dog Chew, Bravecto Dog Topical, Bravecto Cat Topical & Bravecto Plus. EXCLUDES: Bravecto 1-Month products.","15% off",BRAVECTO15,No,brandreward,,https://www.1800petmeds.com/,https://www.1800petmeds.com/,https://www.1800petmeds.com/,http://www.brandreward.com/img/adv_logo/us-15285942110.png,https://brandlogos.org/api/get/images/?brand=1800petmeds.com&size=[size]&format=[format]&token=b061905397e44b387a5590ab545c592b6c8b028195527fb54c787caae0d5b4fa&domain=nectarly.us,Code,1800petmeds.com,https://www.1800petmeds.com/,"Online Services",,2026-08-01,2027-01-01,,"United States of America",US,en,1
40387352,"Professional email powered by Titan with AI built in! Includes free domain! Starting at £1.99*/mo!","Professional email powered by Titan with AI built in! Includs free domain! Starting at £1.99*/mo!","Save Big",,No,cj,,https://click.123-reg.co.uk/affiliate?,https://click.123-reg.co.uk/affiliate?,https://click.123-reg.co.uk/affiliate?,,https://brandlogos.org/api/get/images/?brand=123-reg.co.uk&size=[size]&format=[format]&token=4d6ba2aa18a69429ffc72c0c9330df3b90b1b0b9d15007a3c977c4bbcebbff08&domain=nectarly.us,Deal,123-reg.co.uk,https://www.123-reg.co.uk/,"Domain Registrations",,2026-08-11,2028-01-31,,"United Kingdom",GB,en,0
40397889,"15% off First Time AutoShip with code BRAVECTO15. Max savings amount to $50. Covered Products: Bravecto Dog Chew, Bravecto Dog Topical, Bravecto Cat Topical & Bravecto Plus. EXCLUDES: Bravecto 1-Month products.","15% off First Time AutoShip with code BRAVECTO15.","15% off",BRAVECTO15,No,skimlinks,,https://www.1800petmeds.com/bravecto.html,https://www.1800petmeds.com/bravecto.html,https://www.1800petmeds.com/bravecto.html,https://static.skimlinks.com/images/merchant_logos/advertiser_logo_80189.gif,https://brandlogos.org/api/get/images/?brand=1800petmeds.com&size=[size]&format=[format]&token=b061905397e44b387a5590ab545c592b6c8b028195527fb54c787caae0d5b4fa&domain=nectarly.us,Code,1800petmeds.com,https://www.1800petmeds.com/,,,2026-08-01,2027-01-01,,"United States of America",US,en,1
40451278,"Avec ce code promo profitez d'une remise de 2% pour l'achat d'un Boitier PC et d'une Alimentation.","La remise se fera uniquement sur ces 2 produits. 
Non cumulable avec une autre offre en cours. 2% de remise pour l'achat d'un Boitier PC + une Alimentation","2% réduction",BUNCASEPSU,No,skimlinks,,https://www.1fodiscount.com/,https://www.1fodiscount.com/,https://www.1fodiscount.com/,https://static.skimlinks.com/images/merchant_logos/advertiser_logo_138575.gif,https://brandlogos.org/api/get/images/?brand=1fodiscount.com&size=[size]&format=[format]&token=6a9bd107097fad984a45e1dba186fe18d2d25a6c9c34c9b089e1a716b139af87&domain=nectarly.us,Code,1fodiscount.com,https://www.1fodiscount.com/,,,2026-08-13,2027-12-31,,"multi country",,fr,1
40483430,"123.live | Zum Newsletter anmelden und bis zu 20€ Gutschein erhalten.","Für Deine Newsletter-Anmeldung und die Bestätigung Deiner E-Mail-Adresse erhältst Du als Bestandskunde einmalig einen Einkaufsgutschein über 10 €, der bei einem Mindestbestellwert von 50 € nach Eingabe des Gutscheincodes eingelöst werden kann. Als Neukunde erhältst Du nach erfolgreicher Bestätigung Deiner E-Mail-Adresse einmalig einen 20 € Vorteil, der bei Deiner ersten Bestellung ab einem Mindestbestellwert von 70 € automatisch und ohne Code verrechnet wird.",Mega-Rabatt,,No,awin,,https://www.123.live/newsletter,https://www.123.live/newsletter,https://www.123.live/newsletter,,https://brandlogos.org/api/get/images/?brand=1-2-3.tv&size=[size]&format=[format]&token=ea31716127f2be60bbed90875070af19d52f8c4976aba297ad40a25113c0c956&domain=nectarly.us,Deal,1-2-3.tv,https://www.1-2-3.tv/,,,2025-02-07,2027-02-09,,Germany,DE,de,0
40555852,"50% Off FTAS on Vet Fresh (3 skus) with code FRESH50","50% Off FTAS on Vet Fresh (3 skus) with code FRESH50","50% off",FRESH50,No,pepperjam,,https://www.1800petmeds.com/category/new-arrivals-cat851?prefn1=brand,https://www.1800petmeds.com/category/new-arrivals-cat851?prefn1=brand,https://www.1800petmeds.com/category/new-arrivals-cat851?prefn1=brand,,https://brandlogos.org/api/get/images/?brand=1800petmeds.com&size=[size]&format=[format]&token=b061905397e44b387a5590ab545c592b6c8b028195527fb54c787caae0d5b4fa&domain=nectarly.us,Code,1800petmeds.com,https://www.1800petmeds.com/,,"Pet Supplies",2026-08-12,2027-01-01,,"United States of America",US,en,1
40555853,"15% off First Time AutoShip on Sentinel Spectrum + Sentinel Flavor tabs with code AUTO15. Limit one per customer transaction. Max savings amount to $50.","15% off First Time AutoShip on Sentinel Spectrum + Sentinel Flavor tabs with code AUTO15. Limit one per customer transaction. Max savings amount to $50.","15% off",AUTO15,No,pepperjam,,https://www.1800petmeds.com/category/merck-cat756,https://www.1800petmeds.com/category/merck-cat756,https://www.1800petmeds.com/category/merck-cat756,,https://brandlogos.org/api/get/images/?brand=1800petmeds.com&size=[size]&format=[format]&token=b061905397e44b387a5590ab545c592b6c8b028195527fb54c787caae0d5b4fa&domain=nectarly.us,Code,1800petmeds.com,https://www.1800petmeds.com/,,"Pet Supplies",2026-08-11,2027-01-01,,"United States of America",US,en,1
40556028,"15% off First Time AutoShip on Sentinel Spectrum + Sentinel Flavor tabs with code AUTO15. Limit one per customer transaction. Max savings amount to $50.","15% off First Time AutoShip on Sentinel Spectrum + Sentinel Flavor tabs with code AUTO15. Limit one per customer transaction. Max savings amount to $50.","15% off",AUTO15,No,digidip,,https://www.1800petmeds.com/,https://www.1800petmeds.com/,https://www.1800petmeds.com/,,https://brandlogos.org/api/get/images/?brand=1800petmeds.com&size=[size]&format=[format]&token=b061905397e44b387a5590ab545c592b6c8b028195527fb54c787caae0d5b4fa&domain=nectarly.us,Code,1800petmeds.com,https://www.1800petmeds.com/,,"Pet Supplies",2026-08-11,2027-01-01,,"United States of America",US,en,1
40556029,"50% Off FTAS on Vet Fresh (3 skus) with code FRESH50","50% Off FTAS on Vet Fresh (3 skus) with code FRESH50","50% off",FRESH50,No,digidip,,https://www.1800petmeds.com/,https://www.1800petmeds.com/,https://www.1800petmeds.com/,,https://brandlogos.org/api/get/images/?brand=1800petmeds.com&size=[size]&format=[format]&token=b061905397e44b387a5590ab545c592b6c8b028195527fb54c787caae0d5b4fa&domain=nectarly.us,Code,1800petmeds.com,https://www.1800petmeds.com/,,"Pet Supplies",2026-08-12,2027-01-01,,"United States of America",US,en,1
40562730,"Ink & Toner Sale (15%) 2","15% Off Compatible Printer Cartridges with code DEAL15. Offer ends 9/25/2026","15% off",DEAL15,No,flexoffers,,https://www.123inkjets.com/deals/ink-toner-offer,https://www.123inkjets.com/deals/ink-toner-offer,https://www.123inkjets.com/deals/ink-toner-offer,,https://brandlogos.org/api/get/images/?brand=123inkjets.com&size=[size]&format=[format]&token=12d0c01152660957d1a4ca166a5f8b4e15c294400d4d085e1d268da6c64c53f5&domain=nectarly.us,Code,123inkjets.com,https://www.123inkjets.com/,"Office Supplies","Office Supplies",2026-09-21,2026-09-26,,"United States of America",US,en,1
40592224,"Flea, Tick & Heartworm prevention up to 40% off top brands.","Flea, Tick & Heartworm prevention up to 40% off top brands.","40% off",,No,flexoffers,,https://www.1800petmeds.com/flea--ti-ck-cat10.html,https://www.1800petmeds.com/flea--ti-ck-cat10.html,https://www.1800petmeds.com/flea--ti-ck-cat10.html,,https://brandlogos.org/api/get/images/?brand=1800petmeds.com&size=[size]&format=[format]&token=b061905397e44b387a5590ab545c592b6c8b028195527fb54c787caae0d5b4fa&domain=nectarly.us,Deal,1800petmeds.com,https://www.1800petmeds.com/,"Pets and Animal Services","Pet Supplies",2025-10-07,,,"United States of America",US,en,1
40605917,"123inkjets logo_125x125",,"Great Value",,No,flexoffers,,https://www.123inkjets.com/deals/ink-toner-offer,https://www.123inkjets.com/deals/ink-toner-offer,https://www.123inkjets.com/deals/ink-toner-offer,http://a.impactradius-go.com/display-ad/26162-2089197,https://brandlogos.org/api/get/images/?brand=123inkjets.com&size=[size]&format=[format]&token=12d0c01152660957d1a4ca166a5f8b4e15c294400d4d085e1d268da6c64c53f5&domain=nectarly.us,Deal,123inkjets.com,https://www.123inkjets.com/,"Office Supplies",,2024-07-09,,,"United States of America",US,en,0
40666177,"Q3 Exclusive Offer","20% Off Compatible Ink & Toner with code FOLLOW123INK20. Free Shipping on orders $55 or more. Offer ends 9/30/2026","20% off",FOLLOW123INK20,No,flexoffers,,https://www.123inkjets.com/deals/ink-toner-offer,https://www.123inkjets.com/deals/ink-toner-offer,https://www.123inkjets.com/deals/ink-toner-offer,,https://brandlogos.org/api/get/images/?brand=123inkjets.com&size=[size]&format=[format]&token=12d0c01152660957d1a4ca166a5f8b4e15c294400d4d085e1d268da6c64c53f5&domain=nectarly.us,Code,123inkjets.com,https://www.123inkjets.com/,"Office Supplies","Office Supplies",2026-07-14,2026-10-01,,"United States of America",US,en,1
40669884,"50% Off FTAS on Vet Fresh (3 skus) with code FRESH50","50% Off FTAS on Vet Fresh (3 skus) with code FRESH50","50% off",FRESH50,No,flexoffers,,https://www.1800petmeds.com/category/new-arrivals-cat851?prefn1=brand,https://www.1800petmeds.com/category/new-arrivals-cat851?prefn1=brand,https://www.1800petmeds.com/category/new-arrivals-cat851?prefn1=brand,,https://brandlogos.org/api/get/images/?brand=1800petmeds.com&size=[size]&format=[format]&token=b061905397e44b387a5590ab545c592b6c8b028195527fb54c787caae0d5b4fa&domain=nectarly.us,Code,1800petmeds.com,https://www.1800petmeds.com/,"Pets and Animal Services","Medical Supplies",2026-08-12,2027-01-01,,"United States of America",US,en,1
40670583,"PetMeds - Evergreen Banner - 03","PetMeds - Evergreen Banner - 03","Hot Offer",,No,flexoffers,,https://www.1800petmeds.com/,https://www.1800petmeds.com/,https://www.1800petmeds.com/,http://www.pjatr.com/b/4-470033-47736-219166,https://brandlogos.org/api/get/images/?brand=1800petmeds.com&size=[size]&format=[format]&token=b061905397e44b387a5590ab545c592b6c8b028195527fb54c787caae0d5b4fa&domain=nectarly.us,Deal,1800petmeds.com,https://www.1800petmeds.com/,"Pets and Animal Services","Pet Supplies",2022-02-02,,,"United States of America",US,en,1
40670584,"PetMeds - Evergreen Banner - 06","PetMeds - Evergreen Banner - 06","Save Big",,No,flexoffers,,https://www.1800petmeds.com/,https://www.1800petmeds.com/,https://www.1800petmeds.com/,http://www.pjtra.com/b/4-470036-47736-219166,https://brandlogos.org/api/get/images/?brand=1800petmeds.com&size=[size]&format=[format]&token=b061905397e44b387a5590ab545c592b6c8b028195527fb54c787caae0d5b4fa&domain=nectarly.us,Deal,1800petmeds.com,https://www.1800petmeds.com/,"Pets and Animal Services","Pet Supplies",2022-02-02,,,"United States of America",US,en,1
40670585,"PetMeds - Evergreen Banner - 07","PetMeds - Evergreen Banner - 07","Great Value",,No,flexoffers,,https://www.1800petmeds.com/,https://www.1800petmeds.com/,https://www.1800petmeds.com/,http://www.pjtra.com/b/4-491377-47736-219166,https://brandlogos.org/api/get/images/?brand=1800petmeds.com&size=[size]&format=[format]&token=b061905397e44b387a5590ab545c592b6c8b028195527fb54c787caae0d5b4fa&domain=nectarly.us,Deal,1800petmeds.com,https://www.1800petmeds.com/,"Pets and Animal Services","Pet Supplies",2022-12-09,,,"United States of America",US,en,1
40670586,"Treats for every dog - from grass-fed to grain free. Plus free shipping over $49.","Treats for every dog  from grass-fed to grain free. Plus free shipping over $49.","Best Offer",,No,flexoffers,,https://www.1800petmeds.com/category/dog/treats-c00006,https://www.1800petmeds.com/category/dog/treats-c00006,https://www.1800petmeds.com/category/dog/treats-c00006,,https://brandlogos.org/api/get/images/?brand=1800petmeds.com&size=[size]&format=[format]&token=b061905397e44b387a5590ab545c592b6c8b028195527fb54c787caae0d5b4fa&domain=nectarly.us,Deal,1800petmeds.com,https://www.1800petmeds.com/,"Pets and Animal Services","Pet Supplies",2025-10-07,,,"United States of America",US,en,1
40670587,"Premium Cat Food at up to 40% off.","Premium Cat Food at up to 40% off.","40% off",,No,flexoffers,,https://www.1800petmeds.com/category/dog/food-c00005,https://www.1800petmeds.com/category/dog/food-c00005,https://www.1800petmeds.com/category/dog/food-c00005,,https://brandlogos.org/api/get/images/?brand=1800petmeds.com&size=[size]&format=[format]&token=b061905397e44b387a5590ab545c592b6c8b028195527fb54c787caae0d5b4fa&domain=nectarly.us,Deal,1800petmeds.com,https://www.1800petmeds.com/,"Pets and Animal Services","Pet Supplies",2025-10-07,,,"United States of America",US,en,1
40670588,"35% off Sitewide, Autoship Required, Save up to $20, Exclusions Apply, Not Stackable, 1 use per customer","35% off Sitewide with code FETCH35, Autoship Required, Save up to $20, Exclusions Apply, Not Stackable, 1 use per customer.","35% off",FETCH35,No,flexoffers,,https://www.1800petmeds.com/,https://www.1800petmeds.com/,https://www.1800petmeds.com/,,https://brandlogos.org/api/get/images/?brand=1800petmeds.com&size=[size]&format=[format]&token=b061905397e44b387a5590ab545c592b6c8b028195527fb54c787caae0d5b4fa&domain=nectarly.us,Code,1800petmeds.com,https://www.1800petmeds.com/,"Pets and Animal Services","Pet Supplies",2025-12-29,2027-01-01,,"United States of America",US,en,1
40670589,"20% Off Sitewide for New Customers","20% Off Sitewide for New Customers -- New Customer Only. Max Savings of $30. Terms and Exclusions Apply. 1 use per customer. Expires 12/31/25. AutoShip Not Required,","20% off",NC20,No,flexoffers,,https://www.1800petmeds.com/,https://www.1800petmeds.com/,https://www.1800petmeds.com/,,https://brandlogos.org/api/get/images/?brand=1800petmeds.com&size=[size]&format=[format]&token=b061905397e44b387a5590ab545c592b6c8b028195527fb54c787caae0d5b4fa&domain=nectarly.us,Code,1800petmeds.com,https://www.1800petmeds.com/,"Pets and Animal Services","Pet Supplies",2026-02-13,2027-01-01,,"United States of America",US,en,1
40670591,"Logo 300x100","Logo 300x100","Super Offer",,No,flexoffers,,https://www.1800petmeds.com/,https://www.1800petmeds.com/,https://www.1800petmeds.com/,http://www.pntra.com/b/4-438849-47736-219166,https://brandlogos.org/api/get/images/?brand=1800petmeds.com&size=[size]&format=[format]&token=b061905397e44b387a5590ab545c592b6c8b028195527fb54c787caae0d5b4fa&domain=nectarly.us,Deal,1800petmeds.com,https://www.1800petmeds.com/,"Pets and Animal Services","Pet Supplies",2020-12-11,,,"United States of America",US,en,1
40670592,"Vitamins and supplements for puppies, adults, and seniors at everyday savings!","Vitamins and supplements for puppies, adults, and seniors at everyday savings!","Great Value",,No,flexoffers,,https://www.1800petmeds.com/category/dog/health-and-wellness/vitamins-and-supplements-c00070,https://www.1800petmeds.com/category/dog/health-and-wellness/vitamins-and-supplements-c00070,https://www.1800petmeds.com/category/dog/health-and-wellness/vitamins-and-supplements-c00070,,https://brandlogos.org/api/get/images/?brand=1800petmeds.com&size=[size]&format=[format]&token=b061905397e44b387a5590ab545c592b6c8b028195527fb54c787caae0d5b4fa&domain=nectarly.us,Deal,1800petmeds.com,https://www.1800petmeds.com/,"Pets and Animal Services","Pet Supplies",2025-10-07,,,"United States of America",US,en,1
40670593,"Apoquel Chewable at 5% off recurring orders.  Treat allergic itching in dogs within 24 hours.","Apoquel Chewable at 5% off recurring orders.  Treat allergic itching in dogs within 24 hours.","5% off",,No,flexoffers,,https://www.1800petmeds.com/dog/rx-medication/product/apoquel-chewable-oclacitinib-tablets/13392.html,https://www.1800petmeds.com/dog/rx-medication/product/apoquel-chewable-oclacitinib-tablets/13392.html,https://www.1800petmeds.com/dog/rx-medication/product/apoquel-chewable-oclacitinib-tablets/13392.html,,https://brandlogos.org/api/get/images/?brand=1800petmeds.com&size=[size]&format=[format]&token=b061905397e44b387a5590ab545c592b6c8b028195527fb54c787caae0d5b4fa&domain=nectarly.us,Deal,1800petmeds.com,https://www.1800petmeds.com/,"Pets and Animal Services","Pet Supplies",2025-10-07,,,"United States of America",US,en,1
40670594,"Heartgard PLUS at up to 40% savings.","Heartgard PLUS at up to 40% savings.","Best Offer",,No,flexoffers,,https://www.1800petmeds.com/dog/flea-tick-parasite/product/heartgard-plus-heartworm-hookworm-roundworm-prevention/10002.html,https://www.1800petmeds.com/dog/flea-tick-parasite/product/heartgard-plus-heartworm-hookworm-roundworm-prevention/10002.html,https://www.1800petmeds.com/dog/flea-tick-parasite/product/heartgard-plus-heartworm-hookworm-roundworm-prevention/10002.html,,https://brandlogos.org/api/get/images/?brand=1800petmeds.com&size=[size]&format=[format]&token=b061905397e44b387a5590ab545c592b6c8b028195527fb54c787caae0d5b4fa&domain=nectarly.us,Deal,1800petmeds.com,https://www.1800petmeds.com/,"Pets and Animal Services","Pet Supplies",2025-10-07,,,"United States of America",US,en,1
40670595,"20% Off Sitewide for New Customers, Use code NC20 at PetMeds.com","20% Off Sitewide for New Customers with code NC20-- New Customer Only. Max Savings of $30. Terms and Exclusions Apply. 1 use per customer. Expires 12/31/25. AutoShip Not Required,","20% off",NC20,No,flexoffers,,https://www.1800petmeds.com/,https://www.1800petmeds.com/,https://www.1800petmeds.com/,,https://brandlogos.org/api/get/images/?brand=1800petmeds.com&size=[size]&format=[format]&token=b061905397e44b387a5590ab545c592b6c8b028195527fb54c787caae0d5b4fa&domain=nectarly.us,Code,1800petmeds.com,https://www.1800petmeds.com/,"Pets and Animal Services","Pet Supplies",2026-02-02,2027-01-01,,"United States of America",US,en,1
40670597,"15% off First Time AutoShip on Sentinel Spectrum + Sentinel Flavor tabs with code AUTO15. Limit one per customer transaction. Max savings amount to $50.","15% off First Time AutoShip on Sentinel Spectrum + Sentinel Flavor tabs with code AUTO15. Limit one per customer transaction. Max savings amount to $50.","15% off",AUTO15,No,flexoffers,,https://www.1800petmeds.com/category/merck-cat756,https://www.1800petmeds.com/category/merck-cat756,https://www.1800petmeds.com/category/merck-cat756,,https://brandlogos.org/api/get/images/?brand=1800petmeds.com&size=[size]&format=[format]&token=b061905397e44b387a5590ab545c592b6c8b028195527fb54c787caae0d5b4fa&domain=nectarly.us,Code,1800petmeds.com,https://www.1800petmeds.com/,"Pets and Animal Services","Pet Supplies",2026-08-11,2027-01-01,,"United States of America",US,en,1
40670598,"Logo 200x200","Logo 200x200","Super Offer",,No,flexoffers,,https://www.1800petmeds.com/,https://www.1800petmeds.com/,https://www.1800petmeds.com/,http://www.pntrs.com/b/4-438846-47736-219166,https://brandlogos.org/api/get/images/?brand=1800petmeds.com&size=[size]&format=[format]&token=b061905397e44b387a5590ab545c592b6c8b028195527fb54c787caae0d5b4fa&domain=nectarly.us,Deal,1800petmeds.com,https://www.1800petmeds.com/,"Pets and Animal Services","Pet Supplies",2020-12-11,,,"United States of America",US,en,1
40670599,"Exclusive New Customer Offer: Get 20% Off Up to $30 Sitewide at PetMeds with code: NTF","Exclusive New Customer Offer: Get 20% Off Up to $30 Sitewide at PetMeds with code: NTF -- Autoship NOT required, New customers only, Exclusions Apply","20% off",,No,flexoffers,,https://www.1800petmeds.com/,https://www.1800petmeds.com/,https://www.1800petmeds.com/,,https://brandlogos.org/api/get/images/?brand=1800petmeds.com&size=[size]&format=[format]&token=b061905397e44b387a5590ab545c592b6c8b028195527fb54c787caae0d5b4fa&domain=nectarly.us,Deal,1800petmeds.com,https://www.1800petmeds.com/,"Pets and Animal Services","Pet Supplies",2025-01-15,,,"United States of America",US,en,1
40670600,"Save 35% off with Autoship at PetMeds with code: FOOD35","Save 35% off with Autoship at PetMeds with code: FOOD35 - evergreen offer - excluding Merck products","save 35%",,No,flexoffers,,https://www.1800petmeds.com/,https://www.1800petmeds.com/,https://www.1800petmeds.com/,,https://brandlogos.org/api/get/images/?brand=1800petmeds.com&size=[size]&format=[format]&token=b061905397e44b387a5590ab545c592b6c8b028195527fb54c787caae0d5b4fa&domain=nectarly.us,Deal,1800petmeds.com,https://www.1800petmeds.com/,"Pets and Animal Services","Pet Supplies",2024-04-04,,,"United States of America",US,en,1
40670604,"35% off Sitewide with code FETCH35 at PetMeds.com with autoship","35% off Sitewide with code FETCH35, Autoship Required, Save up to $20, Exclusions Apply, Not Stackable, 1 use per customer.","35% off",FETCH35,No,flexoffers,,https://www.1800petmeds.com/,https://www.1800petmeds.com/,https://www.1800petmeds.com/,,https://brandlogos.org/api/get/images/?brand=1800petmeds.com&size=[size]&format=[format]&token=b061905397e44b387a5590ab545c592b6c8b028195527fb54c787caae0d5b4fa&domain=nectarly.us,Code,1800petmeds.com,https://www.1800petmeds.com/,"Pets and Animal Services","Pet Supplies",2025-11-29,2027-01-01,,"United States of America",US,en,1
40670606,"Logo 250x250","Logo 250x250","Best Offer",,No,flexoffers,,https://www.1800petmeds.com/,https://www.1800petmeds.com/,https://www.1800petmeds.com/,http://www.gopjn.com/b/4-438848-47736-219166,https://brandlogos.org/api/get/images/?brand=1800petmeds.com&size=[size]&format=[format]&token=b061905397e44b387a5590ab545c592b6c8b028195527fb54c787caae0d5b4fa&domain=nectarly.us,Deal,1800petmeds.com,https://www.1800petmeds.com/,"Pets and Animal Services","Pet Supplies",2020-12-11,,,"United States of America",US,en,1
40670607,"Logo 320x50","Logo 320x50","Great Value",,No,flexoffers,,https://www.1800petmeds.com/,https://www.1800petmeds.com/,https://www.1800petmeds.com/,http://www.pjtra.com/b/4-438851-47736-219166,https://brandlogos.org/api/get/images/?brand=1800petmeds.com&size=[size]&format=[format]&token=b061905397e44b387a5590ab545c592b6c8b028195527fb54c787caae0d5b4fa&domain=nectarly.us,Deal,1800petmeds.com,https://www.1800petmeds.com/,"Pets and Animal Services","Pet Supplies",2020-12-11,,,"United States of America",US,en,1
40670608,"Logo 468x120","Logo 468x120","Super Offer",,No,flexoffers,,https://www.1800petmeds.com/,https://www.1800petmeds.com/,https://www.1800petmeds.com/,http://www.pntrac.com/b/4-438854-47736-219166,https://brandlogos.org/api/get/images/?brand=1800petmeds.com&size=[size]&format=[format]&token=b061905397e44b387a5590ab545c592b6c8b028195527fb54c787caae0d5b4fa&domain=nectarly.us,Deal,1800petmeds.com,https://www.1800petmeds.com/,"Pets and Animal Services","Pet Supplies",2020-12-11,,,"United States of America",US,en,1
40670609,"35% off with First Autoship Order at PetMeds with code: SAVE35","35% off with First Autoship Order at PetMeds with code: SAVE35 -- Save up to $20, Exclusions Apply, Stackable","35% off",,No,flexoffers,,https://www.1800petmeds.com/,https://www.1800petmeds.com/,https://www.1800petmeds.com/,,https://brandlogos.org/api/get/images/?brand=1800petmeds.com&size=[size]&format=[format]&token=b061905397e44b387a5590ab545c592b6c8b028195527fb54c787caae0d5b4fa&domain=nectarly.us,Deal,1800petmeds.com,https://www.1800petmeds.com/,"Pets and Animal Services","Pet Supplies",2023-09-21,,,"United States of America",US,en,1
40670611,"20% Off Sitewide with code WELCOME20, Save up to $30, Autoship NOT required. Unlimited uses","20% Off Sitewide with code WELCOME20, Save up to $30, Autoship NOT required. Unlimited uses","20% off",WELCOME20,No,flexoffers,,https://www.1800petmeds.com/,https://www.1800petmeds.com/,https://www.1800petmeds.com/,,https://brandlogos.org/api/get/images/?brand=1800petmeds.com&size=[size]&format=[format]&token=b061905397e44b387a5590ab545c592b6c8b028195527fb54c787caae0d5b4fa&domain=nectarly.us,Code,1800petmeds.com,https://www.1800petmeds.com/,"Pets and Animal Services","Pet Supplies",2025-04-29,2027-01-01,,"United States of America",US,en,1
40670612,"Simparica Trio at up to 40% savings.","Simparica Trio at up to 40% savings.","Best Offer",,No,flexoffers,,https://www.1800petmeds.com/dog/flea-tick-parasite/product/simparica-trio-triple-protection-chewable-tablets/13400.html,https://www.1800petmeds.com/dog/flea-tick-parasite/product/simparica-trio-triple-protection-chewable-tablets/13400.html,https://www.1800petmeds.com/dog/flea-tick-parasite/product/simparica-trio-triple-protection-chewable-tablets/13400.html,,https://brandlogos.org/api/get/images/?brand=1800petmeds.com&size=[size]&format=[format]&token=b061905397e44b387a5590ab545c592b6c8b028195527fb54c787caae0d5b4fa&domain=nectarly.us,Deal,1800petmeds.com,https://www.1800petmeds.com/,"Pets and Animal Services","Pet Supplies",2025-10-07,,,"United States of America",US,en,1
40670613,"Revolution Plus for Cats at up to 40% savings.","Revolution Plus for Cats at up to 40% savings.","Best Offer",,No,flexoffers,,https://www.1800petmeds.com/cat/flea-tick-parasite/product/revolution-plus-flea-tick-heartworm-broad-spectrum/12075.html,https://www.1800petmeds.com/cat/flea-tick-parasite/product/revolution-plus-flea-tick-heartworm-broad-spectrum/12075.html,https://www.1800petmeds.com/cat/flea-tick-parasite/product/revolution-plus-flea-tick-heartworm-broad-spectrum/12075.html,,https://brandlogos.org/api/get/images/?brand=1800petmeds.com&size=[size]&format=[format]&token=b061905397e44b387a5590ab545c592b6c8b028195527fb54c787caae0d5b4fa&domain=nectarly.us,Deal,1800petmeds.com,https://www.1800petmeds.com/,"Pets and Animal Services","Pet Supplies",2025-10-07,,,"United States of America",US,en,1
40734899,"123inkjets logo_300x250",,"Hot Offer",,No,flexoffers,,https://www.123inkjets.com/deals/ink-toner-offer,https://www.123inkjets.com/deals/ink-toner-offer,https://www.123inkjets.com/deals/ink-toner-offer,http://a.impactradius-go.com/display-ad/26162-2089194,https://brandlogos.org/api/get/images/?brand=123inkjets.com&size=[size]&format=[format]&token=12d0c01152660957d1a4ca166a5f8b4e15c294400d4d085e1d268da6c64c53f5&domain=nectarly.us,Deal,123inkjets.com,https://www.123inkjets.com/,"Office Supplies",,2024-07-09,,,"United States of America",US,en,0
40745934,"123inkjets logo_300x300",,"Super Offer",,No,flexoffers,,https://www.123inkjets.com/deals/ink-toner-offer,https://www.123inkjets.com/deals/ink-toner-offer,https://www.123inkjets.com/deals/ink-toner-offer,http://a.impactradius-go.com/display-ad/26162-2089196,https://brandlogos.org/api/get/images/?brand=123inkjets.com&size=[size]&format=[format]&token=12d0c01152660957d1a4ca166a5f8b4e15c294400d4d085e1d268da6c64c53f5&domain=nectarly.us,Deal,123inkjets.com,https://www.123inkjets.com/,"Office Supplies",,2024-07-09,,,"United States of America",US,en,0
40750328,"15% off First Time AutoShip with code BRAVECTO15.","15% off First Time AutoShip with code BRAVECTO15. Max savings amount to $50. Covered Products: Bravecto Dog Chew, Bravecto Dog Topical, Bravecto Cat Topical & Bravecto Plus. EXCLUDES: Bravecto 1-Month products.","15% off",BRAVECTO15,No,flexoffers,,https://www.1800petmeds.com/bravecto.html,https://www.1800petmeds.com/bravecto.html,https://www.1800petmeds.com/bravecto.html,,https://brandlogos.org/api/get/images/?brand=1800petmeds.com&size=[size]&format=[format]&token=b061905397e44b387a5590ab545c592b6c8b028195527fb54c787caae0d5b4fa&domain=nectarly.us,Code,1800petmeds.com,https://www.1800petmeds.com/,"Pets and Animal Services",,2026-08-01,2027-01-01,,"United States of America",US,en,1
40772044,"Logo 300x250","Logo 300x250","Great Value",,No,flexoffers,,https://www.1800petmeds.com/,https://www.1800petmeds.com/,https://www.1800petmeds.com/,http://www.gopjn.com/b/4-438850-47736-219166,https://brandlogos.org/api/get/images/?brand=1800petmeds.com&size=[size]&format=[format]&token=b061905397e44b387a5590ab545c592b6c8b028195527fb54c787caae0d5b4fa&domain=nectarly.us,Deal,1800petmeds.com,https://www.1800petmeds.com/,"Pets and Animal Services","Pet Supplies",2020-12-11,,,"United States of America",US,en,1
40773533,"Exclusive CouponFollow Q3 2026","123inkjets 20% Off Compatible Ink & Toner with code FOLLOW123INK20. Offer ends 09/30/2026.","20% off",FOLLOW123INK20,No,flexoffers,,https://www.123inkjets.com/deals/ink-toner-offer,https://www.123inkjets.com/deals/ink-toner-offer,https://www.123inkjets.com/deals/ink-toner-offer,,https://brandlogos.org/api/get/images/?brand=123inkjets.com&size=[size]&format=[format]&token=12d0c01152660957d1a4ca166a5f8b4e15c294400d4d085e1d268da6c64c53f5&domain=nectarly.us,Code,123inkjets.com,https://www.123inkjets.com/,"Office Supplies","Office Supplies",2026-07-02,2026-10-01,,"United States of America",US,en,1
40776183,"National Ink & Toner Day (18%)","18% Off Compatible Printer Cartridges + 5% Off OEM with code INK18. Offer ends 9/17/2026","18% off",INK18,No,flexoffers,,https://www.123inkjets.com/deals/ink-toner-offer,https://www.123inkjets.com/deals/ink-toner-offer,https://www.123inkjets.com/deals/ink-toner-offer,,https://brandlogos.org/api/get/images/?brand=123inkjets.com&size=[size]&format=[format]&token=12d0c01152660957d1a4ca166a5f8b4e15c294400d4d085e1d268da6c64c53f5&domain=nectarly.us,Code,123inkjets.com,https://www.123inkjets.com/,"Office Supplies","Office Supplies",2026-09-11,2026-09-18,,"United States of America",US,en,1
40799206,"4th of July (18%)","18% Off Compatible Printer Cartridges with code STARS18. Offer ends 7/8/2026","18% off",STARS18,No,flexoffers,,https://www.123inkjets.com/deals/ink-toner-offer,https://www.123inkjets.com/deals/ink-toner-offer,https://www.123inkjets.com/deals/ink-toner-offer,,https://brandlogos.org/api/get/images/?brand=123inkjets.com&size=[size]&format=[format]&token=12d0c01152660957d1a4ca166a5f8b4e15c294400d4d085e1d268da6c64c53f5&domain=nectarly.us,Code,123inkjets.com,https://www.123inkjets.com/,"Office Supplies","Office Supplies",2026-07-01,2027-07-09,,"United States of America",US,en,1
40813229,"Save $5-$20 Off Sitewide at PetMeds with code: PETS","Save $5-$20 Off Sitewide at PetMeds with code: PETS -- AutoShip not required -- Tiered Promo: $5 off orders of $0-$120, $10 off orders $120-$170, $15 off orders $170-$220, $20 off orders $220+","save $5",,No,flexoffers,,https://www.1800petmeds.com/,https://www.1800petmeds.com/,https://www.1800petmeds.com/,,https://brandlogos.org/api/get/images/?brand=1800petmeds.com&size=[size]&format=[format]&token=b061905397e44b387a5590ab545c592b6c8b028195527fb54c787caae0d5b4fa&domain=nectarly.us,Deal,1800petmeds.com,https://www.1800petmeds.com/,"Pets and Animal Services","Pet Supplies",2023-10-09,,,"United States of America",US,en,1
40813230,"Nexgard chewable at up to 40% savings.","Nexgard chewable at up to 40% savings.","Great Value",,No,flexoffers,,https://www.1800petmeds.com/dog/flea-tick-parasite/product/nexgard-flea-tick-prevention-chewable-tablets/10372.html,https://www.1800petmeds.com/dog/flea-tick-parasite/product/nexgard-flea-tick-prevention-chewable-tablets/10372.html,https://www.1800petmeds.com/dog/flea-tick-parasite/product/nexgard-flea-tick-prevention-chewable-tablets/10372.html,,https://brandlogos.org/api/get/images/?brand=1800petmeds.com&size=[size]&format=[format]&token=b061905397e44b387a5590ab545c592b6c8b028195527fb54c787caae0d5b4fa&domain=nectarly.us,Deal,1800petmeds.com,https://www.1800petmeds.com/,"Pets and Animal Services",,2025-10-07,,,"United States of America",US,en,1
40835254,"15% off First Time AutoShip on Sentinel Spectrum + Sentinel Flavor tabs with code . Limit one per customer transaction. Max savings amount to $50.","15% off First Time AutoShip on Sentinel Spectrum + Sentinel Flavor tabs with code . Limit one per customer transaction. Max savings amount to $50.","15% off",AUTO15,No,brandreward,,https://www.1800petmeds.com/,https://www.1800petmeds.com/,https://www.1800petmeds.com/,http://www.brandreward.com/img/adv_logo/us-15285942110.png,https://brandlogos.org/api/get/images/?brand=1800petmeds.com&size=[size]&format=[format]&token=b061905397e44b387a5590ab545c592b6c8b028195527fb54c787caae0d5b4fa&domain=nectarly.us,Code,1800petmeds.com,https://www.1800petmeds.com/,"Online Services","Pet Supplies",2026-08-11,2027-01-01,,"United States of America",US,en,1
40835255,"50% Off FTAS on Vet Fresh (3 skus) with code","50% Off FTAS on Vet Fresh (3 skus) with code","50% off",FRESH50,No,brandreward,,https://www.1800petmeds.com/,https://www.1800petmeds.com/,https://www.1800petmeds.com/,http://www.brandreward.com/img/adv_logo/us-15285942110.png,https://brandlogos.org/api/get/images/?brand=1800petmeds.com&size=[size]&format=[format]&token=b061905397e44b387a5590ab545c592b6c8b028195527fb54c787caae0d5b4fa&domain=nectarly.us,Code,1800petmeds.com,https://www.1800petmeds.com/,"Online Services","Pet Supplies",2026-08-12,2027-01-01,,"United States of America",US,en,1
40841140,"2% de remise pour l'achat d'un Boitier PC + une Alimentation","Avec ce code promo profitez d'une remise de 2% pour l'achat d'un Boitier PC et d'une Alimentation.","2% réduction",BUNCASEPSU,No,brandreward,,https://www.1fodiscount.com/,https://www.1fodiscount.com/,https://www.1fodiscount.com/,,https://brandlogos.org/api/get/images/?brand=1fodiscount.com&size=[size]&format=[format]&token=6a9bd107097fad984a45e1dba186fe18d2d25a6c9c34c9b089e1a716b139af87&domain=nectarly.us,Code,1fodiscount.com,https://www.1fodiscount.com/,,"Computer Accessories",2026-08-13,2027-12-30,,"multi country",,fr,1
40842361,"123.live | Zum Newsletter anmelden und bis zu 20€ Gutschein erhalten.","Für Deine Newsletter-Anmeldung und die Bestätigung Deiner E-Mail-Adresse erhältst Du als Bestandskunde einmalig einen Einkaufsgutschein über 10 €, der bei einem Mindestbestellwert von 50 € nach Eingabe des Gutscheincodes eingelöst werden kann. Als Neukunde erhältst Du nach erfolgreicher Bestätigung Deiner E-Mail-Adresse einmalig einen 20 € Vorteil, der bei Deiner ersten Bestellung ab einem Mindestbestellwert von 70 € automatisch und ohne Code  wird.",Super-Angebot,verrechnet,No,brandreward,,https://www.1-2-3.tv/,https://www.1-2-3.tv/,https://www.1-2-3.tv/,http://www.brandreward.com/img/adv_logo/de-38324048309.png,https://brandlogos.org/api/get/images/?brand=1-2-3.tv&size=[size]&format=[format]&token=ea31716127f2be60bbed90875070af19d52f8c4976aba297ad40a25113c0c956&domain=nectarly.us,Code,1-2-3.tv,https://www.1-2-3.tv/,"Education,Buy & Sell","Gift Items",2025-02-06,2027-02-09,,Germany,DE,de,1
40845204,"15% off First Time AutoShip on Sentinel Spectrum + Sentinel Flavor tabs with code AUTO15. Limit one per customer transaction. Max savings amount to $50.","15% off First Time AutoShip on Sentinel Spectrum + Sentinel Flavor tabs with code AUTO15. Limit one per customer transaction. Max savings amount to $50.","15% off",AUTO15,No,skimlinks,,https://www.1800petmeds.com/category/merck-cat756,https://www.1800petmeds.com/category/merck-cat756,https://www.1800petmeds.com/category/merck-cat756,https://static.skimlinks.com/images/merchant_logos/advertiser_logo_80189.gif,https://brandlogos.org/api/get/images/?brand=1800petmeds.com&size=[size]&format=[format]&token=b061905397e44b387a5590ab545c592b6c8b028195527fb54c787caae0d5b4fa&domain=nectarly.us,Code,1800petmeds.com,https://www.1800petmeds.com/,,"Pet Supplies",2026-08-11,2027-01-01,,"United States of America",US,en,1
40845205,"50% Off FTAS on Vet Fresh (3 skus) with code FRESH50","50% Off FTAS on Vet Fresh (3 skus) with code FRESH50","50% off",FRESH50,No,skimlinks,,https://www.1800petmeds.com/category/new-arrivals-cat851?prefn1=brand,https://www.1800petmeds.com/category/new-arrivals-cat851?prefn1=brand,https://www.1800petmeds.com/category/new-arrivals-cat851?prefn1=brand,https://static.skimlinks.com/images/merchant_logos/advertiser_logo_80189.gif,https://brandlogos.org/api/get/images/?brand=1800petmeds.com&size=[size]&format=[format]&token=b061905397e44b387a5590ab545c592b6c8b028195527fb54c787caae0d5b4fa&domain=nectarly.us,Code,1800petmeds.com,https://www.1800petmeds.com/,,"Pet Supplies",2026-08-12,2027-01-01,,"United States of America",US,en,1
40845217,"15% off First Time AutoShip on Sentinel Spectrum + Sentinel Flavor tabs with code AUTO15. Limit one per customer transaction. Max savings amount to $50.","15% off First Time AutoShip on Sentinel Spectrum + Sentinel Flavor tabs with code AUTO15.","15% off",,No,skimlinks,,https://www.1800petmeds.com/category/merck-cat756,https://www.1800petmeds.com/category/merck-cat756,https://www.1800petmeds.com/category/merck-cat756,https://static.skimlinks.com/images/merchant_logos/advertiser_logo_80189.gif,https://brandlogos.org/api/get/images/?brand=1800petmeds.com&size=[size]&format=[format]&token=b061905397e44b387a5590ab545c592b6c8b028195527fb54c787caae0d5b4fa&domain=nectarly.us,Deal,1800petmeds.com,https://www.1800petmeds.com/,,"Pet Supplies",2026-08-11,2027-01-01,,"United States of America",US,en,0
40845219,"50% Off FTAS on Vet Fresh (3 skus) with code FRESH50","50% Off FTAS on Vet Fresh (3 skus) with code FRESH50","50% off",,No,skimlinks,,https://www.1800petmeds.com/category/new-arrivals-cat851?prefn1=brand,https://www.1800petmeds.com/category/new-arrivals-cat851?prefn1=brand,https://www.1800petmeds.com/category/new-arrivals-cat851?prefn1=brand,https://static.skimlinks.com/images/merchant_logos/advertiser_logo_80189.gif,https://brandlogos.org/api/get/images/?brand=1800petmeds.com&size=[size]&format=[format]&token=b061905397e44b387a5590ab545c592b6c8b028195527fb54c787caae0d5b4fa&domain=nectarly.us,Deal,1800petmeds.com,https://www.1800petmeds.com/,,"Pet Supplies",2026-08-12,2027-01-01,,"United States of America",US,en,0
40866764,"Affiliate Generic 2026","123inkjets 12% Off Compatible Ink & Toner. Free Shipping on orders $55+ with code 123AFL. Offer ends 12/31/2026","12% off",123AFL,No,flexoffers,,https://www.123inkjets.com/deals/ink-toner-offer,https://www.123inkjets.com/deals/ink-toner-offer,https://www.123inkjets.com/deals/ink-toner-offer,,https://brandlogos.org/api/get/images/?brand=123inkjets.com&size=[size]&format=[format]&token=12d0c01152660957d1a4ca166a5f8b4e15c294400d4d085e1d268da6c64c53f5&domain=nectarly.us,Code,123inkjets.com,https://www.123inkjets.com/,"Office Supplies","Office Supplies",2026-01-01,2027-01-01,,"United States of America",US,en,1
40867621,"123inkjets logo_468x60",,"Best Offer",,No,flexoffers,,https://www.123inkjets.com/deals/ink-toner-offer,https://www.123inkjets.com/deals/ink-toner-offer,https://www.123inkjets.com/deals/ink-toner-offer,http://a.impactradius-go.com/display-ad/26162-2089195,https://brandlogos.org/api/get/images/?brand=123inkjets.com&size=[size]&format=[format]&token=12d0c01152660957d1a4ca166a5f8b4e15c294400d4d085e1d268da6c64c53f5&domain=nectarly.us,Deal,123inkjets.com,https://www.123inkjets.com/,"Office Supplies",,2024-07-09,,,"United States of America",US,en,0
40871169,"PetMeds Logo 120x90","PetMeds Logo 120x90","Great Value",,No,flexoffers,,https://www.1800petmeds.com/,https://www.1800petmeds.com/,https://www.1800petmeds.com/,http://www.pjatr.com/b/4-470027-47736-219166,https://brandlogos.org/api/get/images/?brand=1800petmeds.com&size=[size]&format=[format]&token=b061905397e44b387a5590ab545c592b6c8b028195527fb54c787caae0d5b4fa&domain=nectarly.us,Deal,1800petmeds.com,https://www.1800petmeds.com/,"Pets and Animal Services","Pet Supplies",2022-02-02,,,"United States of America",US,en,1
40871170,"Save 35% Off Sitewide up to $20 with Autoship at PetMeds with code: AUTO35","Save 35% Off Sitewide up to $20 with Autoship at PetMeds with code: AUTO35 -- valid through 12/31/24 -- Exclusions Apply, Autoship Required, Stackable, 1 use per customer","save 35%",,No,flexoffers,,https://www.1800petmeds.com/,https://www.1800petmeds.com/,https://www.1800petmeds.com/,,https://brandlogos.org/api/get/images/?brand=1800petmeds.com&size=[size]&format=[format]&token=b061905397e44b387a5590ab545c592b6c8b028195527fb54c787caae0d5b4fa&domain=nectarly.us,Deal,1800petmeds.com,https://www.1800petmeds.com/,"Pets and Animal Services","Pet Supplies",2024-04-19,,,"United States of America",US,en,1
40871171,"15% off First Time AutoShip on Sentinel Spectrum + Sentinel Flavor tabs with code AUTO15.","15% off First Time AutoShip on Sentinel Spectrum + Sentinel Flavor tabs with code AUTO15. Limit one per customer transaction. Max savings amount to $50.","15% off",AUTO15,No,flexoffers,,https://www.1800petmeds.com/category/merck-cat756,https://www.1800petmeds.com/category/merck-cat756,https://www.1800petmeds.com/category/merck-cat756,,https://brandlogos.org/api/get/images/?brand=1800petmeds.com&size=[size]&format=[format]&token=b061905397e44b387a5590ab545c592b6c8b028195527fb54c787caae0d5b4fa&domain=nectarly.us,Code,1800petmeds.com,https://www.1800petmeds.com/,"Pets and Animal Services","Pet Supplies",2026-08-11,2027-01-01,,"United States of America",US,en,1
40878117,"25% off for new customers Plus, enjoy free shipping","25% off for new customers Plus, enjoy free shipping","25% off",,No,flexoffers,,https://www.1800contacts.com/,https://www.1800contacts.com/,https://www.1800contacts.com/,,https://brandlogos.org/api/get/images/?brand=1800contacts.com&size=[size]&format=[format]&token=180637bbf39f45d39c1177a868e159967b56980e921d31276cd7a35664799cb2&domain=nectarly.us,Deal,1800contacts.com,https://www.1800contacts.com/,Eyewear,Eyewear,2026-09-14,2026-10-08,,"United States of America",US,en,0
40878118,"30% off for new customers Plus, enjoy free shipping","30% off for new customers Plus, enjoy free shipping","30% off",,No,flexoffers,,https://www.1800contacts.com/,https://www.1800contacts.com/,https://www.1800contacts.com/,,https://brandlogos.org/api/get/images/?brand=1800contacts.com&size=[size]&format=[format]&token=180637bbf39f45d39c1177a868e159967b56980e921d31276cd7a35664799cb2&domain=nectarly.us,Deal,1800contacts.com,https://www.1800contacts.com/,Eyewear,Eyewear,2026-12-26,2027-01-04,,"United States of America",US,en,0
40897646,"Get Save Up to 25% OFF At 1Password",,"save 25%",SECURE,No,linkbux,,https://1password.com,https://1password.com,https://1password.com,,https://brandlogos.org/api/get/images/?brand=1password.com&size=[size]&format=[format]&token=25b53c2d5c6cb1ea6a7ea4ca6434e1e0ce1f40734bd446e56559a9f0ef311f0c&domain=nectarly.us,Code,1password.com,https://1password.com/,Others,Softwares,,2026-10-20,,"multi country",,en,1
40908521,Innovations-All-20-08-26,"Save 20% on Innovations Lighting. No code required.","save 20%",,No,brandreward,,https://www.1800lighting.com/,https://www.1800lighting.com/,https://www.1800lighting.com/,http://www.brandreward.com/img/adv_logo/us-54389366233.jpeg,https://brandlogos.org/api/get/images/?brand=1800lighting.com&size=[size]&format=[format]&token=c08fd500ce324c098b120fd52511fa50b292217b2a82ee10012603650800f889&domain=nectarly.us,Deal,1800lighting.com,https://www.1800lighting.com/,Health,"Home Appliances",2026-08-24,2026-09-15,,"United States of America",US,en,0
40908802,"Save 20% On Select Acclaim Lighting. No Code Required!",,"save 20%",,No,brandreward,,https://www.1800lighting.com/,https://www.1800lighting.com/,https://www.1800lighting.com/,http://www.brandreward.com/img/adv_logo/us-54389366233.jpeg,https://brandlogos.org/api/get/images/?brand=1800lighting.com&size=[size]&format=[format]&token=c08fd500ce324c098b120fd52511fa50b292217b2a82ee10012603650800f889&domain=nectarly.us,Deal,1800lighting.com,https://www.1800lighting.com/,Health,"Furniture and Decor",2026-08-29,2026-09-13,,"United States of America",US,en,0
40908811,"Save 10% on Cooper Classics. No Code Required!",,"save 10%",,No,brandreward,,https://www.1800lighting.com/,https://www.1800lighting.com/,https://www.1800lighting.com/,http://www.brandreward.com/img/adv_logo/us-54389366233.jpeg,https://brandlogos.org/api/get/images/?brand=1800lighting.com&size=[size]&format=[format]&token=c08fd500ce324c098b120fd52511fa50b292217b2a82ee10012603650800f889&domain=nectarly.us,Deal,1800lighting.com,https://www.1800lighting.com/,Health,"Furniture and Decor",2026-08-31,2026-09-13,,"United States of America",US,en,0
40908813,"Save 20% On Cyan Design Lighting And Decor. No Code Required!",,"save 20%",,No,brandreward,,https://www.1800lighting.com/,https://www.1800lighting.com/,https://www.1800lighting.com/,http://www.brandreward.com/img/adv_logo/us-54389366233.jpeg,https://brandlogos.org/api/get/images/?brand=1800lighting.com&size=[size]&format=[format]&token=c08fd500ce324c098b120fd52511fa50b292217b2a82ee10012603650800f889&domain=nectarly.us,Deal,1800lighting.com,https://www.1800lighting.com/,Health,"Furniture and Decor",2026-08-31,2026-09-13,,"United States of America",US,en,0
40908817,"Save 20% on Innovations Lighting. No Code Required!",,"save 20%",,No,brandreward,,https://www.1800lighting.com/,https://www.1800lighting.com/,https://www.1800lighting.com/,http://www.brandreward.com/img/adv_logo/us-54389366233.jpeg,https://brandlogos.org/api/get/images/?brand=1800lighting.com&size=[size]&format=[format]&token=c08fd500ce324c098b120fd52511fa50b292217b2a82ee10012603650800f889&domain=nectarly.us,Deal,1800lighting.com,https://www.1800lighting.com/,Health,"Home Appliances",2026-08-24,2026-09-14,,"United States of America",US,en,0
40908819,"Save 20% on Matteo Lighting. No Code Required!",,"save 20%",,No,brandreward,,https://www.1800lighting.com/,https://www.1800lighting.com/,https://www.1800lighting.com/,http://www.brandreward.com/img/adv_logo/us-54389366233.jpeg,https://brandlogos.org/api/get/images/?brand=1800lighting.com&size=[size]&format=[format]&token=c08fd500ce324c098b120fd52511fa50b292217b2a82ee10012603650800f889&domain=nectarly.us,Deal,1800lighting.com,https://www.1800lighting.com/,Health,"Furniture and Decor",2026-08-31,2026-09-13,,"United States of America",US,en,0
40908821,"Save 10% on Meyda Lighting. No Code Required!",,"save 10%",,No,brandreward,,https://www.1800lighting.com/,https://www.1800lighting.com/,https://www.1800lighting.com/,http://www.brandreward.com/img/adv_logo/us-54389366233.jpeg,https://brandlogos.org/api/get/images/?brand=1800lighting.com&size=[size]&format=[format]&token=c08fd500ce324c098b120fd52511fa50b292217b2a82ee10012603650800f889&domain=nectarly.us,Deal,1800lighting.com,https://www.1800lighting.com/,Health,"Home Appliances",2026-08-31,2026-09-13,,"United States of America",US,en,0
40908822,"Save 20% On Quoizel Lighting. No Code Required!",,"save 20%",,No,brandreward,,https://www.1800lighting.com/,https://www.1800lighting.com/,https://www.1800lighting.com/,http://www.brandreward.com/img/adv_logo/us-54389366233.jpeg,https://brandlogos.org/api/get/images/?brand=1800lighting.com&size=[size]&format=[format]&token=c08fd500ce324c098b120fd52511fa50b292217b2a82ee10012603650800f889&domain=nectarly.us,Deal,1800lighting.com,https://www.1800lighting.com/,Health,"Furniture and Decor",2026-08-31,2026-09-13,,"United States of America",US,en,0
40908828,"Save Up To 30% On Select Trend. No Code Required!",,"save 30%",,No,brandreward,,https://www.1800lighting.com/,https://www.1800lighting.com/,https://www.1800lighting.com/,http://www.brandreward.com/img/adv_logo/us-54389366233.jpeg,https://brandlogos.org/api/get/images/?brand=1800lighting.com&size=[size]&format=[format]&token=c08fd500ce324c098b120fd52511fa50b292217b2a82ee10012603650800f889&domain=nectarly.us,Deal,1800lighting.com,https://www.1800lighting.com/,Health,"Home Appliances",2026-08-29,2026-09-13,,"United States of America",US,en,0
40908972,"20% Off for New Customers Plus, Enjoy Free Shipping!",,"20% off",,No,brandreward,,https://www.1800contacts.com/,https://www.1800contacts.com/,https://www.1800contacts.com/,http://www.brandreward.com/img/adv_logo/us-77586080103.png,https://brandlogos.org/api/get/images/?brand=1800contacts.com&size=[size]&format=[format]&token=180637bbf39f45d39c1177a868e159967b56980e921d31276cd7a35664799cb2&domain=nectarly.us,Deal,1800contacts.com,https://www.1800contacts.com/,Gifts,Eyewear,2026-08-21,2026-09-13,,"United States of America",US,en,0
40912169,"Save 20% On Cyan Design Lighting And Decor. No Code Required!","Save 20% On Cyan Design Lighting And Decor. No Code Required!","save 20%",,No,skimlinks,,https://www.1800lighting.com/brand-cyan-designs/,https://www.1800lighting.com/brand-cyan-designs/,https://www.1800lighting.com/brand-cyan-designs/,https://static.skimlinks.com/images/merchant_logos/advertiser_logo_7816.gif,https://brandlogos.org/api/get/images/?brand=1800lighting.com&size=[size]&format=[format]&token=c08fd500ce324c098b120fd52511fa50b292217b2a82ee10012603650800f889&domain=nectarly.us,Deal,1800lighting.com,https://www.1800lighting.com/,,"Furniture and Decor",2026-08-31,2026-09-14,,"United States of America",US,en,0
40981767,"Avec ce code promo profitez d'une remise de 2% pour l'achat de composants d'un cœur de machine. Ce bon est valable pour l'achat simultané d'un Processeur, d'une Carte Mère et de mémoire DDR","La remise se fera uniquement sur ces 3 produits et non sur le panier en entier. Non cumulable avec une autre offre en cours. 2% de remise pour l'achat d'un coeur de machine (CPU + Carte Mère + DDR)","2% réduction",BUNCOEURPC,No,skimlinks,,https://www.1fodiscount.com/,https://www.1fodiscount.com/,https://www.1fodiscount.com/,https://static.skimlinks.com/images/merchant_logos/advertiser_logo_138575.gif,https://brandlogos.org/api/get/images/?brand=1fodiscount.com&size=[size]&format=[format]&token=6a9bd107097fad984a45e1dba186fe18d2d25a6c9c34c9b089e1a716b139af87&domain=nectarly.us,Code,1fodiscount.com,https://www.1fodiscount.com/,,"Computer Accessories",2026-09-02,2027-12-31,,"multi country",,fr,1
40985819,"Cases now available Save up to 20% off",,"save 20%",,No,brandreward,,https://2betties.com/,https://2betties.com/,https://2betties.com/,,https://brandlogos.org/api/get/images/?brand=2betties.com&size=[size]&format=[format]&token=e63c0037bc8ddbf2268a843c43d030fdb84481a41aa7a78df6c92a29aeec3c4a&domain=nectarly.us,Deal,2betties.com,https://2betties.com/,Other,"Mobile Accessories",2026-08-31,,,"United States of America,Philippines","US,PH",en,0
40985820,"Cases now available - Save up to 20%",,"save 20%",,No,brandreward,,https://2betties.com/,https://2betties.com/,https://2betties.com/,,https://brandlogos.org/api/get/images/?brand=2betties.com&size=[size]&format=[format]&token=e63c0037bc8ddbf2268a843c43d030fdb84481a41aa7a78df6c92a29aeec3c4a&domain=nectarly.us,Deal,2betties.com,https://2betties.com/,Other,"Mobile Accessories",2026-08-31,,,"United States of America,Philippines","US,PH",en,0
40987284,"Q3 - PROMO CODE","Promo Code: Discount: 10% (up to 6.75USD )Valid Period: Now - Until 31 AugustCondition: New users onlyThe discount is applied to every route booking from 12GODiscount Percent: 10,","Best Offer",IMP10,No,brandreward,,https://12go.asia/,https://12go.asia/,https://12go.asia/,http://www.brandreward.com/img/adv_logo/1499076736_12go.png,https://brandlogos.org/api/get/images/?brand=12go.asia&size=[size]&format=[format]&token=8e832e5cd458238c2a145c274c0f3edeaa5974c7d6a0caeea4dbd5baaad38832&domain=nectarly.us,Code,12go.asia,https://12go.asia/,Sports,Holidays,2026-07-02,2026-09-30,,"multi country",,en,1
40992265,"Save on your first order with 1-800 Contacts. (LANDING PAGE TEST _b)","Save on your first order with 1-800 Contacts.","Save Big",,No,brandreward,,https://www.1800contacts.com/,https://www.1800contacts.com/,https://www.1800contacts.com/,http://www.brandreward.com/img/adv_logo/us-77586080103.png,https://brandlogos.org/api/get/images/?brand=1800contacts.com&size=[size]&format=[format]&token=180637bbf39f45d39c1177a868e159967b56980e921d31276cd7a35664799cb2&domain=nectarly.us,Deal,1800contacts.com,https://www.1800contacts.com/,Gifts,Eyewear,2026-09-02,2032-09-02,,"United States of America",US,en,0
40992434,"2% de remise pour l'achat d'un coeur de machine (CPU + Carte Mère + DDR)","Avec ce code promo profitez d'une remise de 2% pour l'achat de composants d'un cœur de machine. Ce bon est valable pour l'achat simultané d'un Processeur, d'une Carte Mère et de mémoire DDR","2% réduction",BUNCOEURPC,No,brandreward,,https://www.1fodiscount.com/,https://www.1fodiscount.com/,https://www.1fodiscount.com/,,https://brandlogos.org/api/get/images/?brand=1fodiscount.com&size=[size]&format=[format]&token=6a9bd107097fad984a45e1dba186fe18d2d25a6c9c34c9b089e1a716b139af87&domain=nectarly.us,Code,1fodiscount.com,https://www.1fodiscount.com/,,"Computers and Laptops,Computer Accessories",2026-09-02,2027-12-31,,"multi country",,fr,1
40993200,Acclaim-Select-20-08-26,"Save 20% on select Acclaim Lighting. No code required.","save 20%",,No,brandreward,,https://www.1800lighting.com/,https://www.1800lighting.com/,https://www.1800lighting.com/,http://www.brandreward.com/img/adv_logo/us-54389366233.jpeg,https://brandlogos.org/api/get/images/?brand=1800lighting.com&size=[size]&format=[format]&token=c08fd500ce324c098b120fd52511fa50b292217b2a82ee10012603650800f889&domain=nectarly.us,Deal,1800lighting.com,https://www.1800lighting.com/,Health,"Furniture and Decor",2026-08-29,2026-09-14,,"United States of America",US,en,0
40993202,Cooper-All-10-08-26,"Save 10% on Cooper Classics. No code required.","save 10%",,No,brandreward,,https://www.1800lighting.com/,https://www.1800lighting.com/,https://www.1800lighting.com/,http://www.brandreward.com/img/adv_logo/us-54389366233.jpeg,https://brandlogos.org/api/get/images/?brand=1800lighting.com&size=[size]&format=[format]&token=c08fd500ce324c098b120fd52511fa50b292217b2a82ee10012603650800f889&domain=nectarly.us,Deal,1800lighting.com,https://www.1800lighting.com/,Health,"Furniture and Decor",2026-08-31,2026-09-14,,"United States of America",US,en,0
40993203,Cyan-All-20-08-26,"Save 20% on Cyan Design Lighting and Decor. No code required.","save 20%",,No,brandreward,,https://www.1800lighting.com/,https://www.1800lighting.com/,https://www.1800lighting.com/,http://www.brandreward.com/img/adv_logo/us-54389366233.jpeg,https://brandlogos.org/api/get/images/?brand=1800lighting.com&size=[size]&format=[format]&token=c08fd500ce324c098b120fd52511fa50b292217b2a82ee10012603650800f889&domain=nectarly.us,Deal,1800lighting.com,https://www.1800lighting.com/,Health,"Furniture and Decor",2026-08-31,2026-09-14,,"United States of America",US,en,0
40993204,Matteo-All-20-08-26,"Save 20% on Matteo Lighting. No code required.","save 20%",,No,brandreward,,https://www.1800lighting.com/,https://www.1800lighting.com/,https://www.1800lighting.com/,http://www.brandreward.com/img/adv_logo/us-54389366233.jpeg,https://brandlogos.org/api/get/images/?brand=1800lighting.com&size=[size]&format=[format]&token=c08fd500ce324c098b120fd52511fa50b292217b2a82ee10012603650800f889&domain=nectarly.us,Deal,1800lighting.com,https://www.1800lighting.com/,Health,"Furniture and Decor",2026-08-31,2026-09-14,,"United States of America",US,en,0
40993205,Meyda-All-10-08-26,"Save 10% on Meyda Lighting. No code required.","save 10%",,No,brandreward,,https://www.1800lighting.com/,https://www.1800lighting.com/,https://www.1800lighting.com/,http://www.brandreward.com/img/adv_logo/us-54389366233.jpeg,https://brandlogos.org/api/get/images/?brand=1800lighting.com&size=[size]&format=[format]&token=c08fd500ce324c098b120fd52511fa50b292217b2a82ee10012603650800f889&domain=nectarly.us,Deal,1800lighting.com,https://www.1800lighting.com/,Health,"Furniture and Decor",2026-08-31,2026-09-14,,"United States of America",US,en,0
40993206,Quoizel-All-20-08-26,"Save 20% on Quoizel Lighting. No code required.","save 20%",,No,brandreward,,https://www.1800lighting.com/,https://www.1800lighting.com/,https://www.1800lighting.com/,http://www.brandreward.com/img/adv_logo/us-54389366233.jpeg,https://brandlogos.org/api/get/images/?brand=1800lighting.com&size=[size]&format=[format]&token=c08fd500ce324c098b120fd52511fa50b292217b2a82ee10012603650800f889&domain=nectarly.us,Deal,1800lighting.com,https://www.1800lighting.com/,Health,"Furniture and Decor",2026-08-31,2026-09-14,,"United States of America",US,en,0
40993207,Trend-Select-30-08-26,"Save up to 30% on select Trend. No code required.","save 30%",,No,brandreward,,https://www.1800lighting.com/,https://www.1800lighting.com/,https://www.1800lighting.com/,http://www.brandreward.com/img/adv_logo/us-54389366233.jpeg,https://brandlogos.org/api/get/images/?brand=1800lighting.com&size=[size]&format=[format]&token=c08fd500ce324c098b120fd52511fa50b292217b2a82ee10012603650800f889&domain=nectarly.us,Deal,1800lighting.com,https://www.1800lighting.com/,Health,"Furniture and Decor",2026-08-29,2026-09-14,,"United States of America",US,en,0
41017422,"Save on your first order with 1-800 Contacts. (LANDING PAGE TEST _b)","Save on your first order with 1-800 Contacts.","Best Offer",,No,flexoffers,,https://www.1800contacts.com/,https://www.1800contacts.com/,https://www.1800contacts.com/,,https://brandlogos.org/api/get/images/?brand=1800contacts.com&size=[size]&format=[format]&token=180637bbf39f45d39c1177a868e159967b56980e921d31276cd7a35664799cb2&domain=nectarly.us,Deal,1800contacts.com,https://www.1800contacts.com/,Eyewear,Eyewear,2026-09-02,2032-09-02,,"United States of America",US,en,0
41027931,"30% de remise dès 2 pots de peintures achetés","Bénéficiez de 30% de remise sur l'ensemble des pots de peintures de votre panier pour l'achat d'au moins deux pots de peinture de la marque Citadel ou AK Interactive.","30% réduction",PEINTURE30,No,brandreward,,https://www.1fodiscount.com/,https://www.1fodiscount.com/,https://www.1fodiscount.com/,,https://brandlogos.org/api/get/images/?brand=1fodiscount.com&size=[size]&format=[format]&token=6a9bd107097fad984a45e1dba186fe18d2d25a6c9c34c9b089e1a716b139af87&domain=nectarly.us,Code,1fodiscount.com,https://www.1fodiscount.com/,,"Arts and Crafts",2026-09-03,2027-12-31,,"multi country",,fr,1
41027932,"40% de remise dès 5 pots de peintures achetés","Bénéficiez de 40% de remise sur l'ensemble des pots de peintures de votre panier pour l'achat d'au moins 5 pots de peinture de la marque Citadel ou AK Interactive","40% réduction",PEINTURE40,No,brandreward,,https://www.1fodiscount.com/,https://www.1fodiscount.com/,https://www.1fodiscount.com/,,https://brandlogos.org/api/get/images/?brand=1fodiscount.com&size=[size]&format=[format]&token=6a9bd107097fad984a45e1dba186fe18d2d25a6c9c34c9b089e1a716b139af87&domain=nectarly.us,Code,1fodiscount.com,https://www.1fodiscount.com/,,"Arts and Crafts",2026-09-03,2027-12-31,,"multi country",,fr,1
41027933,"50% de remise dès 10 pots de peintures achetés","Bénéficiez de 50% de remise sur l'ensemble des pots de peintures de votre panier pour l'achat d'au moins 10 pots de peinture de la marque Citadel ou AK Interactive","50% réduction",PEINTURE50,No,brandreward,,https://www.1fodiscount.com/,https://www.1fodiscount.com/,https://www.1fodiscount.com/,,https://brandlogos.org/api/get/images/?brand=1fodiscount.com&size=[size]&format=[format]&token=6a9bd107097fad984a45e1dba186fe18d2d25a6c9c34c9b089e1a716b139af87&domain=nectarly.us,Code,1fodiscount.com,https://www.1fodiscount.com/,,"Arts and Crafts",2026-09-03,2027-12-31,,"multi country",,fr,1
41028111,"Save 20% on dweLED. No code required.",,"save 20%",,No,brandreward,,https://www.1800lighting.com/,https://www.1800lighting.com/,https://www.1800lighting.com/,http://www.brandreward.com/img/adv_logo/us-54389366233.jpeg,https://brandlogos.org/api/get/images/?brand=1800lighting.com&size=[size]&format=[format]&token=c08fd500ce324c098b120fd52511fa50b292217b2a82ee10012603650800f889&domain=nectarly.us,Deal,1800lighting.com,https://www.1800lighting.com/,Health,,2026-09-02,2026-09-13,,"United States of America",US,en,0
41028112,"Save 20% on Matthews Fan Company. No code required.",,"save 20%",,No,brandreward,,https://www.1800lighting.com/,https://www.1800lighting.com/,https://www.1800lighting.com/,http://www.brandreward.com/img/adv_logo/us-54389366233.jpeg,https://brandlogos.org/api/get/images/?brand=1800lighting.com&size=[size]&format=[format]&token=c08fd500ce324c098b120fd52511fa50b292217b2a82ee10012603650800f889&domain=nectarly.us,Deal,1800lighting.com,https://www.1800lighting.com/,Health,"Home Appliances",2026-09-02,2026-09-21,,"United States of America",US,en,0
41028113,"Save 10% on Modern Form Lighting and Fans. No code required.",,"save 10%",,No,brandreward,,https://www.1800lighting.com/,https://www.1800lighting.com/,https://www.1800lighting.com/,http://www.brandreward.com/img/adv_logo/us-54389366233.jpeg,https://brandlogos.org/api/get/images/?brand=1800lighting.com&size=[size]&format=[format]&token=c08fd500ce324c098b120fd52511fa50b292217b2a82ee10012603650800f889&domain=nectarly.us,Deal,1800lighting.com,https://www.1800lighting.com/,Health,,2026-09-02,2026-09-13,,"United States of America",US,en,0
41028114,"Save 20% on Quorum International Lighting and Fans. No code required.",,"save 20%",,No,brandreward,,https://www.1800lighting.com/,https://www.1800lighting.com/,https://www.1800lighting.com/,http://www.brandreward.com/img/adv_logo/us-54389366233.jpeg,https://brandlogos.org/api/get/images/?brand=1800lighting.com&size=[size]&format=[format]&token=c08fd500ce324c098b120fd52511fa50b292217b2a82ee10012603650800f889&domain=nectarly.us,Deal,1800lighting.com,https://www.1800lighting.com/,Health,"Home Appliances",2026-09-02,2026-09-13,,"United States of America",US,en,0
41028115,"Save 20% on select Schonbek Beyond. No code required.",,"save 20%",,No,brandreward,,https://www.1800lighting.com/,https://www.1800lighting.com/,https://www.1800lighting.com/,http://www.brandreward.com/img/adv_logo/us-54389366233.jpeg,https://brandlogos.org/api/get/images/?brand=1800lighting.com&size=[size]&format=[format]&token=c08fd500ce324c098b120fd52511fa50b292217b2a82ee10012603650800f889&domain=nectarly.us,Deal,1800lighting.com,https://www.1800lighting.com/,Health,"Furniture and Decor",2026-09-02,2026-09-13,,"United States of America",US,en,0
41028116,"Save 15% on select items from WAC Lighting. No code required.",,"save 15%",,No,brandreward,,https://www.1800lighting.com/,https://www.1800lighting.com/,https://www.1800lighting.com/,http://www.brandreward.com/img/adv_logo/us-54389366233.jpeg,https://brandlogos.org/api/get/images/?brand=1800lighting.com&size=[size]&format=[format]&token=c08fd500ce324c098b120fd52511fa50b292217b2a82ee10012603650800f889&domain=nectarly.us,Deal,1800lighting.com,https://www.1800lighting.com/,Health,,2026-09-02,2026-09-13,,"United States of America",US,en,0
41028117,"Save 10% on Select Items from Wac Lighting. No Code Required!",,"save 10%",,No,brandreward,,https://www.1800lighting.com/,https://www.1800lighting.com/,https://www.1800lighting.com/,http://www.brandreward.com/img/adv_logo/us-54389366233.jpeg,https://brandlogos.org/api/get/images/?brand=1800lighting.com&size=[size]&format=[format]&token=c08fd500ce324c098b120fd52511fa50b292217b2a82ee10012603650800f889&domain=nectarly.us,Deal,1800lighting.com,https://www.1800lighting.com/,Health,"Furniture and Decor",2026-09-02,2026-09-13,,"United States of America",US,en,0
41028119,"Save 20% on Select Artemide Lamps and Lighting Fixtures. No Code Required!",,"save 20%",,No,brandreward,,https://www.1800lighting.com/,https://www.1800lighting.com/,https://www.1800lighting.com/,http://www.brandreward.com/img/adv_logo/us-54389366233.jpeg,https://brandlogos.org/api/get/images/?brand=1800lighting.com&size=[size]&format=[format]&token=c08fd500ce324c098b120fd52511fa50b292217b2a82ee10012603650800f889&domain=nectarly.us,Deal,1800lighting.com,https://www.1800lighting.com/,Health,"Home Appliances",2026-09-02,2026-10-06,,"United States of America",US,en,0
41028121,"Save 20% on all Dale Tiffany. No code required.",,"save 20%",,No,brandreward,,https://www.1800lighting.com/,https://www.1800lighting.com/,https://www.1800lighting.com/,http://www.brandreward.com/img/adv_logo/us-54389366233.jpeg,https://brandlogos.org/api/get/images/?brand=1800lighting.com&size=[size]&format=[format]&token=c08fd500ce324c098b120fd52511fa50b292217b2a82ee10012603650800f889&domain=nectarly.us,Deal,1800lighting.com,https://www.1800lighting.com/,Health,"Furniture and Decor",2026-09-02,2026-09-27,,"United States of America",US,en,0
41028123,"Save 20% on select Elegant Decor. No code required.",,"save 20%",,No,brandreward,,https://www.1800lighting.com/,https://www.1800lighting.com/,https://www.1800lighting.com/,http://www.brandreward.com/img/adv_logo/us-54389366233.jpeg,https://brandlogos.org/api/get/images/?brand=1800lighting.com&size=[size]&format=[format]&token=c08fd500ce324c098b120fd52511fa50b292217b2a82ee10012603650800f889&domain=nectarly.us,Deal,1800lighting.com,https://www.1800lighting.com/,Health,,2026-09-02,2026-09-30,,"United States of America",US,en,0
41028124,"Save 20% on select Elegant Lighting. No code required.",,"save 20%",,No,brandreward,,https://www.1800lighting.com/,https://www.1800lighting.com/,https://www.1800lighting.com/,http://www.brandreward.com/img/adv_logo/us-54389366233.jpeg,https://brandlogos.org/api/get/images/?brand=1800lighting.com&size=[size]&format=[format]&token=c08fd500ce324c098b120fd52511fa50b292217b2a82ee10012603650800f889&domain=nectarly.us,Deal,1800lighting.com,https://www.1800lighting.com/,Health,"Furniture and Decor",2026-09-02,2026-09-30,,"United States of America",US,en,0
41065767,"Bénéficiez de 30% de remise sur l'ensemble des pots de peintures de votre panier pour l'achat d'au moins deux pots de peinture de la marque Citadel ou AK Interactive.","Non cumulable avec une autre offre en cours 30% de remise dès 2 pots de peintures achetés","30% réduction",PEINTURE30,No,skimlinks,,https://www.1fodiscount.com/search-peinture/,https://www.1fodiscount.com/search-peinture/,https://www.1fodiscount.com/search-peinture/,https://static.skimlinks.com/images/merchant_logos/advertiser_logo_138575.gif,https://brandlogos.org/api/get/images/?brand=1fodiscount.com&size=[size]&format=[format]&token=6a9bd107097fad984a45e1dba186fe18d2d25a6c9c34c9b089e1a716b139af87&domain=nectarly.us,Code,1fodiscount.com,https://www.1fodiscount.com/,,"Arts and Crafts",2026-09-03,2027-12-31,,"multi country",,fr,1
41065768,"Bénéficiez de 40% de remise sur l'ensemble des pots de peintures de votre panier pour l'achat d'au moins 5 pots de peinture de la marque Citadel ou AK Interactive","Non cumulable avec une autre offre en cours 40% de remise dès 5 pots de peintures achetés","40% réduction",PEINTURE40,No,skimlinks,,https://www.1fodiscount.com/search-peinture/,https://www.1fodiscount.com/search-peinture/,https://www.1fodiscount.com/search-peinture/,https://static.skimlinks.com/images/merchant_logos/advertiser_logo_138575.gif,https://brandlogos.org/api/get/images/?brand=1fodiscount.com&size=[size]&format=[format]&token=6a9bd107097fad984a45e1dba186fe18d2d25a6c9c34c9b089e1a716b139af87&domain=nectarly.us,Code,1fodiscount.com,https://www.1fodiscount.com/,,"Arts and Crafts",2026-09-03,2027-12-31,,"multi country",,fr,1
41065769,"Bénéficiez de 50% de remise sur l'ensemble des pots de peintures de votre panier pour l'achat d'au moins 10 pots de peinture de la marque Citadel ou AK Interactive","Non cumulable avec une autre offre en cours 50% de remise dès 10 pots de peintures achetés","50% réduction",PEINTURE50,No,skimlinks,,https://www.1fodiscount.com/search-peinture/,https://www.1fodiscount.com/search-peinture/,https://www.1fodiscount.com/search-peinture/,https://static.skimlinks.com/images/merchant_logos/advertiser_logo_138575.gif,https://brandlogos.org/api/get/images/?brand=1fodiscount.com&size=[size]&format=[format]&token=6a9bd107097fad984a45e1dba186fe18d2d25a6c9c34c9b089e1a716b139af87&domain=nectarly.us,Code,1fodiscount.com,https://www.1fodiscount.com/,,"Arts and Crafts",2026-09-03,2027-12-31,,"multi country",,fr,1
41151037,Dweled-All-20-09-26,"Save 20% on dweLED. No code required.","save 20%",,No,brandreward,,https://www.1800lighting.com/,https://www.1800lighting.com/,https://www.1800lighting.com/,http://www.brandreward.com/img/adv_logo/us-54389366233.jpeg,https://brandlogos.org/api/get/images/?brand=1800lighting.com&size=[size]&format=[format]&token=c08fd500ce324c098b120fd52511fa50b292217b2a82ee10012603650800f889&domain=nectarly.us,Deal,1800lighting.com,https://www.1800lighting.com/,Health,"Home Appliances",2026-09-02,2026-09-14,,"United States of America",US,en,0
41151038,Matthews-Fan-All-20-09-26,"Save 20% on Matthews Fan Company. No code required.","save 20%",,No,brandreward,,https://www.1800lighting.com/,https://www.1800lighting.com/,https://www.1800lighting.com/,http://www.brandreward.com/img/adv_logo/us-54389366233.jpeg,https://brandlogos.org/api/get/images/?brand=1800lighting.com&size=[size]&format=[format]&token=c08fd500ce324c098b120fd52511fa50b292217b2a82ee10012603650800f889&domain=nectarly.us,Deal,1800lighting.com,https://www.1800lighting.com/,Health,"Home Appliances",2026-09-02,2026-09-22,,"United States of America",US,en,0
41151039,Modern-Forms-Select-20-09-26,"Save 10% on Modern Form Lighting and Fans. No code required.","save 10%",,No,brandreward,,https://www.1800lighting.com/,https://www.1800lighting.com/,https://www.1800lighting.com/,http://www.brandreward.com/img/adv_logo/us-54389366233.jpeg,https://brandlogos.org/api/get/images/?brand=1800lighting.com&size=[size]&format=[format]&token=c08fd500ce324c098b120fd52511fa50b292217b2a82ee10012603650800f889&domain=nectarly.us,Deal,1800lighting.com,https://www.1800lighting.com/,Health,"Home Appliances",2026-09-02,2026-09-14,,"United States of America",US,en,0
41151040,Quorum-All-20-09-26,"Save 20% on Quorum International Lighting and Fans. No code required.","save 20%",,No,brandreward,,https://www.1800lighting.com/,https://www.1800lighting.com/,https://www.1800lighting.com/,http://www.brandreward.com/img/adv_logo/us-54389366233.jpeg,https://brandlogos.org/api/get/images/?brand=1800lighting.com&size=[size]&format=[format]&token=c08fd500ce324c098b120fd52511fa50b292217b2a82ee10012603650800f889&domain=nectarly.us,Deal,1800lighting.com,https://www.1800lighting.com/,Health,"Home Appliances",2026-09-02,2026-09-14,,"United States of America",US,en,0
41151041,Schonbek-Select-20-09-26,"Save 20% on select Schonbek Beyond. No code required.","save 20%",,No,brandreward,,https://www.1800lighting.com/,https://www.1800lighting.com/,https://www.1800lighting.com/,http://www.brandreward.com/img/adv_logo/us-54389366233.jpeg,https://brandlogos.org/api/get/images/?brand=1800lighting.com&size=[size]&format=[format]&token=c08fd500ce324c098b120fd52511fa50b292217b2a82ee10012603650800f889&domain=nectarly.us,Deal,1800lighting.com,https://www.1800lighting.com/,Health,"Furniture and Decor",2026-09-02,2026-09-14,,"United States of America",US,en,0
41151042,WAC-Select-15-09-26,"Save 15% on select items from WAC Lighting. No code required.","save 15%",,No,brandreward,,https://www.1800lighting.com/,https://www.1800lighting.com/,https://www.1800lighting.com/,http://www.brandreward.com/img/adv_logo/us-54389366233.jpeg,https://brandlogos.org/api/get/images/?brand=1800lighting.com&size=[size]&format=[format]&token=c08fd500ce324c098b120fd52511fa50b292217b2a82ee10012603650800f889&domain=nectarly.us,Deal,1800lighting.com,https://www.1800lighting.com/,Health,"Furniture and Decor",2026-09-02,2026-09-14,,"United States of America",US,en,0
41151043,WAC-Limited-10-09-26,"Save 10% on select items from WAC Lighting. No code required.","save 10%",,No,brandreward,,https://www.1800lighting.com/,https://www.1800lighting.com/,https://www.1800lighting.com/,http://www.brandreward.com/img/adv_logo/us-54389366233.jpeg,https://brandlogos.org/api/get/images/?brand=1800lighting.com&size=[size]&format=[format]&token=c08fd500ce324c098b120fd52511fa50b292217b2a82ee10012603650800f889&domain=nectarly.us,Deal,1800lighting.com,https://www.1800lighting.com/,Health,"Furniture and Decor",2026-09-02,2026-09-14,,"United States of America",US,en,0
41151045,Artemide-Select-20-09-26,"Save 20% on select Artemide lamps and lighting fixtures. No code required.","save 20%",,No,brandreward,,https://www.1800lighting.com/,https://www.1800lighting.com/,https://www.1800lighting.com/,http://www.brandreward.com/img/adv_logo/us-54389366233.jpeg,https://brandlogos.org/api/get/images/?brand=1800lighting.com&size=[size]&format=[format]&token=c08fd500ce324c098b120fd52511fa50b292217b2a82ee10012603650800f889&domain=nectarly.us,Deal,1800lighting.com,https://www.1800lighting.com/,Health,"Furniture and Decor",2026-09-02,2026-10-07,,"United States of America",US,en,0
41151047,Dale-Tiffany-All-20-09-26,"Save 20% on all Dale Tiffany. No code required.","save 20%",,No,brandreward,,https://www.1800lighting.com/,https://www.1800lighting.com/,https://www.1800lighting.com/,http://www.brandreward.com/img/adv_logo/us-54389366233.jpeg,https://brandlogos.org/api/get/images/?brand=1800lighting.com&size=[size]&format=[format]&token=c08fd500ce324c098b120fd52511fa50b292217b2a82ee10012603650800f889&domain=nectarly.us,Deal,1800lighting.com,https://www.1800lighting.com/,Health,"Furniture and Decor",2026-09-02,2026-09-28,,"United States of America",US,en,0
41151049,Elegant-Decor-Select-20-09-26,"Save 20% on select Elegant Decor. No code required.","save 20%",,No,brandreward,,https://www.1800lighting.com/,https://www.1800lighting.com/,https://www.1800lighting.com/,http://www.brandreward.com/img/adv_logo/us-54389366233.jpeg,https://brandlogos.org/api/get/images/?brand=1800lighting.com&size=[size]&format=[format]&token=c08fd500ce324c098b120fd52511fa50b292217b2a82ee10012603650800f889&domain=nectarly.us,Deal,1800lighting.com,https://www.1800lighting.com/,Health,"Furniture and Decor",2026-09-02,2026-10-01,,"United States of America",US,en,0
41151050,Elegant-Lighting-Select-20-09-26,"Save 20% on select Elegant Lighting. No code required.","save 20%",,No,brandreward,,https://www.1800lighting.com/,https://www.1800lighting.com/,https://www.1800lighting.com/,http://www.brandreward.com/img/adv_logo/us-54389366233.jpeg,https://brandlogos.org/api/get/images/?brand=1800lighting.com&size=[size]&format=[format]&token=c08fd500ce324c098b120fd52511fa50b292217b2a82ee10012603650800f889&domain=nectarly.us,Deal,1800lighting.com,https://www.1800lighting.com/,Health,"Furniture and Decor",2026-09-02,2026-10-01,,"United States of America",US,en,0
41151071,Kovacs-All-20-09-26,"Save 20% on Kovacs Lighting. No code required.","save 20%",,No,brandreward,,https://www.1800lighting.com/,https://www.1800lighting.com/,https://www.1800lighting.com/,http://www.brandreward.com/img/adv_logo/us-54389366233.jpeg,https://brandlogos.org/api/get/images/?brand=1800lighting.com&size=[size]&format=[format]&token=c08fd500ce324c098b120fd52511fa50b292217b2a82ee10012603650800f889&domain=nectarly.us,Deal,1800lighting.com,https://www.1800lighting.com/,Health,"Home Appliances",2026-09-04,2026-09-19,,"United States of America",US,en,0
41151072,Metropolitan-All-20-09-26,"Save 20% on Metropolitan Lighting. No code required.","save 20%",,No,brandreward,,https://www.1800lighting.com/,https://www.1800lighting.com/,https://www.1800lighting.com/,http://www.brandreward.com/img/adv_logo/us-54389366233.jpeg,https://brandlogos.org/api/get/images/?brand=1800lighting.com&size=[size]&format=[format]&token=c08fd500ce324c098b120fd52511fa50b292217b2a82ee10012603650800f889&domain=nectarly.us,Deal,1800lighting.com,https://www.1800lighting.com/,Health,,2026-09-04,2026-09-19,,"United States of America",US,en,0
41151073,Millennium-All-20-09-26,"Save 20% on Millennium Lighting. No code required.","save 20%",,No,brandreward,,https://www.1800lighting.com/,https://www.1800lighting.com/,https://www.1800lighting.com/,http://www.brandreward.com/img/adv_logo/us-54389366233.jpeg,https://brandlogos.org/api/get/images/?brand=1800lighting.com&size=[size]&format=[format]&token=c08fd500ce324c098b120fd52511fa50b292217b2a82ee10012603650800f889&domain=nectarly.us,Deal,1800lighting.com,https://www.1800lighting.com/,Health,"Home Appliances",2026-09-04,2026-09-15,,"United States of America",US,en,0
41151074,Minka-Aire-All-20-09-26,"Save 20% on MInka Aire. No code required.","save 20%",,No,brandreward,,https://www.1800lighting.com/,https://www.1800lighting.com/,https://www.1800lighting.com/,http://www.brandreward.com/img/adv_logo/us-54389366233.jpeg,https://brandlogos.org/api/get/images/?brand=1800lighting.com&size=[size]&format=[format]&token=c08fd500ce324c098b120fd52511fa50b292217b2a82ee10012603650800f889&domain=nectarly.us,Deal,1800lighting.com,https://www.1800lighting.com/,Health,"Home Appliances",2026-09-04,2026-09-19,,"United States of America",US,en,0
41157546,"Save 10% on Modern Form Lighting and Fans. No code required.","Save 10% on Modern Form Lighting and Fans. No code required.","save 10%",,No,skimlinks,,https://www.1800lighting.com/brand-modern-forms/,https://www.1800lighting.com/brand-modern-forms/,https://www.1800lighting.com/brand-modern-forms/,https://static.skimlinks.com/images/merchant_logos/advertiser_logo_7816.gif,https://brandlogos.org/api/get/images/?brand=1800lighting.com&size=[size]&format=[format]&token=c08fd500ce324c098b120fd52511fa50b292217b2a82ee10012603650800f889&domain=nectarly.us,Deal,1800lighting.com,https://www.1800lighting.com/,,"Home Appliances",2026-09-02,2026-09-14,,"United States of America",US,en,0
41166047,Beacon-Select-25-09-26,"Save up to 25% on select Beacon Lighting. No code required.","save 25%",,No,brandreward,,https://www.1800lighting.com/,https://www.1800lighting.com/,https://www.1800lighting.com/,http://www.brandreward.com/img/adv_logo/us-54389366233.jpeg,https://brandlogos.org/api/get/images/?brand=1800lighting.com&size=[size]&format=[format]&token=c08fd500ce324c098b120fd52511fa50b292217b2a82ee10012603650800f889&domain=nectarly.us,Deal,1800lighting.com,https://www.1800lighting.com/,Health,"Furniture and Decor",2026-09-05,2026-09-19,,"United States of America",US,en,0
41166846,"40% Off First Time AutoShip with code HILLSRX40 on Hills Prescription Diet Full Portfolio","40% Off First Time AutoShip with code HILLSRX40 on Hills Prescription Diet Full Portfolio","40% off",HILLSRX40,No,pepperjam,,https://www.1800petmeds.com/hills.html?prefn1=brand,https://www.1800petmeds.com/hills.html?prefn1=brand,https://www.1800petmeds.com/hills.html?prefn1=brand,,https://brandlogos.org/api/get/images/?brand=1800petmeds.com&size=[size]&format=[format]&token=b061905397e44b387a5590ab545c592b6c8b028195527fb54c787caae0d5b4fa&domain=nectarly.us,Code,1800petmeds.com,https://www.1800petmeds.com/,,,2026-08-31,2026-09-14,,"United States of America",US,en,1
41169764,"40% Off First Time AutoShip with code HILLSRX40 on Hills Prescription Diet Full Portfolio","40% Off First Time AutoShip with code HILLSRX40 on Hills Prescription Diet Full Portfolio","40% off",HILLSRX40,No,flexoffers,,https://www.1800petmeds.com/hills.html?prefn1=brand,https://www.1800petmeds.com/hills.html?prefn1=brand,https://www.1800petmeds.com/hills.html?prefn1=brand,,https://brandlogos.org/api/get/images/?brand=1800petmeds.com&size=[size]&format=[format]&token=b061905397e44b387a5590ab545c592b6c8b028195527fb54c787caae0d5b4fa&domain=nectarly.us,Code,1800petmeds.com,https://www.1800petmeds.com/,"Pets and Animal Services","Pet Supplies",2026-08-31,2026-09-14,,"United States of America",US,en,1
41257524,"40% Off First Time AutoShip with code  on Hills Prescription Diet Full Portfolio","40% Off First Time AutoShip with code  on Hills Prescription Diet Full Portfolio","40% off",HILLSRX40,No,brandreward,,https://www.1800petmeds.com/,https://www.1800petmeds.com/,https://www.1800petmeds.com/,http://www.brandreward.com/img/adv_logo/us-15285942110.png,https://brandlogos.org/api/get/images/?brand=1800petmeds.com&size=[size]&format=[format]&token=b061905397e44b387a5590ab545c592b6c8b028195527fb54c787caae0d5b4fa&domain=nectarly.us,Code,1800petmeds.com,https://www.1800petmeds.com/,"Online Services","Pet Supplies",2026-08-31,2026-09-14,,"United States of America",US,en,1
41257660,"September Birthday Savings! Use code  for a 20% discount sitewide","Discount Percent: 20,","20% discount",20NOW,No,brandreward,,https://www.1800flowers.com/,https://www.1800flowers.com/,https://www.1800flowers.com/,,https://brandlogos.org/api/get/images/?brand=1800flowers.com&size=[size]&format=[format]&token=6b2f52984cd8a3e1884f696f24ab287f222f889b4b3c823aea392a9863b7e874&domain=nectarly.us,Code,1800flowers.com,https://www.1800flowers.com/,"Buy & Sell,Finance,Green & Eco","Cake and Flowers",2026-09-07,2026-09-20,,"United States of America",US,en,1
41262126,Alora-Kuzco-Select-30-09-26,"Save 30% on select Alora Lighting, Kuzco Lighting, and Alora Mood. No code required.","save 30%",,No,brandreward,,https://www.1800lighting.com/,https://www.1800lighting.com/,https://www.1800lighting.com/,http://www.brandreward.com/img/adv_logo/us-54389366233.jpeg,https://brandlogos.org/api/get/images/?brand=1800lighting.com&size=[size]&format=[format]&token=c08fd500ce324c098b120fd52511fa50b292217b2a82ee10012603650800f889&domain=nectarly.us,Deal,1800lighting.com,https://www.1800lighting.com/,Health,"Furniture and Decor",2026-09-09,2026-10-01,,"United States of America",US,en,0
41262327,"Up to 60% off - ONLINE ONLY","Up to 60% off - ONLINE ONLY. Refresh your look for the new season with up to 60% off selected eyewear, exclusively online at 1001 Optometry. Explore designer optical frames and sunglasses from leading brands, with selected styles available while stocks last.From timeless everyday frames to statement sunglasses, discover eyewear to complement your style this season. Prescription lens options may be available on selected styles at an additional cost.Shop the New Season Online Exclusive collection and save up to 60% on selected frames and sunglasses. Available for a limited time only. Exclusions and conditions apply.New Season Online Exclusive: Up to 60% Off Selected EyewearThe New Season Online Exclusive Offer is available online only at 1001 Optometry.The offer is valid from 1 September to 30 September 2026, unless extended, amended or withdrawn earlier by 1001 Optometry.Customers can receive up to 60% off selected optical frames and sunglasses included in the New Season Online Exclusive collection. Not all eligible products will receive the maximum discount.Discounts apply only to eligible products as displayed online. Prescription lenses and lens upgrades are charged separately unless expressly stated on the relevant product page.Eligible products, discount levels and availability may vary throughout the promotional period.The offer is available while stocks last. No rainchecks apply.The offer excludes eye tests, contact lenses, accessories, gift cards, in-store purchases and non-participating products.This online offer cannot be combined with in-store promotions, including the September Do Good. Look Good. offers, or with any other discount code, voucher or promotional offer unless expressly stated.Promotional discounts cannot be redeemed for cash or credit.The offer cannot be applied retrospectively to previous purchases or existing orders.1001 Optometry reserves the right to verify product and customer eligibility and to amend, suspend or withdraw the promotion where reasonably necessary.General TermsOffers are available during the stated promotional period only.Online and in-store offers are separate promotions and cannot be combined unless expressly stated.1001 Optometry reserves the right to verify eligibility for any promotional offer.By redeeming this offer, customers agree to these Terms & Conditions.Nothing in these terms excludes, restricts or modifies any rights or remedies available under Australian Consumer Law that cannot lawfully be excluded, restricted or modified.Discontinued and Final-Sale StockProducts clearly marked as discontinued or final sale are not eligible for returns, refunds or exchanges for change of mind, incorrect selection or a change in personal requirements. Please review the product details and choose carefully before purchasing.Replacement parts, alternative colours, sizes and future restocks may not be available for discontinued frames.This policy does not exclude or limit any rights under Australian Consumer Law, including where a product is faulty, not as described or fails to meet an applicable consumer guarantee.DeliveryDelivery timeframes and charges will be displayed at checkout. Estimated delivery dates are not guaranteed and may be affected by product availability, prescription requirements, order processing and carrier delays.","60% off",,No,brandreward,,https://1001optometry.com.au/,https://1001optometry.com.au/,https://1001optometry.com.au/,,https://brandlogos.org/api/get/images/?brand=1001optometry.com.au&size=[size]&format=[format]&token=ea6fcef397b1244e605374eb0469c8c8372bf605bd477d4afe4c74a68eeac79b&domain=nectarly.us,Deal,1001optometry.com.au,https://1001optometry.com.au/,"Green & Eco,Gifts",Eyewear,2026-08-31,2026-10-31,,Australia,AU,en,0
41263314,"Save 30% on Select Alora Lighting, Kuzco Lighting, and Alora Mood. No Code Required!",,"save 30%",,No,brandreward,,https://www.1800lighting.com/,https://www.1800lighting.com/,https://www.1800lighting.com/,http://www.brandreward.com/img/adv_logo/us-54389366233.jpeg,https://brandlogos.org/api/get/images/?brand=1800lighting.com&size=[size]&format=[format]&token=c08fd500ce324c098b120fd52511fa50b292217b2a82ee10012603650800f889&domain=nectarly.us,Deal,1800lighting.com,https://www.1800lighting.com/,Health,"Furniture and Decor",2026-09-09,2026-09-30,,"United States of America",US,en,0
41264005,"Up to 60% off - ONLINE ONLY","Refresh your look for the new season with up to 60% off selected eyewear, exclusively online at 1001 Optometry. Explore designer optical frames and sunglasses from leading brands, with selected styles available while stocks last.

From timeless everyday frames to statement sunglasses, discover eyewear to complement your style this season. Prescription lens options may be available on selected styles at an additional cost.

Shop the New Season Online Exclusive collection and save up to 60% on selected frames and sunglasses. Available for a limited time only. Exclusions and conditions apply.

New Season Online Exclusive: Up to 60% Off Selected Eyewear
The New Season Online Exclusive Offer is available online only at 1001 Optometry.

The offer is valid from 1 September to 30 September 2026, unless extended, amended or withdrawn earlier by 1001 Optometry.

Customers can receive up to 60% off selected optical frames and sunglasses included in the New Season Online Exclusive collection. Not all eligible products will receive the maximum discount.

Discounts apply only to eligible products as displayed online. Prescription lenses and lens upgrades are charged separately unless expressly stated on the relevant product page.

Eligible products, discount levels and availability may vary throughout the promotional period.

The offer is available while stocks last. No rainchecks apply.

The offer excludes eye tests, contact lenses, accessories, gift cards, in-store purchases and non-participating products.

This online offer cannot be combined with in-store promotions, including the September Do Good. Look Good. offers, or with any other discount code, voucher or promotional offer unless expressly stated.

Promotional discounts cannot be redeemed for cash or credit.

The offer cannot be applied retrospectively to previous purchases or existing orders.

1001 Optometry reserves the right to verify product and customer eligibility and to amend, suspend or withdraw the promotion where reasonably necessary.

General Terms
Offers are available during the stated promotional period only.

Online and in-store offers are separate promotions and cannot be combined unless expressly stated.

1001 Optometry reserves the right to verify eligibility for any promotional offer.

By redeeming this offer, customers agree to these Terms & Conditions.

Nothing in these terms excludes, restricts or modifies any rights or remedies available under Australian Consumer Law that cannot lawfully be excluded, restricted or modified.

Discontinued and Final-Sale Stock
Products clearly marked as discontinued or final sale are not eligible for returns, refunds or exchanges for change of mind, incorrect selection or a change in personal requirements. Please review the product details and choose carefully before purchasing.

Replacement parts, alternative colours, sizes and future restocks may not be available for discontinued frames.

This policy does not exclude or limit any rights under Australian Consumer Law, including where a product is faulty, not as described or fails to meet an applicable consumer guarantee.

Delivery
Delivery timeframes and charges will be displayed at checkout. Estimated delivery dates are not guaranteed and may be affected by product availability, prescription requirements, order processing and carrier delays. Up to 60% off - ONLINE ONLY","60% off",,No,skimlinks,,https://1001optometry.com.au/collections/new-season-up-to-60-off-online-only,https://1001optometry.com.au/collections/new-season-up-to-60-off-online-only,https://1001optometry.com.au/collections/new-season-up-to-60-off-online-only,https://static.skimlinks.com/images/merchant_logos/advertiser_logo_137272.gif,https://brandlogos.org/api/get/images/?brand=1001optometry.com.au&size=[size]&format=[format]&token=ea6fcef397b1244e605374eb0469c8c8372bf605bd477d4afe4c74a68eeac79b&domain=nectarly.us,Deal,1001optometry.com.au,https://1001optometry.com.au/,,Eyewear,2026-09-01,2026-10-31,,Australia,AU,en,0
41268551,"Save 20% on Minka Lavery Lighting. No Code Required!",,"save 20%",,No,brandreward,,https://www.1800lighting.com/,https://www.1800lighting.com/,https://www.1800lighting.com/,http://www.brandreward.com/img/adv_logo/us-54389366233.jpeg,https://brandlogos.org/api/get/images/?brand=1800lighting.com&size=[size]&format=[format]&token=c08fd500ce324c098b120fd52511fa50b292217b2a82ee10012603650800f889&domain=nectarly.us,Deal,1800lighting.com,https://www.1800lighting.com/,Health,"Furniture and Decor",2026-09-04,2026-09-18,,"United States of America",US,en,0
41268552,Eglo-Select-15-09-26,"Save 15% on select Eglo Lighting. No code required.","save 15%",,No,brandreward,,https://www.1800lighting.com/,https://www.1800lighting.com/,https://www.1800lighting.com/,http://www.brandreward.com/img/adv_logo/us-54389366233.jpeg,https://brandlogos.org/api/get/images/?brand=1800lighting.com&size=[size]&format=[format]&token=c08fd500ce324c098b120fd52511fa50b292217b2a82ee10012603650800f889&domain=nectarly.us,Deal,1800lighting.com,https://www.1800lighting.com/,Health,"Home Appliances",2026-09-10,2026-10-01,,"United States of America",US,en,0
41268553,"Save 15% on Select Designs by Savoy House and Meridian Lighting. No Code Required!",,"save 15%",,No,brandreward,,https://www.1800lighting.com/,https://www.1800lighting.com/,https://www.1800lighting.com/,http://www.brandreward.com/img/adv_logo/us-54389366233.jpeg,https://brandlogos.org/api/get/images/?brand=1800lighting.com&size=[size]&format=[format]&token=c08fd500ce324c098b120fd52511fa50b292217b2a82ee10012603650800f889&domain=nectarly.us,Deal,1800lighting.com,https://www.1800lighting.com/,Health,"Furniture and Decor",2026-09-10,2026-09-30,,"United States of America",US,en,0
41315469,"100% PURE - Nature Evolved. Beauty Delivered","100% PURE - Nature Evolved. Beauty Delivered","Best Offer",,No,flexoffers,,https://www.100percentpure.com/em-cgi/btag/,https://www.100percentpure.com/em-cgi/btag/,https://www.100percentpure.com/em-cgi/btag/,http://a.impactradius-go.com/display-ad/37229-3314057,https://brandlogos.org/api/get/images/?brand=100percentpure.com&size=[size]&format=[format]&token=d18d1349dc7d9489f61a1512ba364bb2cda97e433b650628c224322e28eb691f&domain=nectarly.us,Deal,100percentpure.com,https://www.100percentpure.com/,"Beauty and Grooming","Makeup Products",2025-10-10,,,"United States of America",US,en,1
41315470,"Purist Perks - Earn Points, Get Rewards","We've dreamed up some wonderful ways to reward you for shopping at 100% PURE®, and signing up is easy! Discover the amazing benefits that come with each step of our 3 tiers rewards system!","Save Big",,No,flexoffers,,https://www.100percentpure.com/em-cgi/btag/pages/purist-perks,https://www.100percentpure.com/em-cgi/btag/pages/purist-perks,https://www.100percentpure.com/em-cgi/btag/pages/purist-perks,,https://brandlogos.org/api/get/images/?brand=100percentpure.com&size=[size]&format=[format]&token=d18d1349dc7d9489f61a1512ba364bb2cda97e433b650628c224322e28eb691f&domain=nectarly.us,Deal,100percentpure.com,https://www.100percentpure.com/,"Beauty and Grooming","Makeup Products",2026-01-26,,,"United States of America",US,en,1
41315471,"Welcome Offer - Get 20% off Your First Order","Get 20% OFF your first order when you sign up to our newsletter","20% off",,No,flexoffers,,https://www.100percentpure.com/em-cgi/btag/,https://www.100percentpure.com/em-cgi/btag/,https://www.100percentpure.com/em-cgi/btag/,,https://brandlogos.org/api/get/images/?brand=100percentpure.com&size=[size]&format=[format]&token=d18d1349dc7d9489f61a1512ba364bb2cda97e433b650628c224322e28eb691f&domain=nectarly.us,Deal,100percentpure.com,https://www.100percentpure.com/,"Beauty and Grooming","Body Care",2026-01-26,,,"United States of America",US,en,1
41315472,"100% PURE - Logo","100% PURE - Logo","Great Value",,No,flexoffers,,https://www.100percentpure.com/em-cgi/btag/,https://www.100percentpure.com/em-cgi/btag/,https://www.100percentpure.com/em-cgi/btag/,http://a.impactradius-go.com/display-ad/37229-3059938,https://brandlogos.org/api/get/images/?brand=100percentpure.com&size=[size]&format=[format]&token=d18d1349dc7d9489f61a1512ba364bb2cda97e433b650628c224322e28eb691f&domain=nectarly.us,Deal,100percentpure.com,https://www.100percentpure.com/,"Beauty and Grooming","Makeup Products",2025-06-19,,,"United States of America",US,en,1
41315473,"Free US Standard Shipping on orders $50+ at www.100percentpure.com","Free US Standard Shipping on orders $50+ at www.100percentpure.com","Great Value",,No,flexoffers,,https://www.100percentpure.com/em-cgi/btag/,https://www.100percentpure.com/em-cgi/btag/,https://www.100percentpure.com/em-cgi/btag/,,https://brandlogos.org/api/get/images/?brand=100percentpure.com&size=[size]&format=[format]&token=d18d1349dc7d9489f61a1512ba364bb2cda97e433b650628c224322e28eb691f&domain=nectarly.us,Deal,100percentpure.com,https://www.100percentpure.com/,"Beauty and Grooming","Body Care",2025-06-19,,,"United States of America",US,en,1
41315474,"Shop 100% PURE Best Sellers","Shop 100% PURE Best Sellers ","Great Value",,No,flexoffers,,https://www.100percentpure.com/em-cgi/btag/collections/best-sellers,https://www.100percentpure.com/em-cgi/btag/collections/best-sellers,https://www.100percentpure.com/em-cgi/btag/collections/best-sellers,,https://brandlogos.org/api/get/images/?brand=100percentpure.com&size=[size]&format=[format]&token=d18d1349dc7d9489f61a1512ba364bb2cda97e433b650628c224322e28eb691f&domain=nectarly.us,Deal,100percentpure.com,https://www.100percentpure.com/,"Beauty and Grooming","Makeup Products",2025-07-14,,,"United States of America",US,en,1
41315475,"100% PURE Monthly Subscription Boxes","Discover 100% PURE's Monthly Subscription Boxes, featuring a curated selection of clean beauty products for skincare, hair care, makeup, and body care.","Great Value",,No,flexoffers,,https://www.100percentpure.com/em-cgi/btag/collections/monthly-subscription-boxes,https://www.100percentpure.com/em-cgi/btag/collections/monthly-subscription-boxes,https://www.100percentpure.com/em-cgi/btag/collections/monthly-subscription-boxes,,https://brandlogos.org/api/get/images/?brand=100percentpure.com&size=[size]&format=[format]&token=d18d1349dc7d9489f61a1512ba364bb2cda97e433b650628c224322e28eb691f&domain=nectarly.us,Deal,100percentpure.com,https://www.100percentpure.com/,"Beauty and Grooming","Makeup Products",2025-07-03,,,"United States of America",US,en,1
41315476,"Free US Standard Shipping on orders $50+ at www.100percentpure.com",,"Save Big",,No,flexoffers,,https://www.100percentpure.com/em-cgi/btag/,https://www.100percentpure.com/em-cgi/btag/,https://www.100percentpure.com/em-cgi/btag/,,https://brandlogos.org/api/get/images/?brand=100percentpure.com&size=[size]&format=[format]&token=d18d1349dc7d9489f61a1512ba364bb2cda97e433b650628c224322e28eb691f&domain=nectarly.us,Deal,100percentpure.com,https://www.100percentpure.com/,"Beauty and Grooming",,,,,"United States of America",US,en,0
41317270,"National Ink & Toner Day (18%)","18% Off Compatible Printer Cartridges + 5% Off OEM with code . Offer ends 9/17/2026Discount Percent: 18,","18% off",INK18,No,brandreward,,https://www.123inkjets.com/,https://www.123inkjets.com/,https://www.123inkjets.com/,http://www.brandreward.com/img/adv_logo/us-92890560656.png,https://brandlogos.org/api/get/images/?brand=123inkjets.com&size=[size]&format=[format]&token=12d0c01152660957d1a4ca166a5f8b4e15c294400d4d085e1d268da6c64c53f5&domain=nectarly.us,Code,123inkjets.com,https://www.123inkjets.com/,Other,"Office Supplies",2026-09-11,2026-09-18,,"United States of America",US,en,1
41320045,Savoy-Select-15-09-26,"Save 15% on select designs by Savoy House and Meridian Lighting. No code required.","save 15%",,No,brandreward,,https://www.1800lighting.com/,https://www.1800lighting.com/,https://www.1800lighting.com/,http://www.brandreward.com/img/adv_logo/us-54389366233.jpeg,https://brandlogos.org/api/get/images/?brand=1800lighting.com&size=[size]&format=[format]&token=c08fd500ce324c098b120fd52511fa50b292217b2a82ee10012603650800f889&domain=nectarly.us,Deal,1800lighting.com,https://www.1800lighting.com/,Health,"Furniture and Decor",2026-09-10,2026-10-01,,"United States of America",US,en,0
41320046,Minka-Lavery-All-20-09-26,"Save 20% on MInka Lavery Lighting. No code required.","save 20%",,No,brandreward,,https://www.1800lighting.com/,https://www.1800lighting.com/,https://www.1800lighting.com/,http://www.brandreward.com/img/adv_logo/us-54389366233.jpeg,https://brandlogos.org/api/get/images/?brand=1800lighting.com&size=[size]&format=[format]&token=c08fd500ce324c098b120fd52511fa50b292217b2a82ee10012603650800f889&domain=nectarly.us,Deal,1800lighting.com,https://www.1800lighting.com/,Health,"Furniture and Decor",2026-09-04,2026-09-19,,"United States of America",US,en,0
41320247,"Save 20% on Kovacs Lighting. No code required!",,"save 20%",,No,brandreward,,https://www.1800lighting.com/,https://www.1800lighting.com/,https://www.1800lighting.com/,http://www.brandreward.com/img/adv_logo/us-54389366233.jpeg,https://brandlogos.org/api/get/images/?brand=1800lighting.com&size=[size]&format=[format]&token=c08fd500ce324c098b120fd52511fa50b292217b2a82ee10012603650800f889&domain=nectarly.us,Deal,1800lighting.com,https://www.1800lighting.com/,Health,"Furniture and Decor",2026-09-04,2026-09-18,,"United States of America",US,en,0
41320248,"Save 20% on Metropolitan Lighting. No code required!",,"save 20%",,No,brandreward,,https://www.1800lighting.com/,https://www.1800lighting.com/,https://www.1800lighting.com/,http://www.brandreward.com/img/adv_logo/us-54389366233.jpeg,https://brandlogos.org/api/get/images/?brand=1800lighting.com&size=[size]&format=[format]&token=c08fd500ce324c098b120fd52511fa50b292217b2a82ee10012603650800f889&domain=nectarly.us,Deal,1800lighting.com,https://www.1800lighting.com/,Health,"Furniture and Decor",2026-09-04,2026-09-18,,"United States of America",US,en,0
41320249,"Save 20% on Millennium Lighting. No code required!",,"save 20%",,No,brandreward,,https://www.1800lighting.com/,https://www.1800lighting.com/,https://www.1800lighting.com/,http://www.brandreward.com/img/adv_logo/us-54389366233.jpeg,https://brandlogos.org/api/get/images/?brand=1800lighting.com&size=[size]&format=[format]&token=c08fd500ce324c098b120fd52511fa50b292217b2a82ee10012603650800f889&domain=nectarly.us,Deal,1800lighting.com,https://www.1800lighting.com/,Health,,2026-09-04,2026-09-14,,"United States of America",US,en,0
41320250,"Save 20% on MInka Aire. No code required!",,"save 20%",,No,brandreward,,https://www.1800lighting.com/,https://www.1800lighting.com/,https://www.1800lighting.com/,http://www.brandreward.com/img/adv_logo/us-54389366233.jpeg,https://brandlogos.org/api/get/images/?brand=1800lighting.com&size=[size]&format=[format]&token=c08fd500ce324c098b120fd52511fa50b292217b2a82ee10012603650800f889&domain=nectarly.us,Deal,1800lighting.com,https://www.1800lighting.com/,Health,"Home Appliances",2026-09-04,2026-09-18,,"United States of America",US,en,0
41320251,"Save up to 25% on select Beacon Lighting. No code required!",,"save 25%",,No,brandreward,,https://www.1800lighting.com/,https://www.1800lighting.com/,https://www.1800lighting.com/,http://www.brandreward.com/img/adv_logo/us-54389366233.jpeg,https://brandlogos.org/api/get/images/?brand=1800lighting.com&size=[size]&format=[format]&token=c08fd500ce324c098b120fd52511fa50b292217b2a82ee10012603650800f889&domain=nectarly.us,Deal,1800lighting.com,https://www.1800lighting.com/,Health,"Home Appliances",2026-09-05,2026-09-18,,"United States of America",US,en,0
41320252,"Save 15% on select Eglo Lighting. No code required!",,"save 15%",,No,brandreward,,https://www.1800lighting.com/,https://www.1800lighting.com/,https://www.1800lighting.com/,http://www.brandreward.com/img/adv_logo/us-54389366233.jpeg,https://brandlogos.org/api/get/images/?brand=1800lighting.com&size=[size]&format=[format]&token=c08fd500ce324c098b120fd52511fa50b292217b2a82ee10012603650800f889&domain=nectarly.us,Deal,1800lighting.com,https://www.1800lighting.com/,Health,"Furniture and Decor",2026-09-10,2026-09-30,,"United States of America",US,en,0
41320395,"National Ink & Toner Day (18%)-18% Off Compatible Printer Cartridges + 5% Off OEM with code INK18. Offer ends 9/17/2026","National Ink & Toner Day (18%)","-18% off",INK18,No,skimlinks,,https://www.123inkjets.com/deals/ink-toner-offer,https://www.123inkjets.com/deals/ink-toner-offer,https://www.123inkjets.com/deals/ink-toner-offer,https://static.skimlinks.com/images/merchant_logos/advertiser_logo_117924.gif,https://brandlogos.org/api/get/images/?brand=123inkjets.com&size=[size]&format=[format]&token=12d0c01152660957d1a4ca166a5f8b4e15c294400d4d085e1d268da6c64c53f5&domain=nectarly.us,Code,123inkjets.com,https://www.123inkjets.com/,,"Office Supplies",2026-09-11,2026-09-18,,"United States of America",US,en,1
41320657,"Save 15% on select Eglo Lighting. No code required!","Save 15% on select Eglo Lighting. No code required!","save 15%",,No,skimlinks,,https://www.1800lighting.com/brand-eglo-lighting/,https://www.1800lighting.com/brand-eglo-lighting/,https://www.1800lighting.com/brand-eglo-lighting/,https://static.skimlinks.com/images/merchant_logos/advertiser_logo_7816.gif,https://brandlogos.org/api/get/images/?brand=1800lighting.com&size=[size]&format=[format]&token=c08fd500ce324c098b120fd52511fa50b292217b2a82ee10012603650800f889&domain=nectarly.us,Deal,1800lighting.com,https://www.1800lighting.com/,,"Furniture and Decor",2026-09-10,2026-10-01,,"United States of America",US,en,0
41320658,"Save 20% on Minka Lavery Lighting. No Code Required!","Save 20% on Minka Lavery Lighting. No Code Required!","save 20%",,No,skimlinks,,https://www.1800lighting.com/brand-minka-aire/,https://www.1800lighting.com/brand-minka-aire/,https://www.1800lighting.com/brand-minka-aire/,https://static.skimlinks.com/images/merchant_logos/advertiser_logo_7816.gif,https://brandlogos.org/api/get/images/?brand=1800lighting.com&size=[size]&format=[format]&token=c08fd500ce324c098b120fd52511fa50b292217b2a82ee10012603650800f889&domain=nectarly.us,Deal,1800lighting.com,https://www.1800lighting.com/,,"Furniture and Decor",2026-09-04,2026-09-19,,"United States of America",US,en,0
41321018,"40% Off First Time AutoShip with code HILLSRX40 on Hills Prescription Diet Full Portfolio","40% Off First Time AutoShip with code HILLSRX40 on Hills Prescription Diet Full Portfolio","40% off",HILLSRX40,No,skimlinks,,https://www.1800petmeds.com/hills.html?prefn1=brand,https://www.1800petmeds.com/hills.html?prefn1=brand,https://www.1800petmeds.com/hills.html?prefn1=brand,https://static.skimlinks.com/images/merchant_logos/advertiser_logo_80189.gif,https://brandlogos.org/api/get/images/?brand=1800petmeds.com&size=[size]&format=[format]&token=b061905397e44b387a5590ab545c592b6c8b028195527fb54c787caae0d5b4fa&domain=nectarly.us,Code,1800petmeds.com,https://www.1800petmeds.com/,,"Pet Supplies",2026-08-31,2026-09-14,,"United States of America",US,en,1
41321022,"40% Off First Time AutoShip with code HILLSRX40 on Hills Prescription Diet Full Portfolio","40% Off First Time AutoShip with code HILLSRX40 on Hills Prescription Diet Full Portfolio","40% off",,No,skimlinks,,https://www.1800petmeds.com/hills.html?prefn1=brand,https://www.1800petmeds.com/hills.html?prefn1=brand,https://www.1800petmeds.com/hills.html?prefn1=brand,https://static.skimlinks.com/images/merchant_logos/advertiser_logo_80189.gif,https://brandlogos.org/api/get/images/?brand=1800petmeds.com&size=[size]&format=[format]&token=b061905397e44b387a5590ab545c592b6c8b028195527fb54c787caae0d5b4fa&domain=nectarly.us,Deal,1800petmeds.com,https://www.1800petmeds.com/,,"Pet Supplies",2026-08-31,2026-09-14,,"United States of America",US,en,0
41321082,"Save 30% on Select Alora Lighting, Kuzco Lighting, and Alora Mood. No Code Required!","Save 30% on Select Alora Lighting, Kuzco Lighting, and Alora Mood. No Code Required!","save 30%",,No,skimlinks,,https://www.1800lighting.com/brand-alora-lighting/,https://www.1800lighting.com/brand-alora-lighting/,https://www.1800lighting.com/brand-alora-lighting/,https://static.skimlinks.com/images/merchant_logos/advertiser_logo_7816.gif,https://brandlogos.org/api/get/images/?brand=1800lighting.com&size=[size]&format=[format]&token=c08fd500ce324c098b120fd52511fa50b292217b2a82ee10012603650800f889&domain=nectarly.us,Deal,1800lighting.com,https://www.1800lighting.com/,,"Furniture and Decor",2026-09-09,2026-10-01,,"United States of America",US,en,0
41333346,"100 Year Anniversary Logo (1-800Lighting)",,"Super Offer",,No,flexoffers,,https://www.1800lighting.com/on/demandware.store/Sites-CapitolLighting_US-Site/en_US/Advertise-PassRakuten,https://www.1800lighting.com/on/demandware.store/Sites-CapitolLighting_US-Site/en_US/Advertise-PassRakuten,https://www.1800lighting.com/on/demandware.store/Sites-CapitolLighting_US-Site/en_US/Advertise-PassRakuten,https://ad.linksynergy.com/fs-bin/show?id=PPkX79/c*b0&bids=968309.49&type=4,https://brandlogos.org/api/get/images/?brand=1800lighting.com&size=[size]&format=[format]&token=c08fd500ce324c098b120fd52511fa50b292217b2a82ee10012603650800f889&domain=nectarly.us,Deal,1800lighting.com,https://www.1800lighting.com/,"Home Goods","Furniture and Decor",2024-03-25,2030-03-25,,"United States of America",US,en,0
41333347,"100 Year Anniversary Logo (Capitol Lighting)",,"Hot Offer",,No,flexoffers,,https://www.1800lighting.com/on/demandware.store/Sites-CapitolLighting_US-Site/en_US/Advertise-PassRakuten,https://www.1800lighting.com/on/demandware.store/Sites-CapitolLighting_US-Site/en_US/Advertise-PassRakuten,https://www.1800lighting.com/on/demandware.store/Sites-CapitolLighting_US-Site/en_US/Advertise-PassRakuten,https://ad.linksynergy.com/fs-bin/show?id=PPkX79/c*b0&bids=968309.50&type=4,https://brandlogos.org/api/get/images/?brand=1800lighting.com&size=[size]&format=[format]&token=c08fd500ce324c098b120fd52511fa50b292217b2a82ee10012603650800f889&domain=nectarly.us,Deal,1800lighting.com,https://www.1800lighting.com/,"Home Goods","Furniture and Decor",2024-03-25,2030-03-25,,"United States of America",US,en,0
41333348,"800Lighting Evergreen",,"Hot Offer",,No,flexoffers,,https://www.1800lighting.com/on/demandware.store/Sites-CapitolLighting_US-Site/en_US/Advertise-PassRakuten,https://www.1800lighting.com/on/demandware.store/Sites-CapitolLighting_US-Site/en_US/Advertise-PassRakuten,https://www.1800lighting.com/on/demandware.store/Sites-CapitolLighting_US-Site/en_US/Advertise-PassRakuten,https://ad.linksynergy.com/fs-bin/show?id=PPkX79/c*b0&bids=968309.37&type=4,https://brandlogos.org/api/get/images/?brand=1800lighting.com&size=[size]&format=[format]&token=c08fd500ce324c098b120fd52511fa50b292217b2a82ee10012603650800f889&domain=nectarly.us,Deal,1800lighting.com,https://www.1800lighting.com/,"Home Goods","Furniture and Decor",2021-09-20,2027-09-20,,"United States of America",US,en,0
41333349,Logo,,"Hot Offer",,No,flexoffers,,https://www.1800lighting.com/on/demandware.store/Sites-CapitolLighting_US-Site/en_US/Advertise-PassRakuten,https://www.1800lighting.com/on/demandware.store/Sites-CapitolLighting_US-Site/en_US/Advertise-PassRakuten,https://www.1800lighting.com/on/demandware.store/Sites-CapitolLighting_US-Site/en_US/Advertise-PassRakuten,https://ad.linksynergy.com/fs-bin/show?id=PPkX79/c*b0&bids=968309.3&type=4,https://brandlogos.org/api/get/images/?brand=1800lighting.com&size=[size]&format=[format]&token=c08fd500ce324c098b120fd52511fa50b292217b2a82ee10012603650800f889&domain=nectarly.us,Deal,1800lighting.com,https://www.1800lighting.com/,"Home Goods","Furniture and Decor",2021-07-02,2027-07-15,,"United States of America",US,en,0
41333350,"Lifestyle Square Imagery",,"Hot Offer",,No,flexoffers,,https://www.1800lighting.com/on/demandware.store/Sites-CapitolLighting_US-Site/en_US/Advertise-PassRakuten,https://www.1800lighting.com/on/demandware.store/Sites-CapitolLighting_US-Site/en_US/Advertise-PassRakuten,https://www.1800lighting.com/on/demandware.store/Sites-CapitolLighting_US-Site/en_US/Advertise-PassRakuten,https://ad.linksynergy.com/fs-bin/show?id=PPkX79/c*b0&bids=968309.54&type=4,https://brandlogos.org/api/get/images/?brand=1800lighting.com&size=[size]&format=[format]&token=c08fd500ce324c098b120fd52511fa50b292217b2a82ee10012603650800f889&domain=nectarly.us,Deal,1800lighting.com,https://www.1800lighting.com/,"Home Goods","Furniture and Decor",2026-03-09,2032-03-09,,"United States of America",US,en,0
41333351,"Fall Flash Sale!","Fall Flash Sale! Save up to 25% off top designers and brands with code: FALLFLASH","save 25%",,No,flexoffers,,https://www.1800lighting.com/,https://www.1800lighting.com/,https://www.1800lighting.com/,,https://brandlogos.org/api/get/images/?brand=1800lighting.com&size=[size]&format=[format]&token=c08fd500ce324c098b120fd52511fa50b292217b2a82ee10012603650800f889&domain=nectarly.us,Deal,1800lighting.com,https://www.1800lighting.com/,"Home Goods","Furniture and Decor",2026-09-21,2026-09-30,,"United States of America",US,en,0
41333352,Elegant-Decor-Select-20-09-26,"Save 20% on select Elegant Decor. No code required.","save 20%",,No,flexoffers,,https://www.1800lighting.com/,https://www.1800lighting.com/,https://www.1800lighting.com/,,https://brandlogos.org/api/get/images/?brand=1800lighting.com&size=[size]&format=[format]&token=c08fd500ce324c098b120fd52511fa50b292217b2a82ee10012603650800f889&domain=nectarly.us,Deal,1800lighting.com,https://www.1800lighting.com/,"Home Goods","Furniture and Decor",2026-09-02,2026-10-01,,"United States of America",US,en,0
41333353,Elegant-Lighting-Select-20-09-26,"Save 20% on select Elegant Lighting. No code required.","save 20%",,No,flexoffers,,https://www.1800lighting.com/,https://www.1800lighting.com/,https://www.1800lighting.com/,,https://brandlogos.org/api/get/images/?brand=1800lighting.com&size=[size]&format=[format]&token=c08fd500ce324c098b120fd52511fa50b292217b2a82ee10012603650800f889&domain=nectarly.us,Deal,1800lighting.com,https://www.1800lighting.com/,"Home Goods","Furniture and Decor",2026-09-02,2026-10-01,,"United States of America",US,en,0
41333354,Alora-Kuzco-Select-30-09-26,"Save 30% on select Alora Lighting, Kuzco Lighting, and Alora Mood. No code required.","save 30%",,No,flexoffers,,https://www.1800lighting.com/,https://www.1800lighting.com/,https://www.1800lighting.com/,,https://brandlogos.org/api/get/images/?brand=1800lighting.com&size=[size]&format=[format]&token=c08fd500ce324c098b120fd52511fa50b292217b2a82ee10012603650800f889&domain=nectarly.us,Deal,1800lighting.com,https://www.1800lighting.com/,"Home Goods","Furniture and Decor,Home Appliances,Kitchenware,Smart Devices,Grocery,Gardening Supplies,Office Supplies,Arts and Crafts",2026-09-09,2026-10-01,,"United States of America",US,en,0
41333355,Eglo-Select-15-09-26,"Save 15% on select Eglo Lighting. No code required.","save 15%",,No,flexoffers,,https://www.1800lighting.com/,https://www.1800lighting.com/,https://www.1800lighting.com/,,https://brandlogos.org/api/get/images/?brand=1800lighting.com&size=[size]&format=[format]&token=c08fd500ce324c098b120fd52511fa50b292217b2a82ee10012603650800f889&domain=nectarly.us,Deal,1800lighting.com,https://www.1800lighting.com/,"Home Goods","Furniture and Decor",2026-09-10,2026-10-01,,"United States of America",US,en,0
41333356,Savoy-Select-15-09-26,"Save 15% on select designs by Savoy House and Meridian Lighting. No code required.","save 15%",,No,flexoffers,,https://www.1800lighting.com/,https://www.1800lighting.com/,https://www.1800lighting.com/,,https://brandlogos.org/api/get/images/?brand=1800lighting.com&size=[size]&format=[format]&token=c08fd500ce324c098b120fd52511fa50b292217b2a82ee10012603650800f889&domain=nectarly.us,Deal,1800lighting.com,https://www.1800lighting.com/,"Home Goods","Furniture and Decor",2026-09-10,2026-10-01,,"United States of America",US,en,0
41333357,ET2-Select-10-09-26,"Save 10% on Select Styles from ET2 Lighting","save 10%",,No,flexoffers,,https://www.1800lighting.com/,https://www.1800lighting.com/,https://www.1800lighting.com/,,https://brandlogos.org/api/get/images/?brand=1800lighting.com&size=[size]&format=[format]&token=c08fd500ce324c098b120fd52511fa50b292217b2a82ee10012603650800f889&domain=nectarly.us,Deal,1800lighting.com,https://www.1800lighting.com/,"Home Goods","Furniture and Decor",2026-09-11,2026-10-01,,"United States of America",US,en,0
41333358,Maxim-Select-10-09-26,"Save 10% on Select Styles from Maxim Lighting","save 10%",,No,flexoffers,,https://www.1800lighting.com/,https://www.1800lighting.com/,https://www.1800lighting.com/,,https://brandlogos.org/api/get/images/?brand=1800lighting.com&size=[size]&format=[format]&token=c08fd500ce324c098b120fd52511fa50b292217b2a82ee10012603650800f889&domain=nectarly.us,Deal,1800lighting.com,https://www.1800lighting.com/,"Home Goods","Furniture and Decor",2026-09-11,2026-10-01,,"United States of America",US,en,0
41333359,Eurofase-Select-20-09-26,"Save 20% on select lighting from Eurofase. No code required.","save 20%",,No,flexoffers,,https://www.1800lighting.com/,https://www.1800lighting.com/,https://www.1800lighting.com/,,https://brandlogos.org/api/get/images/?brand=1800lighting.com&size=[size]&format=[format]&token=c08fd500ce324c098b120fd52511fa50b292217b2a82ee10012603650800f889&domain=nectarly.us,Deal,1800lighting.com,https://www.1800lighting.com/,"Home Goods",,2026-09-14,2026-10-05,,"United States of America",US,en,0
41333360,Varaluz-All-15-09-26,"Save 15% on Varaluz Lighting. No code required.","Super Offer",,No,flexoffers,,https://www.1800lighting.com/,https://www.1800lighting.com/,https://www.1800lighting.com/,,https://brandlogos.org/api/get/images/?brand=1800lighting.com&size=[size]&format=[format]&token=c08fd500ce324c098b120fd52511fa50b292217b2a82ee10012603650800f889&domain=nectarly.us,Deal,1800lighting.com,https://www.1800lighting.com/,"Home Goods","Furniture and Decor",2026-09-15,2026-10-06,,"United States of America",US,te-Latn,0
41333361,Artemide-Select-20-09-26,"Save 20% on select Artemide lamps and lighting fixtures. No code required.","save 20%",,No,flexoffers,,https://www.1800lighting.com/,https://www.1800lighting.com/,https://www.1800lighting.com/,,https://brandlogos.org/api/get/images/?brand=1800lighting.com&size=[size]&format=[format]&token=c08fd500ce324c098b120fd52511fa50b292217b2a82ee10012603650800f889&domain=nectarly.us,Deal,1800lighting.com,https://www.1800lighting.com/,"Home Goods","Furniture and Decor",2026-09-02,2026-10-07,,"United States of America",US,en,0
41333362,Eurofase-Select-15-09-26,"Save 15% on select lighting from Eurofase Lighting. No code required.","save 15%",,No,flexoffers,,https://www.1800lighting.com/,https://www.1800lighting.com/,https://www.1800lighting.com/,,https://brandlogos.org/api/get/images/?brand=1800lighting.com&size=[size]&format=[format]&token=c08fd500ce324c098b120fd52511fa50b292217b2a82ee10012603650800f889&domain=nectarly.us,Deal,1800lighting.com,https://www.1800lighting.com/,"Home Goods","Home Appliances",2026-09-28,2026-10-12,,"United States of America",US,en,0
41333363,"New Customers Save 20% Off Designer Lighting from Capitol Lighting","New Customers Save 20% Off Designer Lighting from Capitol Lighting","save 20%",,No,flexoffers,,https://www.1800lighting.com/on/demandware.store/Sites-CapitolLighting_US-Site/en_US/Advertise-PassRakuten,https://www.1800lighting.com/on/demandware.store/Sites-CapitolLighting_US-Site/en_US/Advertise-PassRakuten,https://www.1800lighting.com/on/demandware.store/Sites-CapitolLighting_US-Site/en_US/Advertise-PassRakuten,,https://brandlogos.org/api/get/images/?brand=1800lighting.com&size=[size]&format=[format]&token=c08fd500ce324c098b120fd52511fa50b292217b2a82ee10012603650800f889&domain=nectarly.us,Deal,1800lighting.com,https://www.1800lighting.com/,"Home Goods","Furniture and Decor",2021-07-02,2027-10-21,,"United States of America",US,en,0
41333364,"Free Ground Shipping on most orders over $49* see site for details","Free Ground Shipping on most orders over $49* see site for details","Save Big",,No,flexoffers,,https://www.1800lighting.com/on/demandware.store/Sites-CapitolLighting_US-Site/en_US/Advertise-PassRakuten,https://www.1800lighting.com/on/demandware.store/Sites-CapitolLighting_US-Site/en_US/Advertise-PassRakuten,https://www.1800lighting.com/on/demandware.store/Sites-CapitolLighting_US-Site/en_US/Advertise-PassRakuten,,https://brandlogos.org/api/get/images/?brand=1800lighting.com&size=[size]&format=[format]&token=c08fd500ce324c098b120fd52511fa50b292217b2a82ee10012603650800f889&domain=nectarly.us,Deal,1800lighting.com,https://www.1800lighting.com/,"Home Goods","Home Appliances",2021-11-08,2027-11-08,,"United States of America",US,en,0
41333365,"Check out 1-800Lighting's Brilliant Home Digital Catalog","Check out 1-800Lighting's Brilliant Home Digital Catalog","Hot Offer",,No,flexoffers,,https://www.1800lighting.com/on/demandware.store/Sites-CapitolLighting_US-Site/en_US/Advertise-PassRakuten,https://www.1800lighting.com/on/demandware.store/Sites-CapitolLighting_US-Site/en_US/Advertise-PassRakuten,https://www.1800lighting.com/on/demandware.store/Sites-CapitolLighting_US-Site/en_US/Advertise-PassRakuten,,https://brandlogos.org/api/get/images/?brand=1800lighting.com&size=[size]&format=[format]&token=c08fd500ce324c098b120fd52511fa50b292217b2a82ee10012603650800f889&domain=nectarly.us,Deal,1800lighting.com,https://www.1800lighting.com/,"Home Goods","Furniture and Decor",2024-01-15,2030-01-15,,"United States of America",US,en,0
41333366,"Save Up To 20% Off Designer Lighting from Capitol Lighting","Save Up To 20% Off Designer Lighting from Capitol Lighting","save 20%",,No,flexoffers,,https://www.1800lighting.com/on/demandware.store/Sites-CapitolLighting_US-Site/en_US/Advertise-PassRakuten,https://www.1800lighting.com/on/demandware.store/Sites-CapitolLighting_US-Site/en_US/Advertise-PassRakuten,https://www.1800lighting.com/on/demandware.store/Sites-CapitolLighting_US-Site/en_US/Advertise-PassRakuten,,https://brandlogos.org/api/get/images/?brand=1800lighting.com&size=[size]&format=[format]&token=c08fd500ce324c098b120fd52511fa50b292217b2a82ee10012603650800f889&domain=nectarly.us,Deal,1800lighting.com,https://www.1800lighting.com/,"Home Goods","Furniture and Decor",2021-07-02,2030-09-11,,"United States of America",US,en,0
41382909,text_005,,"Save Big",,No,flexoffers,,https://20cogs.co.uk/?keyword=250918,https://20cogs.co.uk/?keyword=250918,https://20cogs.co.uk/?keyword=250918,,https://brandlogos.org/api/get/images/?brand=20cogs.co.uk&size=[size]&format=[format]&token=a42c2e74c6ce5f2ce27a780995f9902ef74d6b9c9b3aeea90b531d552c073628&domain=nectarly.us,Deal,20cogs.co.uk,https://20cogs.co.uk/,"Online Surveys , Drawings",,,,,"United Kingdom",GB,en,0
41382910,text_002,,"Super Offer",,No,flexoffers,,https://20cogs.co.uk/?keyword=250918,https://20cogs.co.uk/?keyword=250918,https://20cogs.co.uk/?keyword=250918,,https://brandlogos.org/api/get/images/?brand=20cogs.co.uk&size=[size]&format=[format]&token=a42c2e74c6ce5f2ce27a780995f9902ef74d6b9c9b3aeea90b531d552c073628&domain=nectarly.us,Deal,20cogs.co.uk,https://20cogs.co.uk/,"Online Surveys , Drawings",,,,,"United Kingdom",GB,en,0
41382911,text_007,,"Super Offer",,No,flexoffers,,https://20cogs.co.uk/?keyword=250918,https://20cogs.co.uk/?keyword=250918,https://20cogs.co.uk/?keyword=250918,,https://brandlogos.org/api/get/images/?brand=20cogs.co.uk&size=[size]&format=[format]&token=a42c2e74c6ce5f2ce27a780995f9902ef74d6b9c9b3aeea90b531d552c073628&domain=nectarly.us,Deal,20cogs.co.uk,https://20cogs.co.uk/,"Online Surveys , Drawings",,,,,"United Kingdom",GB,en,0
41382912,text_004,,"Great Value",,No,flexoffers,,https://20cogs.co.uk/?keyword=250918,https://20cogs.co.uk/?keyword=250918,https://20cogs.co.uk/?keyword=250918,,https://brandlogos.org/api/get/images/?brand=20cogs.co.uk&size=[size]&format=[format]&token=a42c2e74c6ce5f2ce27a780995f9902ef74d6b9c9b3aeea90b531d552c073628&domain=nectarly.us,Deal,20cogs.co.uk,https://20cogs.co.uk/,"Online Surveys , Drawings",,,,,"United Kingdom",GB,en,0
41383049,"Fast broadband and cheap calls.",,"Great Value",,No,flexoffers,,https://www.1pbroadband.com/,https://www.1pbroadband.com/,https://www.1pbroadband.com/,,https://brandlogos.org/api/get/images/?brand=1pbroadband.com&size=[size]&format=[format]&token=7cb96f9d41894c49c815d15b89d76f97249136658663a43afecc148ef72ffa1c&domain=nectarly.us,Deal,1pbroadband.com,https://www.1pbroadband.com/,Wireless,,,,,"United Kingdom",GB,en,0
41383050,Default,,"Best Offer",,No,flexoffers,,https://www.1pmobile.com/,https://www.1pmobile.com/,https://www.1pmobile.com/,,https://brandlogos.org/api/get/images/?brand=1pmobile.com&size=[size]&format=[format]&token=cb28956783b7aa4b3d50352e96cf95d69866be12b6259a2d58f36a93339a6fbb&domain=nectarly.us,Deal,1pmobile.com,https://www.1pmobile.com/,"Telephone Services",,,,,"United Kingdom",GB,en,0
41383051,1pMobile.com,,"Great Value",,No,flexoffers,,https://www.1pmobile.com/,https://www.1pmobile.com/,https://www.1pmobile.com/,,https://brandlogos.org/api/get/images/?brand=1pmobile.com&size=[size]&format=[format]&token=cb28956783b7aa4b3d50352e96cf95d69866be12b6259a2d58f36a93339a6fbb&domain=nectarly.us,Deal,1pmobile.com,https://www.1pmobile.com/,"Telephone Services",,,,,"United Kingdom",GB,unknown,0
41383753,"Offer Link",,"Super Offer",,No,flexoffers,,https://www.linkhaitao.com/index.php,https://www.linkhaitao.com/index.php,https://www.linkhaitao.com/index.php,,https://brandlogos.org/api/get/images/?brand=17life.com&size=[size]&format=[format]&token=06c86c00a61de87a8f1a862a0d6c7fd982f2106ddb365bcb2167b344c65d07b8&domain=nectarly.us,Deal,17life.com,https://www.17life.com/,"Virtual Malls",,2023-05-17,,,Taiwan,TW,en,0
41385819,"2026_Summer Sale_300x250_V4_FR.png",,"Great Value",,No,flexoffers,,https://24bottles.com/fr/,https://24bottles.com/fr/,https://24bottles.com/fr/,https://hst.tradedoubler.com/file/331194/common/g/3961730a6724f037de96ef9040717bb3.png,https://brandlogos.org/api/get/images/?brand=24bottles.com&size=[size]&format=[format]&token=ec67022f9829436786450c94497ba377bccf2e15cbef1792c09d9eb5a1880692&domain=nectarly.us,Deal,24bottles.com,https://24bottles.com/,"Home Goods",Kitchenware,2026-07-15,,,"multi country",,en,0
41385820,"2026_Summer Sale_798x90_V1_FR.png",,"Save Big",,No,flexoffers,,https://24bottles.com/fr/,https://24bottles.com/fr/,https://24bottles.com/fr/,https://hst.tradedoubler.com/file/331194/common/g/2dd04115cfbeb8b0eda396b8dcfb01f6.png,https://brandlogos.org/api/get/images/?brand=24bottles.com&size=[size]&format=[format]&token=ec67022f9829436786450c94497ba377bccf2e15cbef1792c09d9eb5a1880692&domain=nectarly.us,Deal,24bottles.com,https://24bottles.com/,"Home Goods",Kitchenware,2026-07-15,,,"multi country",,en,0
41385821,"2026_Summer Sale_300x250_V2_FR.png",,"Super Offer",,No,flexoffers,,https://24bottles.com/fr/,https://24bottles.com/fr/,https://24bottles.com/fr/,https://hst.tradedoubler.com/file/331194/common/g/a0780c3f1bf55b75f385d1f3786c5aeb.png,https://brandlogos.org/api/get/images/?brand=24bottles.com&size=[size]&format=[format]&token=ec67022f9829436786450c94497ba377bccf2e15cbef1792c09d9eb5a1880692&domain=nectarly.us,Deal,24bottles.com,https://24bottles.com/,"Home Goods",Kitchenware,2026-07-15,,,"multi country",,en,0
41385822,"2026_Summer Sale_300x250_V3_FR.png",,"Best Offer",,No,flexoffers,,https://24bottles.com/fr/,https://24bottles.com/fr/,https://24bottles.com/fr/,https://hst.tradedoubler.com/file/331194/common/g/b1890d8c478fb59072f18caae287b371.png,https://brandlogos.org/api/get/images/?brand=24bottles.com&size=[size]&format=[format]&token=ec67022f9829436786450c94497ba377bccf2e15cbef1792c09d9eb5a1880692&domain=nectarly.us,Deal,24bottles.com,https://24bottles.com/,"Home Goods",Kitchenware,2026-07-15,,,"multi country",,en,0
41385823,"2026_Summer Sale_1000x562_V2_FR.png",,"Great Value",,No,flexoffers,,https://24bottles.com/fr/,https://24bottles.com/fr/,https://24bottles.com/fr/,https://hst.tradedoubler.com/file/331194/common/g/77a61a0f2a9b6583e7a1ea47d51e70fd.png,https://brandlogos.org/api/get/images/?brand=24bottles.com&size=[size]&format=[format]&token=ec67022f9829436786450c94497ba377bccf2e15cbef1792c09d9eb5a1880692&domain=nectarly.us,Deal,24bottles.com,https://24bottles.com/,"Home Goods",Kitchenware,2026-07-15,,,"multi country",,en,0
41385824,"2026_Summer Sale_300x250_V1_FR.png",,"Save Big",,No,flexoffers,,https://24bottles.com/fr/,https://24bottles.com/fr/,https://24bottles.com/fr/,https://hst.tradedoubler.com/file/331194/common/g/a76e81cd0898d2893163efef214c0475.png,https://brandlogos.org/api/get/images/?brand=24bottles.com&size=[size]&format=[format]&token=ec67022f9829436786450c94497ba377bccf2e15cbef1792c09d9eb5a1880692&domain=nectarly.us,Deal,24bottles.com,https://24bottles.com/,"Home Goods",Kitchenware,2026-07-15,,,"multi country",,en,0
41385825,"2026_Summer Sale_798x90_V2_FR.png",,"Super Offer",,No,flexoffers,,https://24bottles.com/fr/,https://24bottles.com/fr/,https://24bottles.com/fr/,https://hst.tradedoubler.com/file/331194/common/g/7f45abd819f546a7f4a63fc11ce89d48.png,https://brandlogos.org/api/get/images/?brand=24bottles.com&size=[size]&format=[format]&token=ec67022f9829436786450c94497ba377bccf2e15cbef1792c09d9eb5a1880692&domain=nectarly.us,Deal,24bottles.com,https://24bottles.com/,"Home Goods",,2026-07-15,,,"multi country",,en,0
41385826,"2026_Summer Sale_1000x562_V3_FR.png",,"Hot Offer",,No,flexoffers,,https://24bottles.com/fr/,https://24bottles.com/fr/,https://24bottles.com/fr/,https://hst.tradedoubler.com/file/331194/common/g/438698c5fb9e3a4fdce14c1ad3217118.png,https://brandlogos.org/api/get/images/?brand=24bottles.com&size=[size]&format=[format]&token=ec67022f9829436786450c94497ba377bccf2e15cbef1792c09d9eb5a1880692&domain=nectarly.us,Deal,24bottles.com,https://24bottles.com/,"Home Goods",Kitchenware,2026-07-15,,,"multi country",,en,0
41385827,"2026_Summer Sale_798x90_V3_FR.png",,"Great Value",,No,flexoffers,,https://24bottles.com/fr/,https://24bottles.com/fr/,https://24bottles.com/fr/,https://hst.tradedoubler.com/file/331194/common/g/44812d411f625b89f44d182d5dce177c.png,https://brandlogos.org/api/get/images/?brand=24bottles.com&size=[size]&format=[format]&token=ec67022f9829436786450c94497ba377bccf2e15cbef1792c09d9eb5a1880692&domain=nectarly.us,Deal,24bottles.com,https://24bottles.com/,"Home Goods",Kitchenware,2026-07-15,,,"multi country",,en,0
41385828,"2026_Summer Sale_1000x562_V1_FR.png",,"Super Offer",,No,flexoffers,,https://24bottles.com/fr/,https://24bottles.com/fr/,https://24bottles.com/fr/,https://hst.tradedoubler.com/file/331194/common/g/08084abe6dca189b3bab9ac5030cbd89.png,https://brandlogos.org/api/get/images/?brand=24bottles.com&size=[size]&format=[format]&token=ec67022f9829436786450c94497ba377bccf2e15cbef1792c09d9eb5a1880692&domain=nectarly.us,Deal,24bottles.com,https://24bottles.com/,"Home Goods",Kitchenware,2026-07-15,,,"multi country",,en,0
41385829,"2026_Summer Sale_798x90_V4_FR.png",,"Save Big",,No,flexoffers,,https://24bottles.com/fr/,https://24bottles.com/fr/,https://24bottles.com/fr/,https://hst.tradedoubler.com/file/331194/common/g/4c46ccf775b3b0546d84c77141d20b98.png,https://brandlogos.org/api/get/images/?brand=24bottles.com&size=[size]&format=[format]&token=ec67022f9829436786450c94497ba377bccf2e15cbef1792c09d9eb5a1880692&domain=nectarly.us,Deal,24bottles.com,https://24bottles.com/,"Home Goods",Kitchenware,2026-07-15,,,"multi country",,en,0
41385830,"2026_Summer Sale_1000x562_V4_FR.png",,"Save Big",,No,flexoffers,,https://24bottles.com/fr/,https://24bottles.com/fr/,https://24bottles.com/fr/,https://hst.tradedoubler.com/file/331194/common/g/9cf0395acb7dab9f4bc82d0ed8a1fb5a.png,https://brandlogos.org/api/get/images/?brand=24bottles.com&size=[size]&format=[format]&token=ec67022f9829436786450c94497ba377bccf2e15cbef1792c09d9eb5a1880692&domain=nectarly.us,Deal,24bottles.com,https://24bottles.com/,"Home Goods",Kitchenware,2026-07-15,,,"multi country",,en,0
41385831,2024_24B_Tradedoubler_728x90_FR.png,,"Save Big",,No,flexoffers,,https://24bottles.com/fr/,https://24bottles.com/fr/,https://24bottles.com/fr/,https://hst.tradedoubler.com/file/331194/common/g/286e5d812528f7784656095d930acba4.png,https://brandlogos.org/api/get/images/?brand=24bottles.com&size=[size]&format=[format]&token=ec67022f9829436786450c94497ba377bccf2e15cbef1792c09d9eb5a1880692&domain=nectarly.us,Deal,24bottles.com,https://24bottles.com/,"Home Goods",Kitchenware,2025-11-11,,,"multi country",,en,0
41385832,2024_24B_Tradedoubler_300x250_FR.png,,"Great Value",,No,flexoffers,,https://24bottles.com/fr/,https://24bottles.com/fr/,https://24bottles.com/fr/,https://hst.tradedoubler.com/file/331194/common/g/c60aa1d7077e48e74d1bd8a1839002f8.png,https://brandlogos.org/api/get/images/?brand=24bottles.com&size=[size]&format=[format]&token=ec67022f9829436786450c94497ba377bccf2e15cbef1792c09d9eb5a1880692&domain=nectarly.us,Deal,24bottles.com,https://24bottles.com/,"Home Goods",Kitchenware,2025-11-11,,,"multi country",,en,0
41385833,ADV_HandleCollection_Tradedoubler_V4_FR.png,,"Great Value",,No,flexoffers,,https://24bottles.com/fr/,https://24bottles.com/fr/,https://24bottles.com/fr/,https://hst.tradedoubler.com/file/331194/common/g/6c08a9e8298bc2b015021171e9e8c7d2.png,https://brandlogos.org/api/get/images/?brand=24bottles.com&size=[size]&format=[format]&token=ec67022f9829436786450c94497ba377bccf2e15cbef1792c09d9eb5a1880692&domain=nectarly.us,Deal,24bottles.com,https://24bottles.com/,"Home Goods",Kitchenware,2025-10-27,,,"multi country",,en,0
41385834,ADV_HandleCollection_Tradedoubler_V2_FR.png,,"Great Value",,No,flexoffers,,https://24bottles.com/fr/,https://24bottles.com/fr/,https://24bottles.com/fr/,https://hst.tradedoubler.com/file/331194/common/g/cd7f65258abbcd9f6b44b7a37c373124.png,https://brandlogos.org/api/get/images/?brand=24bottles.com&size=[size]&format=[format]&token=ec67022f9829436786450c94497ba377bccf2e15cbef1792c09d9eb5a1880692&domain=nectarly.us,Deal,24bottles.com,https://24bottles.com/,"Home Goods",Kitchenware,2025-10-27,,,"multi country",,en,0
41385835,ADV_HandleCollection_Tradedoubler_V1_FR.png,,"Best Offer",,No,flexoffers,,https://24bottles.com/fr/,https://24bottles.com/fr/,https://24bottles.com/fr/,https://hst.tradedoubler.com/file/331194/common/g/caa046e84545e67d5c97f96db83e9e27.png,https://brandlogos.org/api/get/images/?brand=24bottles.com&size=[size]&format=[format]&token=ec67022f9829436786450c94497ba377bccf2e15cbef1792c09d9eb5a1880692&domain=nectarly.us,Deal,24bottles.com,https://24bottles.com/,"Home Goods",Kitchenware,2025-10-27,,,"multi country",,en,0
41385836,ADV_HandleCollection_Tradedoubler_V3_FR.png,,"Hot Offer",,No,flexoffers,,https://24bottles.com/fr/,https://24bottles.com/fr/,https://24bottles.com/fr/,https://hst.tradedoubler.com/file/331194/common/g/aed64bb581132806a36fd051b0ea0324.png,https://brandlogos.org/api/get/images/?brand=24bottles.com&size=[size]&format=[format]&token=ec67022f9829436786450c94497ba377bccf2e15cbef1792c09d9eb5a1880692&domain=nectarly.us,Deal,24bottles.com,https://24bottles.com/,"Home Goods",Kitchenware,2025-10-27,,,"multi country",,en,0
41385837,2024_24B_Tradedoubler_728x90_FR,,"Super Offer",,No,flexoffers,,https://24bottles.com/fr/,https://24bottles.com/fr/,https://24bottles.com/fr/,https://hst.tradedoubler.com/file/331194/guru-upload-1731681286176/2024_24B_Tradedoubler_728x90_FR.png,https://brandlogos.org/api/get/images/?brand=24bottles.com&size=[size]&format=[format]&token=ec67022f9829436786450c94497ba377bccf2e15cbef1792c09d9eb5a1880692&domain=nectarly.us,Deal,24bottles.com,https://24bottles.com/,"Home Goods",Kitchenware,2024-11-15,,,"multi country",,en,0
41385838,2024_24B_Tradedoubler_300x250_FR,,"Best Offer",,No,flexoffers,,https://24bottles.com/fr/,https://24bottles.com/fr/,https://24bottles.com/fr/,https://hst.tradedoubler.com/file/331194/guru-upload-1731681272810/2024_24B_Tradedoubler_300x250_FR.png,https://brandlogos.org/api/get/images/?brand=24bottles.com&size=[size]&format=[format]&token=ec67022f9829436786450c94497ba377bccf2e15cbef1792c09d9eb5a1880692&domain=nectarly.us,Deal,24bottles.com,https://24bottles.com/,"Home Goods",Kitchenware,2024-11-15,,,"multi country",,en,0
41385839,"HP textlink",,"Super Offer",,No,flexoffers,,https://24bottles.com/fr/,https://24bottles.com/fr/,https://24bottles.com/fr/,,https://brandlogos.org/api/get/images/?brand=24bottles.com&size=[size]&format=[format]&token=ec67022f9829436786450c94497ba377bccf2e15cbef1792c09d9eb5a1880692&domain=nectarly.us,Deal,24bottles.com,https://24bottles.com/,"Home Goods",Kitchenware,2022-07-15,,,"multi country",,en,0
41391793,"Get 15% Off on LINNER OTC hearing aids","Discount Classification: Entirestore, Discount Percent: 15,","15% off",LINNERPROMO15,No,brandreward,,https://www.linnerlife.com/,https://www.linnerlife.com/,https://www.linnerlife.com/,,https://brandlogos.org/api/get/images/?brand=1001canvas.com&size=[size]&format=[format]&token=66f2e9d34e70de3005112b34edf06f3750d4d0d16086339919c0bf86d3fa65d4&domain=nectarly.us,Code,1001canvas.com,https://1001canvas.com/,,,2024-07-16,,,"multi country",,en,2
41391795,"Get 20% Off on LINNER OTC hearing aids","Discount Classification: Entirestore, Discount Percent: 20,","20% off",LINNERPROMO20,No,brandreward,,https://www.linnerlife.com/,https://www.linnerlife.com/,https://www.linnerlife.com/,,https://brandlogos.org/api/get/images/?brand=1001canvas.com&size=[size]&format=[format]&token=66f2e9d34e70de3005112b34edf06f3750d4d0d16086339919c0bf86d3fa65d4&domain=nectarly.us,Code,1001canvas.com,https://1001canvas.com/,,,2024-07-16,,,"multi country",,en,2
41392650,"Save 10% on Select Styles from ET2 Lighting!",,"save 10%",,No,brandreward,,https://www.1800lighting.com/,https://www.1800lighting.com/,https://www.1800lighting.com/,http://www.brandreward.com/img/adv_logo/us-54389366233.jpeg,https://brandlogos.org/api/get/images/?brand=1800lighting.com&size=[size]&format=[format]&token=c08fd500ce324c098b120fd52511fa50b292217b2a82ee10012603650800f889&domain=nectarly.us,Deal,1800lighting.com,https://www.1800lighting.com/,Health,"Furniture and Decor",2026-09-11,2026-09-30,,"United States of America",US,en,0
41392651,"Save 10% on Select Styles from Maxim Lighting!",,"save 10%",,No,brandreward,,https://www.1800lighting.com/,https://www.1800lighting.com/,https://www.1800lighting.com/,http://www.brandreward.com/img/adv_logo/us-54389366233.jpeg,https://brandlogos.org/api/get/images/?brand=1800lighting.com&size=[size]&format=[format]&token=c08fd500ce324c098b120fd52511fa50b292217b2a82ee10012603650800f889&domain=nectarly.us,Deal,1800lighting.com,https://www.1800lighting.com/,Health,"Furniture and Decor",2026-09-11,2026-09-30,,"United States of America",US,en,0
